﻿<?xml version="1.0" encoding="utf-8"?>
<deployment>
  <id>4cf3c605d1654cd2a60bcdc3d5dc7091</id>
  <author>N/A</author>
  <deployer>ZipDeploy</deployer>
  <authorEmail>N/A</authorEmail>
  <message>Created via a push deployment</message>
  <progress></progress>
  <status>Success</status>
  <statusText></statusText>
  <lastSuccessEndTime>2025-08-01T10:41:59.4810293Z</lastSuccessEndTime>
  <receivedTime>2025-08-01T10:41:57.1495175Z</receivedTime>
  <startTime>2025-08-01T10:41:57.932752Z</startTime>
  <endTime>2025-08-01T10:41:59.4810293Z</endTime>
  <complete>True</complete>
  <is_temp>False</is_temp>
  <is_readonly>True</is_readonly>
  <project_type>Run-From-Zip</project_type>
  <vsproject_id></vsproject_id>
</deployment>