<step title="Incoming Request" date="2025-08-01T18:59:00.497" instance="59dc7f" url="/api/zipdeploy" method="POST" type="request" pid="7536,2,9" Content-Length="12012758" Content-Type="application/zip" Authorization="Bea..." Host="aitm-func-1753463791.scm.azurewebsites.net" If-Match="*" User-Agent="functions-core-tools/4.1.0" X-ARR-LOG-ID="434cd714-d075-4f74-b6e7-60ce7504ca90" CLIENT-IP="3.219.18.69:7494" X-SITE-DEPLOYMENT-ID="aitm-func-1753463791" WAS-DEFAULT-HOSTNAME="aitm-func-1753463791.scm.azurewebsites.net" X-Forwarded-Proto="https" X-AppService-Proto="https" X-Forwarded-TlsVersion="1.3" X-WAWS-Unencoded-URL="/api/zipdeploy" >
  <step title="ZipPushDeploy" date="2025-08-01T18:59:00.560" >
    <step title="Functions App ZipDeploy. Run from package. Ignore remote build." date="2025-08-01T18:59:00.607" /><!-- duration: 31ms -->
    <step title="Starting PushDeployAsync" date="2025-08-01T18:59:00.654" /><!-- duration: 16ms -->
    <step title="Updating shutdown sentinel last write time" date="2025-08-01T18:59:00.716" SemaphoreCount="7" /><!-- duration: 16ms -->
    <step title="LockFile &apos;C:\home\site\locks\deployments.lock&apos; acquired" date="2025-08-01T18:59:00.747" /><!-- duration: 31ms -->
    <step title="Deleting outdated zip file C:\home\data\SitePackages\20250801154151.zip" date="2025-08-01T18:59:00.810" /><!-- duration: 63ms -->
    <step title="Saving request content to C:\home\data\SitePackages\20250801185900.zip" date="2025-08-01T18:59:00.888" >
      <step title="Total 12,012,758 bytes written to C:\home\data\SitePackages\20250801185900.zip" date="2025-08-01T18:59:01.107" /><!-- duration: 16ms -->
    </step><!-- duration: 859ms -->
    <step title="LockFile &apos;C:\home\site\locks\deployments.lock&apos; released" date="2025-08-01T18:59:01.779" /><!-- duration: 31ms -->
    <step title="Deleting shutdown sentinel file" date="2025-08-01T18:59:01.841" SemaphoreCount="8" /><!-- duration: 31ms -->
    <step title="Starting FetchDeploy" date="2025-08-01T18:59:01.888" /><!-- duration: 31ms -->
    <step title="Attempting to fetch target branch HEAD" date="2025-08-01T18:59:01.935" /><!-- duration: 16ms -->
    <step title="Updating shutdown sentinel last write time" date="2025-08-01T18:59:01.997" SemaphoreCount="7" /><!-- duration: 16ms -->
    <step title="LockFile &apos;C:\home\site\locks\deployments.lock&apos; acquired" date="2025-08-01T18:59:02.029" /><!-- duration: 33ms -->
    <step title="Performing fetch based deployment" date="2025-08-01T18:59:02.075" >
      <step title="Creating temporary deployment" date="2025-08-01T18:59:02.107" /><!-- duration: 125ms -->
      <step title="Fetching changes." date="2025-08-01T18:59:02.419" /><!-- duration: 32ms -->
      <step title="Starting LocalZipHandler" date="2025-08-01T18:59:02.482" /><!-- duration: 16ms -->
      <step title="Starting ExtractTriggers" date="2025-08-01T18:59:02.529" /><!-- duration: 16ms -->
      <step title="None repository commit" date="2025-08-01T18:59:02.685" >
        <step title="Commit id: 357950570ecc4209b358b7ba2dd70a73" date="2025-08-01T18:59:02.700" Message="Created via a push deployment" AuthorName="N/A" AuthorEmail="N/A" /><!-- duration: 16ms -->
      </step><!-- duration: 47ms -->
      <step title="Before sending BuildRequestReceived status to /api/updatedeploystatus" date="2025-08-01T18:59:02.747" /><!-- duration: 16ms -->
      <step title="DeploymentManager.Deploy(id:357950570ecc4209b358b7ba2dd70a73)" date="2025-08-01T18:59:02.794" >
        <step title="Collecting changeset information" date="2025-08-01T18:59:02.825" /><!-- duration: 203ms -->
        <step title="Updating submodules" date="2025-08-01T18:59:03.060" >
          <step title="Updating submodules." date="2025-08-01T18:59:03.247" /><!-- duration: 16ms -->
        </step><!-- duration: 250ms -->
        <step title="Preparing deployment for commit id &apos;357950570e&apos;." date="2025-08-01T18:59:03.513" /><!-- duration: 16ms -->
        <step title="Determining deployment builder" date="2025-08-01T18:59:03.716" >
          <step title="Builder is RunFromZipSiteBuilder" date="2025-08-01T18:59:03.732" /><!-- duration: 31ms -->
        </step><!-- duration: 62ms -->
        <step title="Copying SSH keys" date="2025-08-01T18:59:03.857" /><!-- duration: 31ms -->
        <step title="Building" date="2025-08-01T18:59:03.904" >
          <step title="Skipping build. Project type: Run-From-Zip" date="2025-08-01T18:59:04.091" /><!-- duration: 31ms -->
          <step title="Skipping post build. Project type: Run-From-Zip" date="2025-08-01T18:59:04.310" /><!-- duration: 16ms -->
          <step title="Triggering recycle (preview mode disabled)." date="2025-08-01T18:59:04.544" /><!-- duration: 16ms -->
          <step title="Ignoring FS watcher based recycle request as this is a classic Windows app." date="2025-08-01T18:59:04.607" /><!-- duration: 16ms -->
          <step title="Deployment successful. DEPLOYMENTINFO: deploymentPath = Functions App ZipDeploy. Run from package. Ignore remote build., deployer = ZipDeploy, os = windows, sku = Dynamic, language = node, siteName = aitm-func-1753463791, slotName = Production, siteHostName = aitm-func-1753463791.azurewebsites.net, deploymentStatus = Success" date="2025-08-01T18:59:04.810" /><!-- duration: 16ms -->
          <step title="Purge deployment items" date="2025-08-01T18:59:05.419" >
            <step title="Remove fde91b804, Success, received at 8/1/2025 6:10:27 PM" date="2025-08-01T18:59:05.732" /><!-- duration: 16ms -->
          </step><!-- duration: 344ms -->
        </step><!-- duration: 1953ms -->
      </step><!-- duration: 3078ms -->
      <step title="Cleaning up temp files" date="2025-08-01T18:59:05.888" /><!-- duration: 16ms -->
      <step title="Updating C:\home\data\SitePackages\packagename.txt with deployment 20250801185900.zip" date="2025-08-01T18:59:05.935" /><!-- duration: 47ms -->
      <step title="Begin HttpPost https://aitm-func-1753463791.scm.azurewebsites.net/operations/settriggers, x-ms-request-id: 434cd714-d075-4f74-b6e7-60ce7504ca90" date="2025-08-01T18:59:06.013" /><!-- duration: 31ms -->
      <step title="End HttpPost, status: OK" date="2025-08-01T18:59:06.185" /><!-- duration: 16ms -->
      <step title="Scheduling background sync triggers after delay" date="2025-08-01T18:59:06.216" /><!-- duration: 16ms -->
    </step><!-- duration: 4344ms -->
    <step title="LockFile &apos;C:\home\site\locks\deployments.lock&apos; released" date="2025-08-01T18:59:06.450" /><!-- duration: 16ms -->
  </step><!-- duration: 5953ms -->
  <step title="Outgoing response" date="2025-08-01T18:59:06.529" type="response" statusCode="200" statusText="OK" Server="Microsoft-IIS/10.0" x-ms-request-id="434cd714-d075-4f74-b6e7-60ce7504ca90" Cache-Control="private" X-AspNet-Version="4.0.30319" /><!-- duration: 16ms -->
</step><!-- duration: 6078ms -->
