<step title="Incoming Request" date="2025-08-01T20:36:05.542" instance="97f57f" url="/api/zipdeploy" method="POST" type="request" pid="3716,2,8" Content-Length="4385635" Content-Type="application/zip" Authorization="Bea..." Host="aitm-func-1753463791.scm.azurewebsites.net" If-Match="*" User-Agent="functions-core-tools/4.1.0" X-ARR-LOG-ID="e5463783-203a-4cb7-9c0f-070d12f23b55" CLIENT-IP="18.214.4.144:1709" X-SITE-DEPLOYMENT-ID="aitm-func-1753463791" WAS-DEFAULT-HOSTNAME="aitm-func-1753463791.scm.azurewebsites.net" X-Forwarded-Proto="https" X-AppService-Proto="https" X-Forwarded-TlsVersion="1.3" X-WAWS-Unencoded-URL="/api/zipdeploy" >
  <step title="ZipPushDeploy" date="2025-08-01T20:36:05.620" >
    <step title="Functions App ZipDeploy. Run from package. Ignore remote build." date="2025-08-01T20:36:05.652" /><!-- duration: 31ms -->
    <step title="Starting PushDeployAsync" date="2025-08-01T20:36:05.714" /><!-- duration: 31ms -->
    <step title="Updating shutdown sentinel last write time" date="2025-08-01T20:36:05.824" SemaphoreCount="7" /><!-- duration: 16ms -->
    <step title="LockFile &apos;C:\home\site\locks\deployments.lock&apos; acquired" date="2025-08-01T20:36:05.870" /><!-- duration: 16ms -->
    <step title="Deleting outdated zip file C:\home\data\SitePackages\20250801185900.zip" date="2025-08-01T20:36:05.933" /><!-- duration: 47ms -->
    <step title="Saving request content to C:\home\data\SitePackages\20250801203605.zip" date="2025-08-01T20:36:06.011" >
      <step title="Total 4,385,635 bytes written to C:\home\data\SitePackages\20250801203605.zip" date="2025-08-01T20:36:06.136" /><!-- duration: 31ms -->
    </step><!-- duration: 444ms -->
    <step title="LockFile &apos;C:\home\site\locks\deployments.lock&apos; released" date="2025-08-01T20:36:06.487" /><!-- duration: 31ms -->
    <step title="Deleting shutdown sentinel file" date="2025-08-01T20:36:06.565" SemaphoreCount="8" /><!-- duration: 32ms -->
    <step title="Starting FetchDeploy" date="2025-08-01T20:36:06.627" /><!-- duration: 16ms -->
    <step title="Attempting to fetch target branch HEAD" date="2025-08-01T20:36:06.674" /><!-- duration: 31ms -->
    <step title="Updating shutdown sentinel last write time" date="2025-08-01T20:36:06.752" SemaphoreCount="7" /><!-- duration: 31ms -->
    <step title="LockFile &apos;C:\home\site\locks\deployments.lock&apos; acquired" date="2025-08-01T20:36:06.940" /><!-- duration: 31ms -->
    <step title="Performing fetch based deployment" date="2025-08-01T20:36:07.002" >
      <step title="Creating temporary deployment" date="2025-08-01T20:36:07.034" /><!-- duration: 187ms -->
      <step title="Fetching changes." date="2025-08-01T20:36:07.456" /><!-- duration: 31ms -->
      <step title="Starting LocalZipHandler" date="2025-08-01T20:36:07.534" /><!-- duration: 31ms -->
      <step title="Starting ExtractTriggers" date="2025-08-01T20:36:07.596" /><!-- duration: 31ms -->
      <step title="None repository commit" date="2025-08-01T20:36:07.737" >
        <step title="Commit id: 776d70e8958e471b973d58afc79d4807" date="2025-08-01T20:36:07.768" Message="Created via a push deployment" AuthorName="N/A" AuthorEmail="N/A" /><!-- duration: 63ms -->
      </step><!-- duration: 109ms -->
      <step title="Before sending BuildRequestReceived status to /api/updatedeploystatus" date="2025-08-01T20:36:07.877" /><!-- duration: 31ms -->
      <step title="DeploymentManager.Deploy(id:776d70e8958e471b973d58afc79d4807)" date="2025-08-01T20:36:07.940" >
        <step title="Collecting changeset information" date="2025-08-01T20:36:07.987" /><!-- duration: 203ms -->
        <step title="Updating submodules" date="2025-08-01T20:36:08.221" >
          <step title="Updating submodules." date="2025-08-01T20:36:08.502" /><!-- duration: 31ms -->
        </step><!-- duration: 375ms -->
        <step title="Preparing deployment for commit id &apos;776d70e895&apos;." date="2025-08-01T20:36:08.846" /><!-- duration: 16ms -->
        <step title="Determining deployment builder" date="2025-08-01T20:36:09.127" >
          <step title="Builder is RunFromZipSiteBuilder" date="2025-08-01T20:36:09.159" /><!-- duration: 47ms -->
        </step><!-- duration: 94ms -->
        <step title="Copying SSH keys" date="2025-08-01T20:36:09.346" /><!-- duration: 31ms -->
        <step title="Building" date="2025-08-01T20:36:09.409" >
          <step title="Skipping build. Project type: Run-From-Zip" date="2025-08-01T20:36:09.659" /><!-- duration: 16ms -->
          <step title="Skipping post build. Project type: Run-From-Zip" date="2025-08-01T20:36:09.940" /><!-- duration: 31ms -->
          <step title="Triggering recycle (preview mode disabled)." date="2025-08-01T20:36:10.237" /><!-- duration: 16ms -->
          <step title="Ignoring FS watcher based recycle request as this is a classic Windows app." date="2025-08-01T20:36:10.299" /><!-- duration: 31ms -->
          <step title="Deployment successful. DEPLOYMENTINFO: deploymentPath = Functions App ZipDeploy. Run from package. Ignore remote build., deployer = ZipDeploy, os = windows, sku = Dynamic, language = node, siteName = aitm-func-1753463791, slotName = Production, siteHostName = aitm-func-1753463791.azurewebsites.net, deploymentStatus = Success" date="2025-08-01T20:36:10.565" /><!-- duration: 16ms -->
          <step title="Purge deployment items" date="2025-08-01T20:36:11.362" >
            <step title="Remove a33bd6011, Success, received at 8/1/2025 6:19:47 PM" date="2025-08-01T20:36:11.737" /><!-- duration: 31ms -->
          </step><!-- duration: 422ms -->
        </step><!-- duration: 2484ms -->
      </step><!-- duration: 3984ms -->
      <step title="Cleaning up temp files" date="2025-08-01T20:36:11.940" /><!-- duration: 31ms -->
      <step title="Updating C:\home\data\SitePackages\packagename.txt with deployment 20250801203605.zip" date="2025-08-01T20:36:12.002" /><!-- duration: 64ms -->
      <step title="Begin HttpPost https://aitm-func-1753463791.scm.azurewebsites.net/operations/settriggers, x-ms-request-id: e5463783-203a-4cb7-9c0f-070d12f23b55" date="2025-08-01T20:36:12.112" /><!-- duration: 31ms -->
      <step title="End HttpPost, status: OK" date="2025-08-01T20:36:12.299" /><!-- duration: 31ms -->
      <step title="Scheduling background sync triggers after delay" date="2025-08-01T20:36:12.346" /><!-- duration: 31ms -->
    </step><!-- duration: 5656ms -->
    <step title="LockFile &apos;C:\home\site\locks\deployments.lock&apos; released" date="2025-08-01T20:36:12.706" /><!-- duration: 31ms -->
  </step><!-- duration: 7241ms -->
  <step title="Outgoing response" date="2025-08-01T20:36:12.877" type="response" statusCode="200" statusText="OK" Server="Microsoft-IIS/10.0" x-ms-request-id="e5463783-203a-4cb7-9c0f-070d12f23b55" Cache-Control="private" X-AspNet-Version="4.0.30319" /><!-- duration: 31ms -->
</step><!-- duration: 7382ms -->
