<step title="Incoming Request" date="2025-08-01T17:42:38.390" instance="a26e13" url="/api/zipdeploy" method="POST" type="request" pid="3528,2,9" Content-Length="12095191" Content-Type="application/zip" Authorization="Bea..." Host="aitm-func-1753463791.scm.azurewebsites.net" If-Match="*" User-Agent="functions-core-tools/4.1.0" X-ARR-LOG-ID="c504eda3-d7f0-4635-b330-1d630af852a1" CLIENT-IP="54.85.64.19:5590" X-SITE-DEPLOYMENT-ID="aitm-func-1753463791" WAS-DEFAULT-HOSTNAME="aitm-func-1753463791.scm.azurewebsites.net" X-Forwarded-Proto="https" X-AppService-Proto="https" X-Forwarded-TlsVersion="1.3" X-WAWS-Unencoded-URL="/api/zipdeploy" >
  <step title="ZipPushDeploy" date="2025-08-01T17:42:38.608" >
    <step title="Functions App ZipDeploy. Extract zip. Remote build. " date="2025-08-01T17:42:38.640" /><!-- duration: 31ms -->
    <step title="Starting PushDeployAsync" date="2025-08-01T17:42:38.702" /><!-- duration: 16ms -->
    <step title="Updating shutdown sentinel last write time" date="2025-08-01T17:42:38.843" SemaphoreCount="7" /><!-- duration: 31ms -->
    <step title="LockFile &apos;C:\home\site\locks\deployments.lock&apos; acquired" date="2025-08-01T17:42:38.890" /><!-- duration: 16ms -->
    <step title="Saving request content to C:\local\Temp\zipdeploy\ckyrlylm.zip" date="2025-08-01T17:42:38.936" >
      <step title="Total 12,095,191 bytes written to C:\local\Temp\zipdeploy\ckyrlylm.zip" date="2025-08-01T17:42:39.046" /><!-- duration: 31ms -->
    </step><!-- duration: 156ms -->
    <step title="LockFile &apos;C:\home\site\locks\deployments.lock&apos; released" date="2025-08-01T17:42:39.124" /><!-- duration: 31ms -->
    <step title="Deleting shutdown sentinel file" date="2025-08-01T17:42:39.202" SemaphoreCount="8" /><!-- duration: 16ms -->
    <step title="Starting FetchDeploy" date="2025-08-01T17:42:39.249" /><!-- duration: 16ms -->
    <step title="Attempting to fetch target branch HEAD" date="2025-08-01T17:42:39.296" /><!-- duration: 16ms -->
    <step title="Updating shutdown sentinel last write time" date="2025-08-01T17:42:39.390" SemaphoreCount="7" /><!-- duration: 31ms -->
    <step title="LockFile &apos;C:\home\site\locks\deployments.lock&apos; acquired" date="2025-08-01T17:42:39.436" /><!-- duration: 31ms -->
    <step title="Performing fetch based deployment" date="2025-08-01T17:42:39.483" >
      <step title="Creating temporary deployment" date="2025-08-01T17:42:39.515" /><!-- duration: 172ms -->
      <step title="Fetching changes." date="2025-08-01T17:42:40.015" /><!-- duration: 16ms -->
      <step title="Starting LocalZipHandler" date="2025-08-01T17:42:40.077" /><!-- duration: 31ms -->
      <step title="Starting LocalZipFetch" date="2025-08-01T17:42:40.124" /><!-- duration: 16ms -->
      <step title="Cleaning up temp folders from previous zip deployments and extracting pushed zip file C:\local\Temp\zipdeploy\ckyrlylm.zip (11.53 MB) to C:\local\Temp\zipdeploy\extracted" date="2025-08-01T17:42:40.186" /><!-- duration: 47ms -->
      <step title="Cleaning up temp folders from previous zip deployments and extracting pushed zip file C:\local\Temp\zipdeploy\ckyrlylm.zip (11.53 MB) to C:\local\Temp\zipdeploy\extracted" date="2025-08-01T17:42:40.280" >
        <step title="Extracting 1134 entries to C:\local\Temp\zipdeploy\extracted directory" date="2025-08-01T17:42:40.311" >
          <step title="Extracting to C:\local\Temp\zipdeploy\extracted\logs_white_page.zip ..." date="2025-08-01T17:42:40.327" /><!-- duration: 31ms -->
          <step title="Extracting to C:\local\Temp\zipdeploy\extracted\latest_phishlet_logs.zip ..." date="2025-08-01T17:42:40.374" /><!-- duration: 31ms -->
          <step title="Extracting to C:\local\Temp\zipdeploy\extracted\package-lock.json ..." date="2025-08-01T17:42:40.436" /><!-- duration: 16ms -->
          <step title="Extracting to C:\local\Temp\zipdeploy\extracted\evilginx-debug-latest.zip ..." date="2025-08-01T17:42:40.483" /><!-- duration: 16ms -->
          <step title="Extracting to C:\local\Temp\zipdeploy\extracted\headers2.txt ..." date="2025-08-01T17:42:40.530" /><!-- duration: 16ms -->
          <step title="Omitting extracting file traces ..." date="2025-08-01T17:42:40.577" /><!-- duration: 16ms -->
          <step title="Extracting to C:\local\Temp\zipdeploy\extracted\LogFiles\DetailedErrors\ErrorPage000035.htm ..." date="2025-08-01T17:42:41.546" /><!-- duration: 31ms -->
          <step title="Extracting to C:\local\Temp\zipdeploy\extracted\LogFiles\DetailedErrors\ErrorPage000033.htm ..." date="2025-08-01T17:42:41.593" /><!-- duration: 16ms -->
          <step title="Extracting to C:\local\Temp\zipdeploy\extracted\LogFiles\DetailedErrors\ErrorPage000036.htm ..." date="2025-08-01T17:42:41.640" /><!-- duration: 16ms -->
          <step title="Extracting to C:\local\Temp\zipdeploy\extracted\LogFiles\DetailedErrors\ErrorPage000020.htm ..." date="2025-08-01T17:42:41.686" /><!-- duration: 16ms -->
          <step title="Extracting to C:\local\Temp\zipdeploy\extracted\LogFiles\DetailedErrors\ErrorPage000028.htm ..." date="2025-08-01T17:42:41.718" /><!-- duration: 16ms -->
        </step><!-- duration: 1453ms -->
      </step><!-- duration: 1500ms -->
      <step title="None repository commit" date="2025-08-01T17:42:41.796" >
        <step title="Commit id: c8aabd7fa55c47df9393eeb1a14961e0" date="2025-08-01T17:42:41.811" Message="Created via a push deployment" AuthorName="N/A" AuthorEmail="N/A" /><!-- duration: 31ms -->
      </step><!-- duration: 62ms -->
      <step title="Before sending BuildRequestReceived status to /api/updatedeploystatus" date="2025-08-01T17:42:41.890" /><!-- duration: 16ms -->
      <step title="DeploymentManager.Deploy(id:c8aabd7fa55c47df9393eeb1a14961e0)" date="2025-08-01T17:42:41.936" >
        <step title="Collecting changeset information" date="2025-08-01T17:42:41.983" /><!-- duration: 187ms -->
        <step title="Updating submodules" date="2025-08-01T17:42:42.218" >
          <step title="Updating submodules." date="2025-08-01T17:42:42.421" /><!-- duration: 33ms -->
        </step><!-- duration: 281ms -->
        <step title="Preparing deployment for commit id &apos;c8aabd7fa5&apos;." date="2025-08-01T17:42:42.811" /><!-- duration: 31ms -->
        <step title="Determining deployment builder" date="2025-08-01T17:42:43.077" >
          <step title="UseMSBuild16: True" date="2025-08-01T17:42:43.093" /><!-- duration: 31ms -->
          <step title="Builder is FunctionBasicBuilder" date="2025-08-01T17:42:43.186" /><!-- duration: 31ms -->
        </step><!-- duration: 156ms -->
        <step title="Copying SSH keys" date="2025-08-01T17:42:43.343" /><!-- duration: 62ms -->
        <step title="Building" date="2025-08-01T17:42:43.421" >
          <step title="Generating deployment script." date="2025-08-01T17:42:43.655" /><!-- duration: 16ms -->
          <step title="Generating deployment script" date="2025-08-01T17:42:43.733" >
            <step title="Using the following command to generate deployment script: &apos;azure site deploymentscript -y --no-dot-deployment -r &quot;C:\local\Temp\zipdeploy\extracted&quot; -o &quot;C:\home\site\deployments\tools&quot; --functionApp --sitePath &quot;C:\local\Temp\zipdeploy\extracted&quot;&apos;." date="2025-08-01T17:42:43.811" /><!-- duration: 16ms -->
            <step title="Executing external process" date="2025-08-01T17:42:43.890" type="process" path="starter.cmd" arguments="&quot;C:\Program Files (x86)\SiteExtensions\Kudu\2025.06.2.6\bin\node_modules\.bin\kuduscript.cmd&quot; -y --no-dot-deployment -r &quot;C:\local\Temp\zipdeploy\extracted&quot; -o &quot;C:\home\site\deployments\tools&quot; --functionApp --sitePath &quot;C:\local\Temp\zipdeploy\extracted&quot;" >
              <step title="Generating deployment script for function App" date="2025-08-01T17:42:44.187" /><!-- duration: 30ms -->
              <step title="Generated deployment script files" date="2025-08-01T17:42:44.280" /><!-- duration: 31ms -->
            </step><!-- duration: 500ms -->
            <step title="Saved cached version of the deployment script for command -y --no-dot-deployment -r &quot;C:\local\Temp\zipdeploy\extracted&quot; -o &quot;C:\home\site\deployments\tools&quot; --functionApp --sitePath &quot;C:\local\Temp\zipdeploy\extracted&quot;" date="2025-08-01T17:42:44.436" /><!-- duration: 16ms -->
          </step><!-- duration: 750ms -->
          <step title="Running deployment command..." date="2025-08-01T17:42:44.671" /><!-- duration: 16ms -->
          <step title="Command: &quot;C:\home\site\deployments\tools\deploy.cmd&quot;" date="2025-08-01T17:42:44.765" /><!-- duration: 16ms -->
          <step title="Executing external process" date="2025-08-01T17:42:44.827" type="process" path="starter.cmd" arguments="&quot;C:\home\site\deployments\tools\deploy.cmd&quot;" >
            <step title="Handling function App deployment." date="2025-08-01T17:42:45.406" /><!-- duration: 16ms -->
            <step title="Not using funcpack because SCM_USE_FUNCPACK is not set to 1" date="2025-08-01T17:42:45.485" /><!-- duration: 16ms -->
            <step title="Installing function extensions from nuget" date="2025-08-01T17:42:45.578" /><!-- duration: 16ms -->
            <step title="Creating app_offline.htm" date="2025-08-01T17:42:46.531" /><!-- duration: 31ms -->
            <step title="KuduSync.NET from: &apos;C:\local\Temp\zipdeploy\extracted&apos; to: &apos;C:\home\site\wwwroot&apos;" date="2025-08-01T17:42:46.625" /><!-- duration: 16ms -->
            <step title="Copying file: &apos;aitm-function-working-revert.zip&apos;" date="2025-08-01T17:42:46.703" /><!-- duration: 16ms -->
            <step title="Copying file: &apos;azuredeploy.json&apos;" date="2025-08-01T17:42:46.828" /><!-- duration: 16ms -->
            <step title="Copying file: &apos;cookies.html&apos;" date="2025-08-01T17:42:46.906" /><!-- duration: 31ms -->
            <step title="Copying file: &apos;debug-redirect-logs.zip&apos;" date="2025-08-01T17:42:46.985" /><!-- duration: 31ms -->
            <step title="Copying file: &apos;debug_logs.zip&apos;" date="2025-08-01T17:42:47.080" /><!-- duration: 14ms -->
            <step title="Copying file: &apos;evilginx-debug-latest.zip&apos;" date="2025-08-01T17:42:47.172" /><!-- duration: 16ms -->
            <step title="Copying file: &apos;evilginx-test-logs.zip&apos;" date="2025-08-01T17:42:47.250" /><!-- duration: 16ms -->
            <step title="Copying file: &apos;evilginx_logs.zip&apos;" date="2025-08-01T17:42:47.328" /><!-- duration: 35ms -->
            <step title="Copying file: &apos;headers.txt&apos;" date="2025-08-01T17:42:47.408" /><!-- duration: 31ms -->
            <step title="Copying file: &apos;headers2.txt&apos;" date="2025-08-01T17:42:47.502" /><!-- duration: 17ms -->
            <step title="Copying file: &apos;host.json&apos;" date="2025-08-01T17:42:47.597" /><!-- duration: 16ms -->
            <step title="Copying file: &apos;latest_logs.zip&apos;" date="2025-08-01T17:42:47.675" /><!-- duration: 31ms -->
            <step title="Copying file: &apos;latest_phishlet_logs.zip&apos;" date="2025-08-01T17:42:47.784" /><!-- duration: 31ms -->
            <step title="Copying file: &apos;logs.zip&apos;" date="2025-08-01T17:42:47.878" /><!-- duration: 16ms -->
            <step title="Copying file: &apos;logs_white_page.zip&apos;" date="2025-08-01T17:42:47.956" /><!-- duration: 16ms -->
            <step title="Copying file: &apos;package-lock.json&apos;" date="2025-08-01T17:42:48.050" /><!-- duration: 47ms -->
            <step title="Copying file: &apos;package.json&apos;" date="2025-08-01T17:42:48.191" /><!-- duration: 16ms -->
            <step title="Copying file: &apos;README.md&apos;" date="2025-08-01T17:42:48.269" /><!-- duration: 16ms -->
            <step title="Copying file: &apos;response.txt&apos;" date="2025-08-01T17:42:48.347" /><!-- duration: 31ms -->
            <step title="Copying file: &apos;response2.txt&apos;" date="2025-08-01T17:42:48.441" /><!-- duration: 31ms -->
            <step title="Copying file: &apos;revert-to-working.zip&apos;" date="2025-08-01T17:42:48.535" /><!-- duration: 34ms -->
            <step title="Copying file: &apos;365-Stealer\.htaccess&apos;" date="2025-08-01T17:42:48.614" /><!-- duration: 31ms -->
            <step title="Copying file: &apos;365-Stealer\365-Stealer.py&apos;" date="2025-08-01T17:42:48.724" /><!-- duration: 16ms -->
            <step title="Copying file: &apos;365-Stealer\API-Permissions.json&apos;" date="2025-08-01T17:42:48.786" /><!-- duration: 31ms -->
            <step title="Copying file: &apos;365-Stealer\app_registration.py&apos;" date="2025-08-01T17:42:48.864" /><!-- duration: 16ms -->
            <step title="Copying file: &apos;365-Stealer\database.db&apos;" date="2025-08-01T17:42:48.942" /><!-- duration: 16ms -->
            <step title="Copying file: &apos;365-Stealer\LICENSE&apos;" date="2025-08-01T17:42:49.021" /><!-- duration: 47ms -->
            <step title="Copying file: &apos;365-Stealer\outlook-rules.json&apos;" date="2025-08-01T17:42:49.130" /><!-- duration: 31ms -->
            <step title="Copying file: &apos;365-Stealer\README.md&apos;" date="2025-08-01T17:42:49.243" /><!-- duration: 31ms -->
            <step title="Copying file: &apos;365-Stealer\requirements.txt&apos;" date="2025-08-01T17:42:49.337" /><!-- duration: 94ms -->
            <step title="Copying file: &apos;365-Stealer\send-mail.json&apos;" date="2025-08-01T17:42:49.525" /><!-- duration: 31ms -->
            <step title="Copying file: &apos;365-Stealer\server.cert&apos;" date="2025-08-01T17:42:49.618" /><!-- duration: 16ms -->
            <step title="Copying file: &apos;365-Stealer\server.key&apos;" date="2025-08-01T17:42:49.696" /><!-- duration: 31ms -->
            <step title="Copying file: &apos;365-Stealer\Images\365-Stealers.png&apos;" date="2025-08-01T17:42:49.790" /><!-- duration: 31ms -->
            <step title="Copying file: &apos;365-Stealer\Images\365-Stetaler-home-page.png&apos;" date="2025-08-01T17:42:49.868" /><!-- duration: 31ms -->
            <step title="Copying file: &apos;365-Stealer\Images\API-Permissions.png&apos;" date="2025-08-01T17:42:49.946" /><!-- duration: 125ms -->
            <step title="Copying file: &apos;365-Stealer\Images\Management-config-1.png&apos;" date="2025-08-01T17:42:50.118" /><!-- duration: 78ms -->
            <step title="Copying file: &apos;365-Stealer\Images\Management-config-2.png&apos;" date="2025-08-01T17:42:50.259" /><!-- duration: 47ms -->
            <step title="Copying file: &apos;365-Stealer\Images\management-config-3.png&apos;" date="2025-08-01T17:42:50.353" /><!-- duration: 31ms -->
            <step title="Copying file: &apos;365-Stealer\Images\registration.png&apos;" date="2025-08-01T17:42:50.431" /><!-- duration: 31ms -->
            <step title="Copying file: &apos;365-Stealer\Images\registration1.png&apos;" date="2025-08-01T17:42:50.525" /><!-- duration: 16ms -->
            <step title="Copying file: &apos;365-Stealer\Images\secrets.png&apos;" date="2025-08-01T17:42:50.587" /><!-- duration: 31ms -->
            <step title="Copying file: &apos;365-Stealer\Images\twitter-icon.png&apos;" date="2025-08-01T17:42:50.665" /><!-- duration: 31ms -->
            <step title="Copying file: &apos;365-Stealer\static\assets\css\logo.css&apos;" date="2025-08-01T17:42:50.743" /><!-- duration: 31ms -->
            <step title="Copying file: &apos;365-Stealer\static\assets\css\style.css&apos;" date="2025-08-01T17:42:50.821" /><!-- duration: 31ms -->
            <step title="Copying file: &apos;365-Stealer\static\assets\img\365-Stealer.png&apos;" date="2025-08-01T17:42:50.915" /><!-- duration: 16ms -->
            <step title="Copying file: &apos;365-Stealer\static\assets\img\365_Stealer_.png&apos;" date="2025-08-01T17:42:50.993" /><!-- duration: 16ms -->
            <step title="Copying file: &apos;365-Stealer\static\assets\img\about.jpg&apos;" date="2025-08-01T17:42:51.071" /><!-- duration: 16ms -->
            <step title="Omitting next output lines..." date="2025-08-01T17:42:51.165" /><!-- duration: 31ms -->
            <step title="Processed 486 files..." date="2025-08-01T17:43:07.496" /><!-- duration: 31ms -->
            <step title="Processed 933 files..." date="2025-08-01T17:43:27.519" /><!-- duration: 31ms -->
            <step title="Restoring npm packages in &quot;C:\home\site\wwwroot&quot;" date="2025-08-01T17:43:37.381" /><!-- duration: 16ms -->
            <step title="npm warn config production Use `--omit=dev` instead." date="2025-08-01T17:43:37.943" /><!-- duration: 31ms -->
            <step title="npm notice" date="2025-08-01T17:43:40.350" /><!-- duration: 31ms -->
"up to date, audited 29 packages in 2s" date="2025-08-01T17:43:40.381" /><!-- duration: 16ms -->
            <step title="npm notice New major version of npm available! 10.8.2 -&gt; 11.5.2" date="2025-08-01T17:43:40.444" /><!-- duration: 16ms -->
            <step title="6 packages are looking for funding" date="2025-08-01T17:43:40.506"             <step title="npm notice Changelog: https://github.com/npm/cli/releases/tag/v11.5.2" date="2025-08-01T17:43:40.522" /><!-- duration: 16ms -->
/><!-- duration: 47ms -->
            <step title="  run `npm fund` for details" date="2025-08-01T17:43:40.600" >
            <step title="npm notice To update run: npm install -g npm@11.5.2" date="2025-08-01T17:43:40.631" /><!-- duration: 31ms -->
/><!-- duration: 16ms -->
            <step title="npm notice" date="2025-08-01T17:43:40.709" /><!-- duration: 31ms -->
            <step title="3 vulnerabilities (2 low, 1 moderate)" date="2025-08-01T17:43:40.787"             <step title="npm warn config production Use `--omit=dev` instead." date="2025-08-01T17:43:40.803" /><!-- duration: 31ms -->
/><!-- duration: 47ms -->
            <step title="To address all issues, run:" date="2025-08-01T17:43:40.975" /><!-- duration: 125ms -->
            <step title="  npm audit fix" date="2025-08-01T17:43:41.162" /><!-- duration: 31ms -->
            <step title="Run `npm audit` for details." date="2025-08-01T17:43:41.319" /><!-- duration: 16ms -->
            <step title="added 28 packages, and audited 29 packages in 14s" date="2025-08-01T17:43:54.315" /><!-- duration: 47ms -->
            <step title="6 packages are looking for funding" date="2025-08-01T17:43:54.471" /><!-- duration: 16ms -->
            <step title="  run `npm fund` for details" date="2025-08-01T17:43:54.549" /><!-- duration: 31ms -->
            <step title="found 0 vulnerabilities" date="2025-08-01T17:43:54.690" /><!-- duration: 16ms -->
            <step title="Finished successfully." date="2025-08-01T17:43:54.784" /><!-- duration: 16ms -->
          </step><!-- duration: 70019ms -->
          <step title="Running post deployment command(s)..." date="2025-08-01T17:43:55.066" /><!-- duration: 30ms -->
          <step title="Triggering recycle (preview mode disabled)." date="2025-08-01T17:43:55.330" /><!-- duration: 31ms -->
          <step title="Ignoring FS watcher based recycle request as this is a classic Windows app." date="2025-08-01T17:43:55.393" /><!-- duration: 31ms -->
          <step title="Deployment successful. DEPLOYMENTINFO: deploymentPath = Functions App ZipDeploy. Extract zip. Remote build. , deployer = ZipDeploy, os = windows, sku = Dynamic, language = node, siteName = aitm-func-1753463791, slotName = Production, siteHostName = aitm-func-1753463791.azurewebsites.net, deploymentStatus = Success" date="2025-08-01T17:43:55.627" /><!-- duration: 31ms -->
          <step title="Purge deployment items" date="2025-08-01T17:43:56.471" >
            <step title="Remove 95aa3e4d7, Success, received at 8/1/2025 2:22:53 PM" date="2025-08-01T17:43:56.737" /><!-- duration: 31ms -->
          </step><!-- duration: 313ms -->
        </step><!-- duration: 73456ms -->
      </step><!-- duration: 74956ms -->
      <step title="Cleaning up temp files" date="2025-08-01T17:43:56.924" /><!-- duration: 16ms -->
      <step title="Begin HttpPost https://aitm-func-1753463791.scm.azurewebsites.net/operations/settriggers, x-ms-request-id: c504eda3-d7f0-4635-b330-1d630af852a1" date="2025-08-01T17:43:57.065" /><!-- duration: 31ms -->
      <step title="End HttpPost, status: OK" date="2025-08-01T17:43:57.316" /><!-- duration: 31ms -->
      <step title="Scheduling background sync triggers after delay" date="2025-08-01T17:43:57.363" /><!-- duration: 31ms -->
    </step><!-- duration: 78114ms -->
    <step title="LockFile &apos;C:\home\site\locks\deployments.lock&apos; released" date="2025-08-01T17:43:57.644" /><!-- duration: 16ms -->
  </step><!-- duration: 79098ms -->
  <step title="Outgoing response" date="2025-08-01T17:43:57.738" type="response" statusCode="200" statusText="OK" Server="Microsoft-IIS/10.0" x-ms-request-id="c504eda3-d7f0-4635-b330-1d630af852a1" Cache-Control="private" X-AspNet-Version="4.0.30319" /><!-- duration: 31ms -->
</step><!-- duration: 79395ms -->
