<step title="Incoming Request" date="2025-08-01T12:32:18.847" instance="c4ca80" url="/api/zipdeploy" method="POST" type="request" pid="6208,2,9" Content-Length="12072298" Content-Type="application/zip" Authorization="Bea..." Host="aitm-func-1753463791.scm.azurewebsites.net" If-Match="*" User-Agent="functions-core-tools/4.1.0" X-ARR-LOG-ID="9cbb48fd-e29d-427c-ada5-dcbc50e22858" CLIENT-IP="184.72.222.69:3804" X-SITE-DEPLOYMENT-ID="aitm-func-1753463791" WAS-DEFAULT-HOSTNAME="aitm-func-1753463791.scm.azurewebsites.net" X-Forwarded-Proto="https" X-AppService-Proto="https" X-Forwarded-TlsVersion="1.3" X-WAWS-Unencoded-URL="/api/zipdeploy" >
  <step title="ZipPushDeploy" date="2025-08-01T12:32:18.957" >
    <step title="Functions App ZipDeploy. Run from package." date="2025-08-01T12:32:19.004" /><!-- duration: 47ms -->
    <step title="Starting PushDeployAsync" date="2025-08-01T12:32:19.098" /><!-- duration: 47ms -->
    <step title="Updating shutdown sentinel last write time" date="2025-08-01T12:32:19.285" SemaphoreCount="7" /><!-- duration: 47ms -->
    <step title="LockFile &apos;C:\home\site\locks\deployments.lock&apos; acquired" date="2025-08-01T12:32:19.379" /><!-- duration: 31ms -->
    <step title="Deleting outdated zip file C:\home\data\SitePackages\20250801113724.zip" date="2025-08-01T12:32:19.488" /><!-- duration: 47ms -->
    <step title="Saving request content to C:\home\data\SitePackages\20250801123219.zip" date="2025-08-01T12:32:19.566" >
      <step title="Total 12,072,298 bytes written to C:\home\data\SitePackages\20250801123219.zip" date="2025-08-01T12:32:19.849" /><!-- duration: 16ms -->
    </step><!-- duration: 1082ms -->
    <step title="LockFile &apos;C:\home\site\locks\deployments.lock&apos; released" date="2025-08-01T12:32:20.695" /><!-- duration: 16ms -->
    <step title="Deleting shutdown sentinel file" date="2025-08-01T12:32:20.773" SemaphoreCount="8" /><!-- duration: 47ms -->
    <step title="Starting FetchDeploy" date="2025-08-01T12:32:20.867" /><!-- duration: 31ms -->
    <step title="Attempting to fetch target branch HEAD" date="2025-08-01T12:32:20.929" /><!-- duration: 31ms -->
    <step title="Updating shutdown sentinel last write time" date="2025-08-01T12:32:21.023" SemaphoreCount="7" /><!-- duration: 32ms -->
    <step title="LockFile &apos;C:\home\site\locks\deployments.lock&apos; acquired" date="2025-08-01T12:32:21.101" /><!-- duration: 31ms -->
    <step title="Performing fetch based deployment" date="2025-08-01T12:32:21.179" >
      <step title="Creating temporary deployment" date="2025-08-01T12:32:21.211" /><!-- duration: 203ms -->
      <step title="Fetching changes." date="2025-08-01T12:32:21.726" /><!-- duration: 16ms -->
      <step title="Starting LocalZipHandler" date="2025-08-01T12:32:21.804" /><!-- duration: 31ms -->
      <step title="Starting ExtractTriggers" date="2025-08-01T12:32:21.867" /><!-- duration: 31ms -->
      <step title="None repository commit" date="2025-08-01T12:32:22.148" >
        <step title="Commit id: 7ae2cc28b7d34b2a987c7dfbc7e83e27" date="2025-08-01T12:32:22.195" Message="Created via a push deployment" AuthorName="N/A" AuthorEmail="N/A" /><!-- duration: 16ms -->
      </step><!-- duration: 94ms -->
      <step title="Before sending BuildRequestReceived status to /api/updatedeploystatus" date="2025-08-01T12:32:22.289" /><!-- duration: 63ms -->
      <step title="DeploymentManager.Deploy(id:7ae2cc28b7d34b2a987c7dfbc7e83e27)" date="2025-08-01T12:32:22.383" >
        <step title="Collecting changeset information" date="2025-08-01T12:32:22.445" /><!-- duration: 219ms -->
        <step title="Updating submodules" date="2025-08-01T12:32:22.695" >
          <step title="Updating submodules." date="2025-08-01T12:32:22.945" /><!-- duration: 31ms -->
        </step><!-- duration: 344ms -->
        <step title="Preparing deployment for commit id &apos;7ae2cc28b7&apos;." date="2025-08-01T12:32:23.320" /><!-- duration: 94ms -->
        <step title="Determining deployment builder" date="2025-08-01T12:32:23.679" >
          <step title="Builder is RunFromZipSiteBuilder" date="2025-08-01T12:32:23.711" /><!-- duration: 31ms -->
        </step><!-- duration: 109ms -->
        <step title="Copying SSH keys" date="2025-08-01T12:32:23.914" /><!-- duration: 47ms -->
        <step title="Building" date="2025-08-01T12:32:23.992" >
          <step title="Skipping build. Project type: Run-From-Zip" date="2025-08-01T12:32:24.273" /><!-- duration: 31ms -->
          <step title="Skipping post build. Project type: Run-From-Zip" date="2025-08-01T12:32:24.601" /><!-- duration: 47ms -->
          <step title="Triggering recycle (preview mode disabled)." date="2025-08-01T12:32:24.976" /><!-- duration: 31ms -->
          <step title="Ignoring FS watcher based recycle request as this is a classic Windows app." date="2025-08-01T12:32:25.086" /><!-- duration: 78ms -->
          <step title="Deployment successful. DEPLOYMENTINFO: deploymentPath = Functions App ZipDeploy. Run from package., deployer = ZipDeploy, os = windows, sku = Dynamic, language = node, siteName = aitm-func-1753463791, slotName = Production, siteHostName = aitm-func-1753463791.azurewebsites.net, deploymentStatus = Success" date="2025-08-01T12:32:25.414" /><!-- duration: 31ms -->
          <step title="Purge deployment items" date="2025-08-01T12:32:26.382" >
            <step title="Remove ca4ca0047, Success, received at 8/1/2025 10:52:56 AM" date="2025-08-01T12:32:26.779" /><!-- duration: 16ms -->
          </step><!-- duration: 443ms -->
        </step><!-- duration: 2974ms -->
      </step><!-- duration: 4615ms -->
      <step title="Cleaning up temp files" date="2025-08-01T12:32:27.029" /><!-- duration: 78ms -->
      <step title="Updating C:\home\data\SitePackages\packagename.txt with deployment 20250801123219.zip" date="2025-08-01T12:32:27.154" /><!-- duration: 62ms -->
      <step title="Begin HttpPost https://aitm-func-1753463791.scm.azurewebsites.net/operations/settriggers, x-ms-request-id: 9cbb48fd-e29d-427c-ada5-dcbc50e22858" date="2025-08-01T12:32:27.279" /><!-- duration: 31ms -->
      <step title="End HttpPost, status: OK" date="2025-08-01T12:32:27.482" /><!-- duration: 47ms -->
      <step title="Scheduling background sync triggers after delay" date="2025-08-01T12:32:27.560" /><!-- duration: 31ms -->
    </step><!-- duration: 6662ms -->
    <step title="LockFile &apos;C:\home\site\locks\deployments.lock&apos; released" date="2025-08-01T12:32:27.888" /><!-- duration: 31ms -->
  </step><!-- duration: 9009ms -->
  <step title="Outgoing response" date="2025-08-01T12:32:27.997" type="response" statusCode="200" statusText="OK" Server="Microsoft-IIS/10.0" x-ms-request-id="9cbb48fd-e29d-427c-ada5-dcbc50e22858" Cache-Control="private" X-AspNet-Version="4.0.30319" /><!-- duration: 16ms -->
</step><!-- duration: 9197ms -->
