<step title="Incoming Request" date="2025-08-01T12:46:19.376" instance="c4ca80" url="/api/zipdeploy" method="POST" type="request" pid="5060,2,9" Content-Length="12072138" Content-Type="application/zip" Authorization="Bea..." Host="aitm-func-1753463791.scm.azurewebsites.net" If-Match="*" User-Agent="functions-core-tools/4.1.0" X-ARR-LOG-ID="e5a63890-694c-46c9-af5e-44f46e2d2b41" CLIENT-IP="13.219.48.175:54728" X-SITE-DEPLOYMENT-ID="aitm-func-1753463791" WAS-DEFAULT-HOSTNAME="aitm-func-1753463791.scm.azurewebsites.net" X-Forwarded-Proto="https" X-AppService-Proto="https" X-Forwarded-TlsVersion="1.3" X-WAWS-Unencoded-URL="/api/zipdeploy" >
  <step title="ZipPushDeploy" date="2025-08-01T12:46:19.438" >
    <step title="Functions App ZipDeploy. Run from package." date="2025-08-01T12:46:19.485" /><!-- duration: 31ms -->
    <step title="Starting PushDeployAsync" date="2025-08-01T12:46:19.547" /><!-- duration: 31ms -->
    <step title="Updating shutdown sentinel last write time" date="2025-08-01T12:46:19.626" SemaphoreCount="7" /><!-- duration: 31ms -->
    <step title="LockFile &apos;C:\home\site\locks\deployments.lock&apos; acquired" date="2025-08-01T12:46:19.688" /><!-- duration: 31ms -->
    <step title="Deleting outdated zip file C:\home\data\SitePackages\20250801114942.zip" date="2025-08-01T12:46:19.751" /><!-- duration: 63ms -->
    <step title="Saving request content to C:\home\data\SitePackages\20250801124619.zip" date="2025-08-01T12:46:19.844" >
      <step title="Total 12,072,138 bytes written to C:\home\data\SitePackages\20250801124619.zip" date="2025-08-01T12:46:20.094" /><!-- duration: 31ms -->
    </step><!-- duration: 891ms -->
    <step title="LockFile &apos;C:\home\site\locks\deployments.lock&apos; released" date="2025-08-01T12:46:20.766" /><!-- duration: 31ms -->
    <step title="Deleting shutdown sentinel file" date="2025-08-01T12:46:20.860" SemaphoreCount="8" /><!-- duration: 31ms -->
    <step title="Starting FetchDeploy" date="2025-08-01T12:46:20.907" /><!-- duration: 31ms -->
    <step title="Attempting to fetch target branch HEAD" date="2025-08-01T12:46:20.969" /><!-- duration: 16ms -->
    <step title="Updating shutdown sentinel last write time" date="2025-08-01T12:46:21.032" SemaphoreCount="7" /><!-- duration: 52ms -->
    <step title="LockFile &apos;C:\home\site\locks\deployments.lock&apos; acquired" date="2025-08-01T12:46:21.110" /><!-- duration: 16ms -->
    <step title="Performing fetch based deployment" date="2025-08-01T12:46:21.157" >
      <step title="Creating temporary deployment" date="2025-08-01T12:46:21.188" /><!-- duration: 234ms -->
      <step title="Fetching changes." date="2025-08-01T12:46:21.688" /><!-- duration: 31ms -->
      <step title="Starting LocalZipHandler" date="2025-08-01T12:46:21.766" /><!-- duration: 31ms -->
      <step title="Starting ExtractTriggers" date="2025-08-01T12:46:21.813" /><!-- duration: 31ms -->
      <step title="None repository commit" date="2025-08-01T12:46:22.079" >
        <step title="Commit id: 82ec0cc84f854de8b7c5b50bbafafa53" date="2025-08-01T12:46:22.110" Message="Created via a push deployment" AuthorName="N/A" AuthorEmail="N/A" /><!-- duration: 16ms -->
      </step><!-- duration: 78ms -->
      <step title="Before sending BuildRequestReceived status to /api/updatedeploystatus" date="2025-08-01T12:46:22.188" /><!-- duration: 16ms -->
      <step title="DeploymentManager.Deploy(id:82ec0cc84f854de8b7c5b50bbafafa53)" date="2025-08-01T12:46:22.235" >
        <step title="Collecting changeset information" date="2025-08-01T12:46:22.282" /><!-- duration: 250ms -->
        <step title="Updating submodules" date="2025-08-01T12:46:22.547" >
          <step title="Updating submodules." date="2025-08-01T12:46:22.782" /><!-- duration: 31ms -->
        </step><!-- duration: 328ms -->
        <step title="Preparing deployment for commit id &apos;82ec0cc84f&apos;." date="2025-08-01T12:46:23.126" /><!-- duration: 16ms -->
        <step title="Determining deployment builder" date="2025-08-01T12:46:23.391" >
          <step title="Builder is RunFromZipSiteBuilder" date="2025-08-01T12:46:23.422" /><!-- duration: 47ms -->
        </step><!-- duration: 109ms -->
        <step title="Copying SSH keys" date="2025-08-01T12:46:23.594" /><!-- duration: 31ms -->
        <step title="Building" date="2025-08-01T12:46:23.641" >
          <step title="Skipping build. Project type: Run-From-Zip" date="2025-08-01T12:46:23.876" /><!-- duration: 31ms -->
          <step title="Skipping post build. Project type: Run-From-Zip" date="2025-08-01T12:46:24.188" /><!-- duration: 31ms -->
          <step title="Triggering recycle (preview mode disabled)." date="2025-08-01T12:46:24.485" /><!-- duration: 16ms -->
          <step title="Ignoring FS watcher based recycle request as this is a classic Windows app." date="2025-08-01T12:46:24.547" /><!-- duration: 31ms -->
          <step title="Deployment successful. DEPLOYMENTINFO: deploymentPath = Functions App ZipDeploy. Run from package., deployer = ZipDeploy, os = windows, sku = Dynamic, language = node, siteName = aitm-func-1753463791, slotName = Production, siteHostName = aitm-func-1753463791.azurewebsites.net, deploymentStatus = Success" date="2025-08-01T12:46:24.876" /><!-- duration: 31ms -->
          <step title="Purge deployment items" date="2025-08-01T12:46:25.766" >
            <step title="Remove 237bcda88, Success, received at 8/1/2025 10:54:12 AM" date="2025-08-01T12:46:26.235" /><!-- duration: 31ms -->
          </step><!-- duration: 516ms -->
        </step><!-- duration: 2750ms -->
      </step><!-- duration: 4187ms -->
      <step title="Cleaning up temp files" date="2025-08-01T12:46:26.438" /><!-- duration: 31ms -->
      <step title="Updating C:\home\data\SitePackages\packagename.txt with deployment 20250801124619.zip" date="2025-08-01T12:46:26.500" /><!-- duration: 62ms -->
      <step title="Begin HttpPost https://aitm-func-1753463791.scm.azurewebsites.net/operations/settriggers, x-ms-request-id: e5a63890-694c-46c9-af5e-44f46e2d2b41" date="2025-08-01T12:46:26.610" /><!-- duration: 31ms -->
      <step title="End HttpPost, status: OK" date="2025-08-01T12:46:26.766" /><!-- duration: 47ms -->
      <step title="Scheduling background sync triggers after delay" date="2025-08-01T12:46:26.829" /><!-- duration: 31ms -->
    </step><!-- duration: 6000ms -->
    <step title="LockFile &apos;C:\home\site\locks\deployments.lock&apos; released" date="2025-08-01T12:46:27.188" /><!-- duration: 16ms -->
    <step title="Deleting shutdown sentinel file" date="2025-08-01T12:46:27.250" SemaphoreCount="8" /><!-- duration: 31ms -->
  </step><!-- duration: 7875ms -->
  <step title="Outgoing response" date="2025-08-01T12:46:27.469" type="response" statusCode="200" statusText="OK" Server="Microsoft-IIS/10.0" x-ms-request-id="e5a63890-694c-46c9-af5e-44f46e2d2b41" Cache-Control="private" X-AspNet-Version="4.0.30319" /><!-- duration: 31ms -->
</step><!-- duration: 8156ms -->
