<step title="Incoming Request" date="2025-08-01T13:28:21.400" instance="c4ca80" url="/api/zipdeploy" method="POST" type="request" pid="6880,2,8" Content-Length="12074401" Content-Type="application/zip" Authorization="Bea..." Host="aitm-func-1753463791.scm.azurewebsites.net" If-Match="*" User-Agent="functions-core-tools/4.1.0" X-ARR-LOG-ID="36b2bf2a-5b82-4ae3-aa65-975521f33205" CLIENT-IP="34.224.177.102:36724" X-SITE-DEPLOYMENT-ID="aitm-func-1753463791" WAS-DEFAULT-HOSTNAME="aitm-func-1753463791.scm.azurewebsites.net" X-Forwarded-Proto="https" X-AppService-Proto="https" X-Forwarded-TlsVersion="1.3" X-WAWS-Unencoded-URL="/api/zipdeploy" >
  <step title="ZipPushDeploy" date="2025-08-01T13:28:21.462" >
    <step title="Functions App ZipDeploy. Run from package." date="2025-08-01T13:28:21.509" /><!-- duration: 31ms -->
    <step title="Starting PushDeployAsync" date="2025-08-01T13:28:21.573" /><!-- duration: 30ms -->
    <step title="Updating shutdown sentinel last write time" date="2025-08-01T13:28:21.712" SemaphoreCount="7" /><!-- duration: 16ms -->
    <step title="LockFile &apos;C:\home\site\locks\deployments.lock&apos; acquired" date="2025-08-01T13:28:21.759" /><!-- duration: 16ms -->
    <step title="Deleting outdated zip file C:\home\data\SitePackages\20250801122552.zip" date="2025-08-01T13:28:21.822" /><!-- duration: 47ms -->
    <step title="Saving request content to C:\home\data\SitePackages\20250801132821.zip" date="2025-08-01T13:28:21.884" >
      <step title="Total 12,074,401 bytes written to C:\home\data\SitePackages\20250801132821.zip" date="2025-08-01T13:28:22.135" /><!-- duration: 31ms -->
    </step><!-- duration: 1110ms -->
    <step title="LockFile &apos;C:\home\site\locks\deployments.lock&apos; released" date="2025-08-01T13:28:23.041" /><!-- duration: 33ms -->
    <step title="Deleting shutdown sentinel file" date="2025-08-01T13:28:23.119" SemaphoreCount="8" /><!-- duration: 31ms -->
    <step title="Starting FetchDeploy" date="2025-08-01T13:28:23.166" /><!-- duration: 31ms -->
    <step title="Attempting to fetch target branch HEAD" date="2025-08-01T13:28:23.228" /><!-- duration: 16ms -->
    <step title="Updating shutdown sentinel last write time" date="2025-08-01T13:28:23.291" SemaphoreCount="7" /><!-- duration: 31ms -->
    <step title="LockFile &apos;C:\home\site\locks\deployments.lock&apos; acquired" date="2025-08-01T13:28:23.338" /><!-- duration: 31ms -->
    <step title="Performing fetch based deployment" date="2025-08-01T13:28:23.400" >
      <step title="Creating temporary deployment" date="2025-08-01T13:28:23.432" /><!-- duration: 156ms -->
      <step title="Fetching changes." date="2025-08-01T13:28:23.838" /><!-- duration: 31ms -->
      <step title="Starting LocalZipHandler" date="2025-08-01T13:28:23.916" /><!-- duration: 31ms -->
      <step title="Starting ExtractTriggers" date="2025-08-01T13:28:23.978" /><!-- duration: 16ms -->
      <step title="None repository commit" date="2025-08-01T13:28:24.166" >
        <step title="Commit id: 76821fcf776c44c2919ba13fed31aa5c" date="2025-08-01T13:28:24.182" Message="Created via a push deployment" AuthorName="N/A" AuthorEmail="N/A" /><!-- duration: 31ms -->
      </step><!-- duration: 62ms -->
      <step title="Before sending BuildRequestReceived status to /api/updatedeploystatus" date="2025-08-01T13:28:24.260" /><!-- duration: 31ms -->
      <step title="DeploymentManager.Deploy(id:76821fcf776c44c2919ba13fed31aa5c)" date="2025-08-01T13:28:24.307" >
        <step title="Collecting changeset information" date="2025-08-01T13:28:24.353" /><!-- duration: 188ms -->
        <step title="Updating submodules" date="2025-08-01T13:28:24.572" >
          <step title="Updating submodules." date="2025-08-01T13:28:24.807" /><!-- duration: 31ms -->
        </step><!-- duration: 313ms -->
        <step title="Preparing deployment for commit id &apos;76821fcf77&apos;." date="2025-08-01T13:28:25.119" /><!-- duration: 31ms -->
        <step title="Determining deployment builder" date="2025-08-01T13:28:25.432" >
          <step title="Builder is RunFromZipSiteBuilder" date="2025-08-01T13:28:25.463" /><!-- duration: 31ms -->
        </step><!-- duration: 94ms -->
        <step title="Copying SSH keys" date="2025-08-01T13:28:25.603" /><!-- duration: 47ms -->
        <step title="Building" date="2025-08-01T13:28:25.682" >
          <step title="Skipping build. Project type: Run-From-Zip" date="2025-08-01T13:28:25.900" /><!-- duration: 16ms -->
          <step title="Skipping post build. Project type: Run-From-Zip" date="2025-08-01T13:28:26.166" /><!-- duration: 31ms -->
          <step title="Triggering recycle (preview mode disabled)." date="2025-08-01T13:28:26.619" /><!-- duration: 31ms -->
          <step title="Ignoring FS watcher based recycle request as this is a classic Windows app." date="2025-08-01T13:28:26.697" /><!-- duration: 16ms -->
          <step title="Deployment successful. DEPLOYMENTINFO: deploymentPath = Functions App ZipDeploy. Run from package., deployer = ZipDeploy, os = windows, sku = Dynamic, language = node, siteName = aitm-func-1753463791, slotName = Production, siteHostName = aitm-func-1753463791.azurewebsites.net, deploymentStatus = Success" date="2025-08-01T13:28:26.932" /><!-- duration: 16ms -->
          <step title="Purge deployment items" date="2025-08-01T13:28:28.244" >
            <step title="Remove 75df13cf3, Success, received at 8/1/2025 10:58:49 AM" date="2025-08-01T13:28:28.603" /><!-- duration: 31ms -->
          </step><!-- duration: 406ms -->
        </step><!-- duration: 3062ms -->
      </step><!-- duration: 4469ms -->
      <step title="Cleaning up temp files" date="2025-08-01T13:28:28.807" /><!-- duration: 31ms -->
      <step title="Updating C:\home\data\SitePackages\packagename.txt with deployment 20250801132821.zip" date="2025-08-01T13:28:28.853" /><!-- duration: 78ms -->
      <step title="Begin HttpPost https://aitm-func-1753463791.scm.azurewebsites.net/operations/settriggers, x-ms-request-id: 36b2bf2a-5b82-4ae3-aa65-975521f33205" date="2025-08-01T13:28:28.978" /><!-- duration: 31ms -->
      <step title="End HttpPost, status: OK" date="2025-08-01T13:28:29.248" /><!-- duration: 31ms -->
      <step title="Scheduling background sync triggers after delay" date="2025-08-01T13:28:29.295" /><!-- duration: 31ms -->
    </step><!-- duration: 6254ms -->
    <step title="LockFile &apos;C:\home\site\locks\deployments.lock&apos; released" date="2025-08-01T13:28:29.686" /><!-- duration: 16ms -->
  </step><!-- duration: 8286ms -->
  <step title="Outgoing response" date="2025-08-01T13:28:29.779" type="response" statusCode="200" statusText="OK" Server="Microsoft-IIS/10.0" x-ms-request-id="36b2bf2a-5b82-4ae3-aa65-975521f33205" Cache-Control="private" X-AspNet-Version="4.0.30319" /><!-- duration: 16ms -->
</step><!-- duration: 8426ms -->
