<step title="Incoming Request" date="2025-08-01T18:55:33.151" instance="59dc7f" url="/api/zipdeploy" method="POST" type="request" pid="7060,2,9" Content-Length="12018674" Content-Type="application/zip" Authorization="Bea..." Host="aitm-func-1753463791.scm.azurewebsites.net" If-Match="*" User-Agent="functions-core-tools/4.1.0" X-ARR-LOG-ID="b4047333-47ce-447e-8a8c-cd897274ed04" CLIENT-IP="3.219.18.69:38104" X-SITE-DEPLOYMENT-ID="aitm-func-1753463791" WAS-DEFAULT-HOSTNAME="aitm-func-1753463791.scm.azurewebsites.net" X-Forwarded-Proto="https" X-AppService-Proto="https" X-Forwarded-TlsVersion="1.3" X-WAWS-Unencoded-URL="/api/zipdeploy" >
  <step title="ZipPushDeploy" date="2025-08-01T18:55:33.214" >
    <step title="Functions App ZipDeploy. Run from package. Ignore remote build." date="2025-08-01T18:55:33.245" /><!-- duration: 16ms -->
    <step title="Starting PushDeployAsync" date="2025-08-01T18:55:33.276" /><!-- duration: 31ms -->
    <step title="Updating shutdown sentinel last write time" date="2025-08-01T18:55:33.386" SemaphoreCount="7" /><!-- duration: 31ms -->
    <step title="LockFile &apos;C:\home\site\locks\deployments.lock&apos; acquired" date="2025-08-01T18:55:33.433" /><!-- duration: 31ms -->
    <step title="Deleting outdated zip file C:\home\data\SitePackages\20250801153955.zip" date="2025-08-01T18:55:33.495" /><!-- duration: 31ms -->
    <step title="Saving request content to C:\home\data\SitePackages\20250801185533.zip" date="2025-08-01T18:55:33.558" >
      <step title="Total 12,018,674 bytes written to C:\home\data\SitePackages\20250801185533.zip" date="2025-08-01T18:55:33.729" /><!-- duration: 31ms -->
    </step><!-- duration: 656ms -->
    <step title="LockFile &apos;C:\home\site\locks\deployments.lock&apos; released" date="2025-08-01T18:55:34.245" /><!-- duration: 16ms -->
    <step title="Deleting shutdown sentinel file" date="2025-08-01T18:55:34.308" SemaphoreCount="8" /><!-- duration: 16ms -->
    <step title="Starting FetchDeploy" date="2025-08-01T18:55:34.354" /><!-- duration: 16ms -->
    <step title="Attempting to fetch target branch HEAD" date="2025-08-01T18:55:34.386" /><!-- duration: 16ms -->
    <step title="Updating shutdown sentinel last write time" date="2025-08-01T18:55:34.448" SemaphoreCount="7" /><!-- duration: 16ms -->
    <step title="LockFile &apos;C:\home\site\locks\deployments.lock&apos; acquired" date="2025-08-01T18:55:34.495" /><!-- duration: 16ms -->
    <step title="Performing fetch based deployment" date="2025-08-01T18:55:34.542" >
      <step title="Creating temporary deployment" date="2025-08-01T18:55:34.558" /><!-- duration: 141ms -->
      <step title="Fetching changes." date="2025-08-01T18:55:34.901" /><!-- duration: 16ms -->
      <step title="Starting LocalZipHandler" date="2025-08-01T18:55:34.964" /><!-- duration: 16ms -->
      <step title="Starting ExtractTriggers" date="2025-08-01T18:55:35.011" /><!-- duration: 16ms -->
      <step title="None repository commit" date="2025-08-01T18:55:35.339" >
        <step title="Commit id: 71cc808019a34aed989100131e1d3020" date="2025-08-01T18:55:35.354" Message="Created via a push deployment" AuthorName="N/A" AuthorEmail="N/A" /><!-- duration: 31ms -->
      </step><!-- duration: 62ms -->
      <step title="Before sending BuildRequestReceived status to /api/updatedeploystatus" date="2025-08-01T18:55:35.417" /><!-- duration: 16ms -->
      <step title="DeploymentManager.Deploy(id:71cc808019a34aed989100131e1d3020)" date="2025-08-01T18:55:35.464" >
        <step title="Collecting changeset information" date="2025-08-01T18:55:35.511" /><!-- duration: 172ms -->
        <step title="Updating submodules" date="2025-08-01T18:55:35.698" >
          <step title="Updating submodules." date="2025-08-01T18:55:35.886" /><!-- duration: 16ms -->
        </step><!-- duration: 250ms -->
        <step title="Preparing deployment for commit id &apos;71cc808019&apos;." date="2025-08-01T18:55:36.151" /><!-- duration: 31ms -->
        <step title="Determining deployment builder" date="2025-08-01T18:55:36.354" >
          <step title="Builder is RunFromZipSiteBuilder" date="2025-08-01T18:55:36.370" /><!-- duration: 31ms -->
        </step><!-- duration: 62ms -->
        <step title="Copying SSH keys" date="2025-08-01T18:55:36.511" /><!-- duration: 47ms -->
        <step title="Building" date="2025-08-01T18:55:36.573" >
          <step title="Skipping build. Project type: Run-From-Zip" date="2025-08-01T18:55:36.761" /><!-- duration: 16ms -->
          <step title="Skipping post build. Project type: Run-From-Zip" date="2025-08-01T18:55:36.980" /><!-- duration: 16ms -->
          <step title="Triggering recycle (preview mode disabled)." date="2025-08-01T18:55:37.199" /><!-- duration: 31ms -->
          <step title="Ignoring FS watcher based recycle request as this is a classic Windows app." date="2025-08-01T18:55:37.324" /><!-- duration: 16ms -->
          <step title="Deployment successful. DEPLOYMENTINFO: deploymentPath = Functions App ZipDeploy. Run from package. Ignore remote build., deployer = ZipDeploy, os = windows, sku = Dynamic, language = node, siteName = aitm-func-1753463791, slotName = Production, siteHostName = aitm-func-1753463791.azurewebsites.net, deploymentStatus = Success" date="2025-08-01T18:55:37.527" /><!-- duration: 16ms -->
          <step title="Purge deployment items" date="2025-08-01T18:55:38.136" >
            <step title="Remove 1646f2f7d, Success, received at 8/1/2025 5:51:01 PM" date="2025-08-01T18:55:38.402" /><!-- duration: 31ms -->
          </step><!-- duration: 312ms -->
        </step><!-- duration: 1969ms -->
      </step><!-- duration: 3094ms -->
      <step title="Cleaning up temp files" date="2025-08-01T18:55:38.574" /><!-- duration: 16ms -->
      <step title="Updating C:\home\data\SitePackages\packagename.txt with deployment 20250801185533.zip" date="2025-08-01T18:55:38.621" /><!-- duration: 47ms -->
      <step title="Begin HttpPost https://aitm-func-1753463791.scm.azurewebsites.net/operations/settriggers, x-ms-request-id: b4047333-47ce-447e-8a8c-cd897274ed04" date="2025-08-01T18:55:38.715" /><!-- duration: 16ms -->
      <step title="End HttpPost, status: OK" date="2025-08-01T18:55:38.902" /><!-- duration: 16ms -->
      <step title="Scheduling background sync triggers after delay" date="2025-08-01T18:55:38.933" /><!-- duration: 31ms -->
    </step><!-- duration: 4610ms -->
    <step title="LockFile &apos;C:\home\site\locks\deployments.lock&apos; released" date="2025-08-01T18:55:39.199" /><!-- duration: 16ms -->
  </step><!-- duration: 6048ms -->
  <step title="Outgoing response" date="2025-08-01T18:55:39.277" type="response" statusCode="200" statusText="OK" Server="Microsoft-IIS/10.0" x-ms-request-id="b4047333-47ce-447e-8a8c-cd897274ed04" Cache-Control="private" X-AspNet-Version="4.0.30319" /><!-- duration: 16ms -->
</step><!-- duration: 6188ms -->
