<step title="Incoming Request" date="2025-08-01T18:19:43.249" instance="a26e13" url="/api/zipdeploy" method="POST" type="request" pid="4652,2,24" Content-Length="12089494" Content-Type="application/zip" Authorization="Bea..." Host="aitm-func-1753463791.scm.azurewebsites.net" If-Match="*" User-Agent="functions-core-tools/4.1.0" X-ARR-LOG-ID="0de33eb3-2009-4a1b-b2ff-cd1026d81952" CLIENT-IP="184.72.222.69:38577" X-SITE-DEPLOYMENT-ID="aitm-func-1753463791" WAS-DEFAULT-HOSTNAME="aitm-func-1753463791.scm.azurewebsites.net" X-Forwarded-Proto="https" X-AppService-Proto="https" X-Forwarded-TlsVersion="1.3" X-WAWS-Unencoded-URL="/api/zipdeploy" >
  <step title="Cleanup Xml Logs" date="2025-08-01T18:19:43.280" /><!-- duration: 47ms -->
  <step title="ZipPushDeploy" date="2025-08-01T18:19:43.389" >
    <step title="Functions App ZipDeploy. Extract zip. Remote build. " date="2025-08-01T18:19:43.405" /><!-- duration: 31ms -->
    <step title="Starting PushDeployAsync" date="2025-08-01T18:19:43.452" /><!-- duration: 31ms -->
    <step title="Updating shutdown sentinel last write time" date="2025-08-01T18:19:43.530" SemaphoreCount="7" /><!-- duration: 16ms -->
    <step title="LockFile &apos;C:\home\site\locks\deployments.lock&apos; acquired" date="2025-08-01T18:19:43.577" /><!-- duration: 16ms -->
    <step title="Saving request content to C:\local\Temp\zipdeploy\swe5ri04.zip" date="2025-08-01T18:19:43.624" >
      <step title="Total 12,089,494 bytes written to C:\local\Temp\zipdeploy\swe5ri04.zip" date="2025-08-01T18:19:43.702" /><!-- duration: 31ms -->
    </step><!-- duration: 125ms -->
    <step title="LockFile &apos;C:\home\site\locks\deployments.lock&apos; released" date="2025-08-01T18:19:43.796" /><!-- duration: 16ms -->
    <step title="Deleting shutdown sentinel file" date="2025-08-01T18:19:43.858" SemaphoreCount="8" /><!-- duration: 31ms -->
    <step title="Starting FetchDeploy" date="2025-08-01T18:19:43.905" /><!-- duration: 31ms -->
    <step title="Attempting to fetch target branch HEAD" date="2025-08-01T18:19:43.968" /><!-- duration: 31ms -->
    <step title="Updating shutdown sentinel last write time" date="2025-08-01T18:19:44.030" SemaphoreCount="7" /><!-- duration: 31ms -->
    <step title="LockFile &apos;C:\home\site\locks\deployments.lock&apos; acquired" date="2025-08-01T18:19:44.093" /><!-- duration: 16ms -->
    <step title="Performing fetch based deployment" date="2025-08-01T18:19:44.139" >
      <step title="Creating temporary deployment" date="2025-08-01T18:19:44.155" /><!-- duration: 156ms -->
      <step title="Fetching changes." date="2025-08-01T18:19:44.671" /><!-- duration: 16ms -->
      <step title="Starting LocalZipHandler" date="2025-08-01T18:19:44.733" /><!-- duration: 16ms -->
      <step title="Starting LocalZipFetch" date="2025-08-01T18:19:44.780" /><!-- duration: 16ms -->
      <step title="Cleaning up temp folders from previous zip deployments and extracting pushed zip file C:\local\Temp\zipdeploy\swe5ri04.zip (11.53 MB) to C:\local\Temp\zipdeploy\extracted" date="2025-08-01T18:19:44.858" /><!-- duration: 16ms -->
      <step title="Cleaning up temp folders from previous zip deployments and extracting pushed zip file C:\local\Temp\zipdeploy\swe5ri04.zip (11.53 MB) to C:\local\Temp\zipdeploy\extracted" date="2025-08-01T18:19:44.921" >
        <step title="Renaming extractTargetDirectory(C:\local\Temp\zipdeploy\extracted) to tempDirectory(C:\local\Temp\zipdeploy\e00upkav.faf)" date="2025-08-01T18:19:44.936" /><!-- duration: 31ms -->
        <step title="Extracting 1136 entries to C:\local\Temp\zipdeploy\extracted directory" date="2025-08-01T18:19:45.343" >
          <step title="Extracting to C:\local\Temp\zipdeploy\extracted\logs_white_page.zip ..." date="2025-08-01T18:19:45.374" /><!-- duration: 16ms -->
          <step title="Extracting to C:\local\Temp\zipdeploy\extracted\latest_phishlet_logs.zip ..." date="2025-08-01T18:19:45.405" /><!-- duration: 31ms -->
          <step title="Extracting to C:\local\Temp\zipdeploy\extracted\package-lock.json ..." date="2025-08-01T18:19:45.468" /><!-- duration: 16ms -->
          <step title="Extracting to C:\local\Temp\zipdeploy\extracted\evilginx-debug-latest.zip ..." date="2025-08-01T18:19:45.514" /><!-- duration: 16ms -->
          <step title="Extracting to C:\local\Temp\zipdeploy\extracted\headers2.txt ..." date="2025-08-01T18:19:45.561" /><!-- duration: 16ms -->
          <step title="Omitting extracting file traces ..." date="2025-08-01T18:19:45.608" /><!-- duration: 31ms -->
          <step title="Extracting to C:\local\Temp\zipdeploy\extracted\LogFiles\DetailedErrors\ErrorPage000035.htm ..." date="2025-08-01T18:19:46.561" /><!-- duration: 16ms -->
          <step title="Extracting to C:\local\Temp\zipdeploy\extracted\LogFiles\DetailedErrors\ErrorPage000033.htm ..." date="2025-08-01T18:19:46.608" /><!-- duration: 16ms -->
          <step title="Extracting to C:\local\Temp\zipdeploy\extracted\LogFiles\DetailedErrors\ErrorPage000036.htm ..." date="2025-08-01T18:19:46.655" /><!-- duration: 16ms -->
          <step title="Extracting to C:\local\Temp\zipdeploy\extracted\LogFiles\DetailedErrors\ErrorPage000020.htm ..." date="2025-08-01T18:19:46.702" /><!-- duration: 16ms -->
          <step title="Extracting to C:\local\Temp\zipdeploy\extracted\LogFiles\DetailedErrors\ErrorPage000028.htm ..." date="2025-08-01T18:19:46.749" /><!-- duration: 16ms -->
        </step><!-- duration: 1453ms -->
      </step><!-- duration: 1906ms -->
      <step title="None repository commit" date="2025-08-01T18:19:46.843" >
        <step title="Commit id: a33bd60114394382978e76d944294441" date="2025-08-01T18:19:46.874" Message="Created via a push deployment" AuthorName="N/A" AuthorEmail="N/A" /><!-- duration: 16ms -->
      </step><!-- duration: 78ms -->
      <step title="Before sending BuildRequestReceived status to /api/updatedeploystatus" date="2025-08-01T18:19:46.952" /><!-- duration: 16ms -->
      <step title="DeploymentManager.Deploy(id:a33bd60114394382978e76d944294441)" date="2025-08-01T18:19:46.999" >
        <step title="Collecting changeset information" date="2025-08-01T18:19:47.046" /><!-- duration: 187ms -->
        <step title="Updating submodules" date="2025-08-01T18:19:47.264" >
          <step title="Updating submodules." date="2025-08-01T18:19:47.468" /><!-- duration: 31ms -->
        </step><!-- duration: 281ms -->
        <step title="Preparing deployment for commit id &apos;a33bd60114&apos;." date="2025-08-01T18:19:47.780" /><!-- duration: 16ms -->
        <step title="Determining deployment builder" date="2025-08-01T18:19:48.014" >
          <step title="UseMSBuild16: True" date="2025-08-01T18:19:48.030" /><!-- duration: 47ms -->
          <step title="Builder is FunctionBasicBuilder" date="2025-08-01T18:19:48.139" /><!-- duration: 16ms -->
        </step><!-- duration: 172ms -->
        <step title="Copying SSH keys" date="2025-08-01T18:19:48.296" /><!-- duration: 47ms -->
        <step title="Building" date="2025-08-01T18:19:48.374" >
          <step title="Generating deployment script." date="2025-08-01T18:19:48.655" /><!-- duration: 31ms -->
          <step title="Generating deployment script" date="2025-08-01T18:19:48.733" >
            <step title="Using cached version of the deployment script for command: -y --no-dot-deployment -r &quot;C:\local\Temp\zipdeploy\extracted&quot; -o &quot;C:\home\site\deployments\tools&quot; --functionApp --sitePath &quot;C:\local\Temp\zipdeploy\extracted&quot;" date="2025-08-01T18:19:48.796" /><!-- duration: 16ms -->
            <step title="Using cached version of deployment script (command: &apos;azure -y --no-dot-deployment -r &quot;C:\local\Temp\zipdeploy\extracted&quot; -o &quot;C:\home\site\deployments\tools&quot; --functionApp --sitePath &quot;C:\local\Temp\zipdeploy\extracted&quot;&apos;)." date="2025-08-01T18:19:48.874" /><!-- duration: 16ms -->
          </step><!-- duration: 203ms -->
          <step title="Running deployment command..." date="2025-08-01T18:19:49.171" /><!-- duration: 16ms -->
          <step title="Command: &quot;C:\home\site\deployments\tools\deploy.cmd&quot;" date="2025-08-01T18:19:49.264" /><!-- duration: 31ms -->
          <step title="Executing external process" date="2025-08-01T18:19:49.343" type="process" path="starter.cmd" arguments="&quot;C:\home\site\deployments\tools\deploy.cmd&quot;" >
            <step title="Handling function App deployment." date="2025-08-01T18:19:50.108" /><!-- duration: 16ms -->
            <step title="Not using funcpack because SCM_USE_FUNCPACK is not set to 1" date="2025-08-01T18:19:50.202" /><!-- duration: 16ms -->
            <step title="Installing function extensions from nuget" date="2025-08-01T18:19:50.296" /><!-- duration: 31ms -->
            <step title="Creating app_offline.htm" date="2025-08-01T18:19:54.297" /><!-- duration: 31ms -->
            <step title="KuduSync.NET from: &apos;C:\local\Temp\zipdeploy\extracted&apos; to: &apos;C:\home\site\wwwroot&apos;" date="2025-08-01T18:19:54.422" /><!-- duration: 31ms -->
            <step title="Copying file: &apos;package-lock.json&apos;" date="2025-08-01T18:19:54.531" /><!-- duration: 31ms -->
            <step title="npm warn config production Use `--omit=dev` instead." date="2025-08-01T18:19:54.656" /><!-- duration: 16ms -->
"Copying file: &apos;node_modules\.package-lock.json&apos;" date="2025-08-01T18:19:54.672" /><!-- duration: 47ms -->
            <step title="Deleting app_offline.htm" date="2025-08-01T18:19:54.797" /><!-- duration: 31ms -->
            <step title="Restoring npm packages in &quot;C:\home\site\wwwroot&quot;" date="2025-08-01T18:19:54.922" /><!-- duration: 31ms -->
            <step title="up to date, audited 29 packages in 1s" date="2025-08-01T18:19:55.859" /><!-- duration: 16ms -->
            <step title="6 packages are looking for funding" date="2025-08-01T18:19:55.984" /><!-- duration: 31ms -->
            <step title="  run `npm fund` for details" date="2025-08-01T18:19:56.109" /><!-- duration: 31ms -->
            <step title="npm warn config production Use `--omit=dev` instead." date="2025-08-01T18:19:56.203" /><!-- duration: 31ms -->
            <step title="3 vulnerabilities (2 low, 1 moderate)" date="2025-08-01T18:19:56.265" /><!-- duration: 31ms -->
            <step title="To address all issues, run:" date="2025-08-01T18:19:56.422" /><!-- duration: 16ms -->
            <step title="  npm audit fix" date="2025-08-01T18:19:56.516" /><!-- duration: 16ms -->
            <step title="Run `npm audit` for details." date="2025-08-01T18:19:56.656" /><!-- duration: 31ms -->
            <step title="up to date, audited 29 packages in 997ms" date="2025-08-01T18:19:57.203" /><!-- duration: 16ms -->
            <step title="6 packages are looking for funding" date="2025-08-01T18:19:57.359" /><!-- duration: 16ms -->
            <step title="  run `npm fund` for details" date="2025-08-01T18:19:57.469" /><!-- duration: 31ms -->
            <step title="found 0 vulnerabilities" date="2025-08-01T18:19:57.609" /><!-- duration: 31ms -->
            <step title="Finished successfully." date="2025-08-01T18:19:57.734" /><!-- duration: 16ms -->
          </step><!-- duration: 8454ms -->
          <step title="Running post deployment command(s)..." date="2025-08-01T18:19:58.000" /><!-- duration: 31ms -->
          <step title="Triggering recycle (preview mode disabled)." date="2025-08-01T18:19:58.391" /><!-- duration: 16ms -->
          <step title="Ignoring FS watcher based recycle request as this is a classic Windows app." date="2025-08-01T18:19:58.453" /><!-- duration: 35ms -->
          <step title="Deployment successful. DEPLOYMENTINFO: deploymentPath = Functions App ZipDeploy. Extract zip. Remote build. , deployer = ZipDeploy, os = windows, sku = Dynamic, language = node, siteName = aitm-func-1753463791, slotName = Production, siteHostName = aitm-func-1753463791.azurewebsites.net, deploymentStatus = Success" date="2025-08-01T18:19:58.735" /><!-- duration: 16ms -->
          <step title="Purge deployment items" date="2025-08-01T18:19:59.360" >
            <step title="Remove a087f7d6f, Success, received at 8/1/2025 3:39:58 PM" date="2025-08-01T18:19:59.688" /><!-- duration: 16ms -->
          </step><!-- duration: 375ms -->
        </step><!-- duration: 11486ms -->
      </step><!-- duration: 12876ms -->
      <step title="Cleaning up temp files" date="2025-08-01T18:19:59.907" /><!-- duration: 31ms -->
      <step title="Begin HttpPost https://aitm-func-1753463791.scm.azurewebsites.net/operations/settriggers, x-ms-request-id: 0de33eb3-2009-4a1b-b2ff-cd1026d81952" date="2025-08-01T18:20:00.000" /><!-- duration: 31ms -->
      <step title="End HttpPost, status: OK" date="2025-08-01T18:20:00.157" /><!-- duration: 78ms -->
      <step title="Scheduling background sync triggers after delay" date="2025-08-01T18:20:00.266" /><!-- duration: 31ms -->
    </step><!-- duration: 16486ms -->
    <step title="LockFile &apos;C:\home\site\locks\deployments.lock&apos; released" date="2025-08-01T18:20:00.688" /><!-- duration: 31ms -->
  </step><!-- duration: 17392ms -->
  <step title="Outgoing response" date="2025-08-01T18:20:00.813" type="response" statusCode="200" statusText="OK" Server="Microsoft-IIS/10.0" x-ms-request-id="0de33eb3-2009-4a1b-b2ff-cd1026d81952" Cache-Control="private" X-AspNet-Version="4.0.30319" /><!-- duration: 31ms -->
</step><!-- duration: 17642ms -->
