<step title="Incoming Request" date="2025-08-01T18:13:04.996" instance="a26e13" url="/api/zipdeploy" method="POST" type="request" pid="4652,2,8" Connection="Keep-Alive" Content-Length="12088856" Content-Type="application/zip" Authorization="Bea..." Host="aitm-func-1753463791.scm.azurewebsites.net" If-Match="*" User-Agent="functions-core-tools/4.1.0" X-ARR-LOG-ID="b6b01abd-9c89-4592-90f2-4e17a24efb21" CLIENT-IP="44.197.134.194:40220" X-SITE-DEPLOYMENT-ID="aitm-func-1753463791" WAS-DEFAULT-HOSTNAME="aitm-func-1753463791.scm.azurewebsites.net" X-Forwarded-Proto="https" X-AppService-Proto="https" X-Forwarded-TlsVersion="1.3" X-WAWS-Unencoded-URL="/api/zipdeploy" X-MS-COLDSTART="1" >
  <step title="ZipPushDeploy" date="2025-08-01T18:13:05.356" >
    <step title="Functions App ZipDeploy. Extract zip. Remote build. " date="2025-08-01T18:13:05.403" /><!-- duration: 31ms -->
    <step title="Starting PushDeployAsync" date="2025-08-01T18:13:05.465" /><!-- duration: 188ms -->
    <step title="Updating shutdown sentinel last write time" date="2025-08-01T18:13:06.153" SemaphoreCount="7" /><!-- duration: 31ms -->
    <step title="LockFile &apos;C:\home\site\locks\deployments.lock&apos; acquired" date="2025-08-01T18:13:06.200" /><!-- duration: 31ms -->
    <step title="Saving request content to C:\local\Temp\zipdeploy\zmqn0p4f.zip" date="2025-08-01T18:13:06.262" >
      <step title="Total 12,088,856 bytes written to C:\local\Temp\zipdeploy\zmqn0p4f.zip" date="2025-08-01T18:13:06.465" /><!-- duration: 16ms -->
    </step><!-- duration: 281ms -->
    <step title="LockFile &apos;C:\home\site\locks\deployments.lock&apos; released" date="2025-08-01T18:13:06.575" /><!-- duration: 31ms -->
    <step title="Deleting shutdown sentinel file" date="2025-08-01T18:13:06.653" SemaphoreCount="8" /><!-- duration: 31ms -->
    <step title="Starting FetchDeploy" date="2025-08-01T18:13:06.700" /><!-- duration: 31ms -->
    <step title="Attempting to fetch target branch HEAD" date="2025-08-01T18:13:06.746" /><!-- duration: 31ms -->
    <step title="Updating shutdown sentinel last write time" date="2025-08-01T18:13:06.809" SemaphoreCount="7" /><!-- duration: 31ms -->
    <step title="LockFile &apos;C:\home\site\locks\deployments.lock&apos; acquired" date="2025-08-01T18:13:06.856" /><!-- duration: 16ms -->
    <step title="Performing fetch based deployment" date="2025-08-01T18:13:06.903" >
      <step title="Creating temporary deployment" date="2025-08-01T18:13:06.934" /><!-- duration: 203ms -->
      <step title="Fetching changes." date="2025-08-01T18:13:09.825" /><!-- duration: 16ms -->
      <step title="Starting LocalZipHandler" date="2025-08-01T18:13:09.981" /><!-- duration: 31ms -->
      <step title="Starting LocalZipFetch" date="2025-08-01T18:13:10.153" /><!-- duration: 16ms -->
      <step title="Cleaning up temp folders from previous zip deployments and extracting pushed zip file C:\local\Temp\zipdeploy\zmqn0p4f.zip (11.53 MB) to C:\local\Temp\zipdeploy\extracted" date="2025-08-01T18:13:11.184" /><!-- duration: 484ms -->
      <step title="Cleaning up temp folders from previous zip deployments and extracting pushed zip file C:\local\Temp\zipdeploy\zmqn0p4f.zip (11.53 MB) to C:\local\Temp\zipdeploy\extracted" date="2025-08-01T18:13:12.528" >
        <step title="Extracting 1135 entries to C:\local\Temp\zipdeploy\extracted directory" date="2025-08-01T18:13:13.215" >
          <step title="Extracting to C:\local\Temp\zipdeploy\extracted\logs_white_page.zip ..." date="2025-08-01T18:13:13.496" /><!-- duration: 359ms -->
          <step title="Extracting to C:\local\Temp\zipdeploy\extracted\latest_phishlet_logs.zip ..." date="2025-08-01T18:13:14.371" /><!-- duration: 141ms -->
          <step title="Extracting to C:\local\Temp\zipdeploy\extracted\package-lock.json ..." date="2025-08-01T18:13:14.559" /><!-- duration: 47ms -->
          <step title="Extracting to C:\local\Temp\zipdeploy\extracted\evilginx-debug-latest.zip ..." date="2025-08-01T18:13:15.059" /><!-- duration: 609ms -->
          <step title="Extracting to C:\local\Temp\zipdeploy\extracted\headers2.txt ..." date="2025-08-01T18:13:16.293" /><!-- duration: 438ms -->
          <step title="Omitting extracting file traces ..." date="2025-08-01T18:13:16.856" /><!-- duration: 47ms -->
          <step title="Extracting to C:\local\Temp\zipdeploy\extracted\LogFiles\DetailedErrors\ErrorPage000035.htm ..." date="2025-08-01T18:13:18.106" /><!-- duration: 31ms -->
          <step title="Extracting to C:\local\Temp\zipdeploy\extracted\LogFiles\DetailedErrors\ErrorPage000033.htm ..." date="2025-08-01T18:13:18.169" /><!-- duration: 31ms -->
          <step title="Extracting to C:\local\Temp\zipdeploy\extracted\LogFiles\DetailedErrors\ErrorPage000036.htm ..." date="2025-08-01T18:13:18.246" /><!-- duration: 47ms -->
          <step title="Extracting to C:\local\Temp\zipdeploy\extracted\LogFiles\DetailedErrors\ErrorPage000020.htm ..." date="2025-08-01T18:13:18.325" /><!-- duration: 31ms -->
          <step title="Extracting to C:\local\Temp\zipdeploy\extracted\LogFiles\DetailedErrors\ErrorPage000028.htm ..." date="2025-08-01T18:13:18.371" /><!-- duration: 31ms -->
        </step><!-- duration: 5219ms -->
      </step><!-- duration: 5938ms -->
      <step title="None repository commit" date="2025-08-01T18:13:18.496" >
        <step title="Commit id: a27880954c0d4c14bbd851d7abe7b13d" date="2025-08-01T18:13:18.528" Message="Created via a push deployment" AuthorName="N/A" AuthorEmail="N/A" /><!-- duration: 31ms -->
      </step><!-- duration: 94ms -->
      <step title="Before sending BuildRequestReceived status to /api/updatedeploystatus" date="2025-08-01T18:13:18.621" /><!-- duration: 16ms -->
      <step title="DeploymentManager.Deploy(id:a27880954c0d4c14bbd851d7abe7b13d)" date="2025-08-01T18:13:18.668" >
        <step title="Collecting changeset information" date="2025-08-01T18:13:18.746" /><!-- duration: 204ms -->
        <step title="Updating submodules" date="2025-08-01T18:13:18.982" >
          <step title="Updating submodules." date="2025-08-01T18:13:19.238" /><!-- duration: 16ms -->
        </step><!-- duration: 334ms -->
        <step title="Preparing deployment for commit id &apos;a27880954c&apos;." date="2025-08-01T18:13:19.558" /><!-- duration: 31ms -->
        <step title="Determining deployment builder" date="2025-08-01T18:13:19.824" >
          <step title="UseMSBuild16: True" date="2025-08-01T18:13:19.855" /><!-- duration: 31ms -->
          <step title="Builder is FunctionBasicBuilder" date="2025-08-01T18:13:19.949" /><!-- duration: 31ms -->
        </step><!-- duration: 188ms -->
        <step title="Copying SSH keys" date="2025-08-01T18:13:20.152" /><!-- duration: 47ms -->
        <step title="Building" date="2025-08-01T18:13:20.230" >
          <step title="Generating deployment script." date="2025-08-01T18:13:20.480" /><!-- duration: 16ms -->
          <step title="Generating deployment script" date="2025-08-01T18:13:20.542" >
            <step title="Using cached version of the deployment script for command: -y --no-dot-deployment -r &quot;C:\local\Temp\zipdeploy\extracted&quot; -o &quot;C:\home\site\deployments\tools&quot; --functionApp --sitePath &quot;C:\local\Temp\zipdeploy\extracted&quot;" date="2025-08-01T18:13:20.636" /><!-- duration: 31ms -->
            <step title="Using cached version of deployment script (command: &apos;azure -y --no-dot-deployment -r &quot;C:\local\Temp\zipdeploy\extracted&quot; -o &quot;C:\home\site\deployments\tools&quot; --functionApp --sitePath &quot;C:\local\Temp\zipdeploy\extracted&quot;&apos;)." date="2025-08-01T18:13:20.730" /><!-- duration: 16ms -->
          </step><!-- duration: 266ms -->
          <step title="Running deployment command..." date="2025-08-01T18:13:21.089" /><!-- duration: 31ms -->
          <step title="Command: &quot;C:\home\site\deployments\tools\deploy.cmd&quot;" date="2025-08-01T18:13:21.199" /><!-- duration: 16ms -->
          <step title="Executing external process" date="2025-08-01T18:13:21.277" type="process" path="starter.cmd" arguments="&quot;C:\home\site\deployments\tools\deploy.cmd&quot;" >
            <step title="Handling function App deployment." date="2025-08-01T18:13:22.027" /><!-- duration: 48ms -->
            <step title="Not using funcpack because SCM_USE_FUNCPACK is not set to 1" date="2025-08-01T18:13:22.339" /><!-- duration: 16ms -->
            <step title="Installing function extensions from nuget" date="2025-08-01T18:13:22.449" /><!-- duration: 16ms -->
            <step title="Creating app_offline.htm" date="2025-08-01T18:13:28.202" /><!-- duration: 31ms -->
            <step title="KuduSync.NET from: &apos;C:\local\Temp\zipdeploy\extracted&apos; to: &apos;C:\home\site\wwwroot&apos;" date="2025-08-01T18:13:28.312" /><!-- duration: 31ms -->
            <step title="Copying file: &apos;package-lock.json&apos;" date="2025-08-01T18:13:28.405" /><!-- duration: 31ms -->
            <step title="Copying file: &apos;node_modules\.package-lock.json&apos;" date="2025-08-01T18:13:28.515" /><!-- duration: 31ms -->
>
            <step title="npm warn config production Use `--omit=dev` instead." date="2025-08-01T18:13:28.562" /><!-- duration: 31ms -->
            <step title="Deleting app_offline.htm" date="2025-08-01T18:13:28.624" /><!-- duration: 31ms -->
            <step title="Restoring npm packages in &quot;C:\home\site\wwwroot&quot;" date="2025-08-01T18:13:28.733" /><!-- duration: 31ms -->
            <step title="npm notice" date="2025-08-01T18:13:29.858" >
            <step title="up to date, audited 29 packages in 1s" date="2025-08-01T18:13:29.890" /><!-- duration: 31ms -->
/><!-- duration: 16ms -->
            <step title="npm notice New major version of npm available! 10.8.2 -&gt; 11.5.2" date="2025-08-01T18:13:29.968" /><!-- duration: 31ms -->
            <step title="6 packages are looking for funding" date="2025-08-01T18:13:30.046" >
            <step title="npm notice Changelog: https://github.com/npm/cli/releases/tag/v11.5.2" date="2025-08-01T18:13:30.079" /><!-- duration: 33ms -->
/><!-- duration: 14ms -->
            <step title="  run `npm fund` for details" date="2025-08-01T18:13:30.155" >
            <step title="npm notice To update run: npm install -g npm@11.5.2" date="2025-08-01T18:13:30.202" /><!-- duration: 31ms -->
/><!-- duration: 0ms -->
            <step title="npm notice" date="2025-08-01T18:13:30.296" /><!-- duration: 31ms -->
>
            <step title="3 vulnerabilities (2 low, 1 moderate)" date="2025-08-01T18:13:30.358"             <step title="npm warn config production Use `--omit=dev` instead." date="2025-08-01T18:13:30.421" /><!-- duration: 78ms -->
/><!-- duration: 31ms -->
            <step title="To address all issues, run:" date="2025-08-01T18:13:30.562" /><!-- duration: 31ms -->
            <step title="  npm audit fix" date="2025-08-01T18:13:30.671" /><!-- duration: 16ms -->
            <step title="Run `npm audit` for details." date="2025-08-01T18:13:30.843" /><!-- duration: 16ms -->
            <step title="up to date, audited 29 packages in 1s" date="2025-08-01T18:13:31.296" /><!-- duration: 31ms -->
            <step title="6 packages are looking for funding" date="2025-08-01T18:13:31.483" /><!-- duration: 31ms -->
            <step title="  run `npm fund` for details" date="2025-08-01T18:13:31.608" /><!-- duration: 31ms -->
            <step title="found 0 vulnerabilities" date="2025-08-01T18:13:31.812" /><!-- duration: 31ms -->
            <step title="Finished successfully." date="2025-08-01T18:13:31.905" /><!-- duration: 31ms -->
          </step><!-- duration: 10707ms -->
          <step title="Running post deployment command(s)..." date="2025-08-01T18:13:32.280" /><!-- duration: 16ms -->
          <step title="Triggering recycle (preview mode disabled)." date="2025-08-01T18:13:32.640" /><!-- duration: 16ms -->
          <step title="Ignoring FS watcher based recycle request as this is a classic Windows app." date="2025-08-01T18:13:32.718" /><!-- duration: 16ms -->
          <step title="Deployment successful. DEPLOYMENTINFO: deploymentPath = Functions App ZipDeploy. Extract zip. Remote build. , deployer = ZipDeploy, os = windows, sku = Dynamic, language = node, siteName = aitm-func-1753463791, slotName = Production, siteHostName = aitm-func-1753463791.azurewebsites.net, deploymentStatus = Success" date="2025-08-01T18:13:32.983" /><!-- duration: 31ms -->
          <step title="Purge deployment items" date="2025-08-01T18:13:33.858" >
            <step title="Remove 31c4b2438, Success, received at 8/1/2025 3:19:34 PM" date="2025-08-01T18:13:34.312" /><!-- duration: 31ms -->
          </step><!-- duration: 516ms -->
        </step><!-- duration: 14269ms -->
      </step><!-- duration: 15862ms -->
      <step title="Cleaning up temp files" date="2025-08-01T18:13:34.562" /><!-- duration: 47ms -->
      <step title="Begin HttpPost https://aitm-func-1753463791.scm.azurewebsites.net/operations/settriggers, x-ms-request-id: b6b01abd-9c89-4592-90f2-4e17a24efb21" date="2025-08-01T18:13:34.687" /><!-- duration: 16ms -->
      <step title="End HttpPost, status: OK" date="2025-08-01T18:13:34.859" /><!-- duration: 31ms -->
      <step title="Scheduling background sync triggers after delay" date="2025-08-01T18:13:34.905" /><!-- duration: 31ms -->
    </step><!-- duration: 28331ms -->
    <step title="LockFile &apos;C:\home\site\locks\deployments.lock&apos; released" date="2025-08-01T18:13:35.280" /><!-- duration: 47ms -->
  </step><!-- duration: 30018ms -->
  <step title="Outgoing response" date="2025-08-01T18:13:35.421" type="response" statusCode="200" statusText="OK" Server="Microsoft-IIS/10.0" x-ms-request-id="b6b01abd-9c89-4592-90f2-4e17a24efb21" Cache-Control="private" X-AspNet-Version="4.0.30319" /><!-- duration: 16ms -->
</step><!-- duration: 30471ms -->
