<step title="Incoming Request" date="2025-08-01T11:37:24.072" instance="c4ca80" url="/api/zipdeploy" method="POST" type="request" pid="6640,2,6" Content-Length="12054063" Content-Type="application/zip" Authorization="Bea..." Host="aitm-func-1753463791.scm.azurewebsites.net" If-Match="*" User-Agent="functions-core-tools/4.1.0" X-ARR-LOG-ID="f224f7b2-1be9-403c-9116-a2e8086e7867" CLIENT-IP="3.219.18.69:49695" X-SITE-DEPLOYMENT-ID="aitm-func-1753463791" WAS-DEFAULT-HOSTNAME="aitm-func-1753463791.scm.azurewebsites.net" X-Forwarded-Proto="https" X-AppService-Proto="https" X-Forwarded-TlsVersion="1.3" X-WAWS-Unencoded-URL="/api/zipdeploy" >
  <step title="ZipPushDeploy" date="2025-08-01T11:37:24.150" >
    <step title="Functions App ZipDeploy. Run from package." date="2025-08-01T11:37:24.212" /><!-- duration: 16ms -->
    <step title="Starting PushDeployAsync" date="2025-08-01T11:37:24.259" /><!-- duration: 31ms -->
    <step title="Updating shutdown sentinel last write time" date="2025-08-01T11:37:24.431" SemaphoreCount="7" /><!-- duration: 31ms -->
    <step title="LockFile &apos;C:\home\site\locks\deployments.lock&apos; acquired" date="2025-08-01T11:37:24.478" /><!-- duration: 31ms -->
    <step title="Deleting outdated zip file C:\home\data\SitePackages\20250801111047.zip" date="2025-08-01T11:37:24.556" /><!-- duration: 47ms -->
    <step title="Saving request content to C:\home\data\SitePackages\20250801113724.zip" date="2025-08-01T11:37:24.634" >
      <step title="Total 12,054,063 bytes written to C:\home\data\SitePackages\20250801113724.zip" date="2025-08-01T11:37:24.900" /><!-- duration: 31ms -->
    </step><!-- duration: 1244ms -->
    <step title="LockFile &apos;C:\home\site\locks\deployments.lock&apos; released" date="2025-08-01T11:37:25.925" /><!-- duration: 16ms -->
    <step title="Deleting shutdown sentinel file" date="2025-08-01T11:37:26.003" SemaphoreCount="8" /><!-- duration: 31ms -->
    <step title="Starting FetchDeploy" date="2025-08-01T11:37:26.066" /><!-- duration: 31ms -->
    <step title="Attempting to fetch target branch HEAD" date="2025-08-01T11:37:26.128" /><!-- duration: 31ms -->
    <step title="Updating shutdown sentinel last write time" date="2025-08-01T11:37:26.222" SemaphoreCount="7" /><!-- duration: 16ms -->
    <step title="LockFile &apos;C:\home\site\locks\deployments.lock&apos; acquired" date="2025-08-01T11:37:26.285" /><!-- duration: 16ms -->
    <step title="Performing fetch based deployment" date="2025-08-01T11:37:26.332" >
      <step title="Creating temporary deployment" date="2025-08-01T11:37:26.363" /><!-- duration: 172ms -->
      <step title="Fetching changes." date="2025-08-01T11:37:26.816" /><!-- duration: 16ms -->
      <step title="Starting LocalZipHandler" date="2025-08-01T11:37:26.894" /><!-- duration: 31ms -->
      <step title="Starting ExtractTriggers" date="2025-08-01T11:37:26.957" /><!-- duration: 31ms -->
      <step title="None repository commit" date="2025-08-01T11:37:27.222" >
        <step title="Commit id: c289814a7b2e43dbab811964f27ab674" date="2025-08-01T11:37:27.253" Message="Created via a push deployment" AuthorName="N/A" AuthorEmail="N/A" /><!-- duration: 31ms -->
      </step><!-- duration: 94ms -->
      <step title="Before sending BuildRequestReceived status to /api/updatedeploystatus" date="2025-08-01T11:37:27.332" /><!-- duration: 31ms -->
      <step title="DeploymentManager.Deploy(id:c289814a7b2e43dbab811964f27ab674)" date="2025-08-01T11:37:27.394" >
        <step title="Collecting changeset information" date="2025-08-01T11:37:27.441" /><!-- duration: 219ms -->
        <step title="Updating submodules" date="2025-08-01T11:37:27.691" >
          <step title="Updating submodules." date="2025-08-01T11:37:27.910" /><!-- duration: 16ms -->
        </step><!-- duration: 297ms -->
        <step title="Preparing deployment for commit id &apos;c289814a7b&apos;." date="2025-08-01T11:37:28.347" /><!-- duration: 16ms -->
        <step title="Determining deployment builder" date="2025-08-01T11:37:28.613" >
          <step title="Builder is RunFromZipSiteBuilder" date="2025-08-01T11:37:28.628" /><!-- duration: 31ms -->
        </step><!-- duration: 78ms -->
        <step title="Copying SSH keys" date="2025-08-01T11:37:28.785" /><!-- duration: 31ms -->
        <step title="Building" date="2025-08-01T11:37:28.847" >
          <step title="Skipping build. Project type: Run-From-Zip" date="2025-08-01T11:37:29.097" /><!-- duration: 31ms -->
          <step title="Skipping post build. Project type: Run-From-Zip" date="2025-08-01T11:37:29.394" /><!-- duration: 31ms -->
          <step title="Triggering recycle (preview mode disabled)." date="2025-08-01T11:37:29.675" /><!-- duration: 31ms -->
          <step title="Ignoring FS watcher based recycle request as this is a classic Windows app." date="2025-08-01T11:37:29.753" /><!-- duration: 31ms -->
          <step title="Deployment successful. DEPLOYMENTINFO: deploymentPath = Functions App ZipDeploy. Run from package., deployer = ZipDeploy, os = windows, sku = Dynamic, language = node, siteName = aitm-func-1753463791, slotName = Production, siteHostName = aitm-func-1753463791.azurewebsites.net, deploymentStatus = Success" date="2025-08-01T11:37:30.019" /><!-- duration: 31ms -->
          <step title="Purge deployment items" date="2025-08-01T11:37:30.878" >
            <step title="Remove b1f5b858f, Success, received at 8/1/2025 10:43:52 AM" date="2025-08-01T11:37:31.222" /><!-- duration: 31ms -->
          </step><!-- duration: 406ms -->
        </step><!-- duration: 2547ms -->
      </step><!-- duration: 4016ms -->
      <step title="Cleaning up temp files" date="2025-08-01T11:37:31.441" /><!-- duration: 16ms -->
      <step title="Updating C:\home\data\SitePackages\packagename.txt with deployment 20250801113724.zip" date="2025-08-01T11:37:31.488" /><!-- duration: 78ms -->
      <step title="Begin HttpPost https://aitm-func-1753463791.scm.azurewebsites.net/operations/settriggers, x-ms-request-id: f224f7b2-1be9-403c-9116-a2e8086e7867" date="2025-08-01T11:37:31.628" /><!-- duration: 16ms -->
      <step title="End HttpPost, status: OK" date="2025-08-01T11:37:31.847" /><!-- duration: 31ms -->
      <step title="Scheduling background sync triggers after delay" date="2025-08-01T11:37:31.910" /><!-- duration: 31ms -->
    </step><!-- duration: 5891ms -->
    <step title="LockFile &apos;C:\home\site\locks\deployments.lock&apos; released" date="2025-08-01T11:37:32.269" /><!-- duration: 31ms -->
  </step><!-- duration: 8229ms -->
  <step title="Outgoing response" date="2025-08-01T11:37:32.410" type="response" statusCode="200" statusText="OK" Server="Microsoft-IIS/10.0" x-ms-request-id="f224f7b2-1be9-403c-9116-a2e8086e7867" Cache-Control="private" X-AspNet-Version="4.0.30319" /><!-- duration: 47ms -->
</step><!-- duration: 8400ms -->
