<step title="Incoming Request" date="2025-08-01T15:11:31.453" instance="c0ee5a" url="/api/zipdeploy" method="POST" type="request" pid="7088,2,8" Content-Length="12075043" Content-Type="application/zip" Authorization="Bea..." Host="aitm-func-1753463791.scm.azurewebsites.net" If-Match="*" User-Agent="functions-core-tools/4.1.0" X-ARR-LOG-ID="9adad921-cc06-4097-a267-4685e0486cde" CLIENT-IP="3.219.18.69:61557" X-SITE-DEPLOYMENT-ID="aitm-func-1753463791" WAS-DEFAULT-HOSTNAME="aitm-func-1753463791.scm.azurewebsites.net" X-Forwarded-Proto="https" X-AppService-Proto="https" X-Forwarded-TlsVersion="1.3" X-WAWS-Unencoded-URL="/api/zipdeploy" >
  <step title="ZipPushDeploy" date="2025-08-01T15:11:31.537" >
    <step title="Functions App ZipDeploy. Run from package." date="2025-08-01T15:11:31.600" /><!-- duration: 31ms -->
    <step title="Starting PushDeployAsync" date="2025-08-01T15:11:31.662" /><!-- duration: 31ms -->
    <step title="Updating shutdown sentinel last write time" date="2025-08-01T15:11:31.897" SemaphoreCount="7" /><!-- duration: 47ms -->
    <step title="LockFile &apos;C:\home\site\locks\deployments.lock&apos; acquired" date="2025-08-01T15:11:31.991" /><!-- duration: 31ms -->
    <step title="Deleting outdated zip file C:\home\data\SitePackages\20250801142722.zip" date="2025-08-01T15:11:32.100" /><!-- duration: 78ms -->
    <step title="Saving request content to C:\home\data\SitePackages\20250801151131.zip" date="2025-08-01T15:11:32.209" >
      <step title="Total 12,075,043 bytes written to C:\home\data\SitePackages\20250801151131.zip" date="2025-08-01T15:11:32.491" /><!-- duration: 47ms -->
    </step><!-- duration: 1003ms -->
    <step title="LockFile &apos;C:\home\site\locks\deployments.lock&apos; released" date="2025-08-01T15:11:33.259" /><!-- duration: 16ms -->
    <step title="Deleting shutdown sentinel file" date="2025-08-01T15:11:33.338" SemaphoreCount="8" /><!-- duration: 31ms -->
    <step title="Starting FetchDeploy" date="2025-08-01T15:11:33.400" /><!-- duration: 31ms -->
    <step title="Attempting to fetch target branch HEAD" date="2025-08-01T15:11:33.463" /><!-- duration: 31ms -->
    <step title="Updating shutdown sentinel last write time" date="2025-08-01T15:11:33.556" SemaphoreCount="7" /><!-- duration: 94ms -->
    <step title="LockFile &apos;C:\home\site\locks\deployments.lock&apos; acquired" date="2025-08-01T15:11:33.681" /><!-- duration: 31ms -->
    <step title="Performing fetch based deployment" date="2025-08-01T15:11:33.744" >
      <step title="Creating temporary deployment" date="2025-08-01T15:11:33.775" /><!-- duration: 188ms -->
      <step title="Fetching changes." date="2025-08-01T15:11:34.259" /><!-- duration: 31ms -->
      <step title="Starting LocalZipHandler" date="2025-08-01T15:11:34.338" /><!-- duration: 31ms -->
      <step title="Starting ExtractTriggers" date="2025-08-01T15:11:34.416" /><!-- duration: 16ms -->
      <step title="None repository commit" date="2025-08-01T15:11:34.619" >
        <step title="Commit id: 40e78b13655c466299f62d2fc30de575" date="2025-08-01T15:11:34.666" Message="Created via a push deployment" AuthorName="N/A" AuthorEmail="N/A" /><!-- duration: 31ms -->
      </step><!-- duration: 109ms -->
      <step title="Before sending BuildRequestReceived status to /api/updatedeploystatus" date="2025-08-01T15:11:34.759" /><!-- duration: 16ms -->
      <step title="DeploymentManager.Deploy(id:40e78b13655c466299f62d2fc30de575)" date="2025-08-01T15:11:34.806" >
        <step title="Collecting changeset information" date="2025-08-01T15:11:34.869" /><!-- duration: 203ms -->
        <step title="Updating submodules" date="2025-08-01T15:11:35.119" >
          <step title="Updating submodules." date="2025-08-01T15:11:35.416" /><!-- duration: 31ms -->
        </step><!-- duration: 391ms -->
        <step title="Preparing deployment for commit id &apos;40e78b1365&apos;." date="2025-08-01T15:11:35.744" /><!-- duration: 31ms -->
        <step title="Determining deployment builder" date="2025-08-01T15:11:36.025" >
          <step title="Builder is RunFromZipSiteBuilder" date="2025-08-01T15:11:36.057" /><!-- duration: 31ms -->
        </step><!-- duration: 94ms -->
        <step title="Copying SSH keys" date="2025-08-01T15:11:36.228" /><!-- duration: 31ms -->
        <step title="Building" date="2025-08-01T15:11:36.291" >
          <step title="Skipping build. Project type: Run-From-Zip" date="2025-08-01T15:11:36.525" /><!-- duration: 31ms -->
          <step title="Skipping post build. Project type: Run-From-Zip" date="2025-08-01T15:11:36.869" /><!-- duration: 31ms -->
          <step title="Triggering recycle (preview mode disabled)." date="2025-08-01T15:11:37.244" /><!-- duration: 31ms -->
          <step title="Ignoring FS watcher based recycle request as this is a classic Windows app." date="2025-08-01T15:11:37.338" /><!-- duration: 16ms -->
          <step title="Deployment successful. DEPLOYMENTINFO: deploymentPath = Functions App ZipDeploy. Run from package., deployer = ZipDeploy, os = windows, sku = Dynamic, language = node, siteName = aitm-func-1753463791, slotName = Production, siteHostName = aitm-func-1753463791.azurewebsites.net, deploymentStatus = Success" date="2025-08-01T15:11:37.634" /><!-- duration: 16ms -->
          <step title="Purge deployment items" date="2025-08-01T15:11:38.478" >
            <step title="Remove 4e702df9b, Success, received at 8/1/2025 11:49:45 AM" date="2025-08-01T15:11:38.791" /><!-- duration: 16ms -->
          </step><!-- duration: 359ms -->
        </step><!-- duration: 2672ms -->
      </step><!-- duration: 4188ms -->
      <step title="Cleaning up temp files" date="2025-08-01T15:11:39.041" /><!-- duration: 31ms -->
      <step title="Updating C:\home\data\SitePackages\packagename.txt with deployment 20250801151131.zip" date="2025-08-01T15:11:39.119" /><!-- duration: 94ms -->
      <step title="Begin HttpPost https://aitm-func-1753463791.scm.azurewebsites.net/operations/settriggers, x-ms-request-id: 9adad921-cc06-4097-a267-4685e0486cde" date="2025-08-01T15:11:39.275" /><!-- duration: 31ms -->
      <step title="End HttpPost, status: OK" date="2025-08-01T15:11:39.572" /><!-- duration: 16ms -->
      <step title="Scheduling background sync triggers after delay" date="2025-08-01T15:11:39.619" /><!-- duration: 31ms -->
    </step><!-- duration: 6141ms -->
    <step title="LockFile &apos;C:\home\site\locks\deployments.lock&apos; released" date="2025-08-01T15:11:39.916" /><!-- duration: 31ms -->
  </step><!-- duration: 8456ms -->
  <step title="Outgoing response" date="2025-08-01T15:11:40.025" type="response" statusCode="200" statusText="OK" Server="Microsoft-IIS/10.0" x-ms-request-id="9adad921-cc06-4097-a267-4685e0486cde" Cache-Control="private" X-AspNet-Version="4.0.30319" /><!-- duration: 31ms -->
</step><!-- duration: 8619ms -->
