<step title="Incoming Request" date="2025-08-01T13:49:01.023" instance="c4ca80" url="/api/zipdeploy" method="POST" type="request" pid="5980,2,9" Content-Length="12074809" Content-Type="application/zip" Authorization="Bea..." Host="aitm-func-1753463791.scm.azurewebsites.net" If-Match="*" User-Agent="functions-core-tools/4.1.0" X-ARR-LOG-ID="29fb697d-e728-4ccd-b9a3-a6278a9b9a7d" CLIENT-IP="107.21.235.172:8038" X-SITE-DEPLOYMENT-ID="aitm-func-1753463791" WAS-DEFAULT-HOSTNAME="aitm-func-1753463791.scm.azurewebsites.net" X-Forwarded-Proto="https" X-AppService-Proto="https" X-Forwarded-TlsVersion="1.3" X-WAWS-Unencoded-URL="/api/zipdeploy" >
  <step title="ZipPushDeploy" date="2025-08-01T13:49:01.128" >
    <step title="Functions App ZipDeploy. Run from package." date="2025-08-01T13:49:01.175" /><!-- duration: 31ms -->
    <step title="Starting PushDeployAsync" date="2025-08-01T13:49:01.238" /><!-- duration: 31ms -->
    <step title="Updating shutdown sentinel last write time" date="2025-08-01T13:49:01.363" SemaphoreCount="7" /><!-- duration: 47ms -->
    <step title="LockFile &apos;C:\home\site\locks\deployments.lock&apos; acquired" date="2025-08-01T13:49:01.441" /><!-- duration: 16ms -->
    <step title="Deleting outdated zip file C:\home\data\SitePackages\20250801123219.zip" date="2025-08-01T13:49:01.519" /><!-- duration: 47ms -->
    <step title="Saving request content to C:\home\data\SitePackages\20250801134901.zip" date="2025-08-01T13:49:01.597" >
      <step title="Total 12,074,809 bytes written to C:\home\data\SitePackages\20250801134901.zip" date="2025-08-01T13:49:01.879" /><!-- duration: 31ms -->
    </step><!-- duration: 1009ms -->
    <step title="LockFile &apos;C:\home\site\locks\deployments.lock&apos; released" date="2025-08-01T13:49:02.637" /><!-- duration: 31ms -->
    <step title="Deleting shutdown sentinel file" date="2025-08-01T13:49:02.715" SemaphoreCount="8" /><!-- duration: 31ms -->
    <step title="Starting FetchDeploy" date="2025-08-01T13:49:02.778" /><!-- duration: 31ms -->
    <step title="Attempting to fetch target branch HEAD" date="2025-08-01T13:49:02.840" /><!-- duration: 31ms -->
    <step title="Updating shutdown sentinel last write time" date="2025-08-01T13:49:02.950" SemaphoreCount="7" /><!-- duration: 16ms -->
    <step title="LockFile &apos;C:\home\site\locks\deployments.lock&apos; acquired" date="2025-08-01T13:49:02.997" /><!-- duration: 31ms -->
    <step title="Performing fetch based deployment" date="2025-08-01T13:49:03.090" >
      <step title="Creating temporary deployment" date="2025-08-01T13:49:03.106" /><!-- duration: 188ms -->
      <step title="Fetching changes." date="2025-08-01T13:49:03.590" /><!-- duration: 31ms -->
      <step title="Starting LocalZipHandler" date="2025-08-01T13:49:03.669" /><!-- duration: 31ms -->
      <step title="Starting ExtractTriggers" date="2025-08-01T13:49:03.731" /><!-- duration: 31ms -->
      <step title="None repository commit" date="2025-08-01T13:49:04.113" >
        <step title="Commit id: aed2636d9a7c47d5918797aef3752e95" date="2025-08-01T13:49:04.144" Message="Created via a push deployment" AuthorName="N/A" AuthorEmail="N/A" /><!-- duration: 16ms -->
      </step><!-- duration: 78ms -->
      <step title="Before sending BuildRequestReceived status to /api/updatedeploystatus" date="2025-08-01T13:49:04.222" /><!-- duration: 16ms -->
      <step title="DeploymentManager.Deploy(id:aed2636d9a7c47d5918797aef3752e95)" date="2025-08-01T13:49:04.269" >
        <step title="Collecting changeset information" date="2025-08-01T13:49:04.332" /><!-- duration: 187ms -->
        <step title="Updating submodules" date="2025-08-01T13:49:04.550" >
          <step title="Updating submodules." date="2025-08-01T13:49:04.769" /><!-- duration: 31ms -->
        </step><!-- duration: 297ms -->
        <step title="Preparing deployment for commit id &apos;aed2636d9a&apos;." date="2025-08-01T13:49:05.347" /><!-- duration: 31ms -->
        <step title="Determining deployment builder" date="2025-08-01T13:49:05.597" >
          <step title="Builder is RunFromZipSiteBuilder" date="2025-08-01T13:49:05.628" /><!-- duration: 31ms -->
        </step><!-- duration: 78ms -->
        <step title="Copying SSH keys" date="2025-08-01T13:49:05.769" /><!-- duration: 47ms -->
        <step title="Building" date="2025-08-01T13:49:05.832" >
          <step title="Skipping build. Project type: Run-From-Zip" date="2025-08-01T13:49:06.113" /><!-- duration: 47ms -->
          <step title="Skipping post build. Project type: Run-From-Zip" date="2025-08-01T13:49:06.698" /><!-- duration: 31ms -->
          <step title="Triggering recycle (preview mode disabled)." date="2025-08-01T13:49:07.104" /><!-- duration: 16ms -->
          <step title="Ignoring FS watcher based recycle request as this is a classic Windows app." date="2025-08-01T13:49:07.166" /><!-- duration: 31ms -->
          <step title="Deployment successful. DEPLOYMENTINFO: deploymentPath = Functions App ZipDeploy. Run from package., deployer = ZipDeploy, os = windows, sku = Dynamic, language = node, siteName = aitm-func-1753463791, slotName = Production, siteHostName = aitm-func-1753463791.azurewebsites.net, deploymentStatus = Success" date="2025-08-01T13:49:07.432" /><!-- duration: 16ms -->
          <step title="Purge deployment items" date="2025-08-01T13:49:08.276" >
            <step title="Remove a4eb88f53, Success, received at 8/1/2025 11:05:50 AM" date="2025-08-01T13:49:08.573" /><!-- duration: 16ms -->
          </step><!-- duration: 344ms -->
        </step><!-- duration: 2897ms -->
      </step><!-- duration: 4522ms -->
      <step title="Cleaning up temp files" date="2025-08-01T13:49:08.823" /><!-- duration: 31ms -->
      <step title="Updating C:\home\data\SitePackages\packagename.txt with deployment 20250801134901.zip" date="2025-08-01T13:49:08.885" /><!-- duration: 78ms -->
      <step title="Begin HttpPost https://aitm-func-1753463791.scm.azurewebsites.net/operations/settriggers, x-ms-request-id: 29fb697d-e728-4ccd-b9a3-a6278a9b9a7d" date="2025-08-01T13:49:09.026" /><!-- duration: 16ms -->
      <step title="End HttpPost, status: OK" date="2025-08-01T13:49:09.198" /><!-- duration: 16ms -->
      <step title="Scheduling background sync triggers after delay" date="2025-08-01T13:49:09.244" /><!-- duration: 16ms -->
    </step><!-- duration: 6435ms -->
    <step title="LockFile &apos;C:\home\site\locks\deployments.lock&apos; released" date="2025-08-01T13:49:09.557" /><!-- duration: 31ms -->
    <step title="Deleting shutdown sentinel file" date="2025-08-01T13:49:09.635" SemaphoreCount="8" /><!-- duration: 31ms -->
  </step><!-- duration: 8569ms -->
  <step title="Outgoing response" date="2025-08-01T13:49:10.010" type="response" statusCode="200" statusText="OK" Server="Microsoft-IIS/10.0" x-ms-request-id="29fb697d-e728-4ccd-b9a3-a6278a9b9a7d" Cache-Control="private" X-AspNet-Version="4.0.30319" /><!-- duration: 16ms -->
</step><!-- duration: 9052ms -->
