<step title="Incoming Request" date="2025-08-01T20:50:46.768" instance="eceaf2" url="/api/zipdeploy" method="POST" type="request" pid="6872,2,9" Content-Length="4828073" Content-Type="application/zip" Authorization="Bea..." Host="aitm-func-1753463791.scm.azurewebsites.net" If-Match="*" User-Agent="functions-core-tools/4.1.0" X-ARR-LOG-ID="5d987a3e-6922-4a92-974b-ca97d8b6ae6d" CLIENT-IP="35.170.23.225:6046" X-SITE-DEPLOYMENT-ID="aitm-func-1753463791" WAS-DEFAULT-HOSTNAME="aitm-func-1753463791.scm.azurewebsites.net" X-Forwarded-Proto="https" X-AppService-Proto="https" X-Forwarded-TlsVersion="1.3" X-WAWS-Unencoded-URL="/api/zipdeploy" >
  <step title="ZipPushDeploy" date="2025-08-01T20:50:46.893" >
    <step title="Functions App ZipDeploy. Run from package. Ignore remote build." date="2025-08-01T20:50:46.940" /><!-- duration: 31ms -->
    <step title="Starting PushDeployAsync" date="2025-08-01T20:50:46.987" /><!-- duration: 31ms -->
    <step title="Updating shutdown sentinel last write time" date="2025-08-01T20:50:47.096" SemaphoreCount="7" /><!-- duration: 31ms -->
    <step title="LockFile &apos;C:\home\site\locks\deployments.lock&apos; acquired" date="2025-08-01T20:50:47.143" /><!-- duration: 31ms -->
    <step title="Deleting outdated zip file C:\home\data\SitePackages\20250801203740.zip" date="2025-08-01T20:50:47.221" /><!-- duration: 47ms -->
    <step title="Saving request content to C:\home\data\SitePackages\20250801205046.zip" date="2025-08-01T20:50:47.299" >
      <step title="Total 4,828,073 bytes written to C:\home\data\SitePackages\20250801205046.zip" date="2025-08-01T20:50:47.471" /><!-- duration: 63ms -->
    </step><!-- duration: 752ms -->
    <step title="LockFile &apos;C:\home\site\locks\deployments.lock&apos; released" date="2025-08-01T20:50:48.098" /><!-- duration: 31ms -->
    <step title="Deleting shutdown sentinel file" date="2025-08-01T20:50:48.192" SemaphoreCount="8" /><!-- duration: 47ms -->
    <step title="Starting FetchDeploy" date="2025-08-01T20:50:48.254" /><!-- duration: 47ms -->
    <step title="Attempting to fetch target branch HEAD" date="2025-08-01T20:50:48.332" /><!-- duration: 31ms -->
    <step title="Updating shutdown sentinel last write time" date="2025-08-01T20:50:48.442" SemaphoreCount="7" /><!-- duration: 31ms -->
    <step title="LockFile &apos;C:\home\site\locks\deployments.lock&apos; acquired" date="2025-08-01T20:50:48.520" /><!-- duration: 47ms -->
    <step title="Performing fetch based deployment" date="2025-08-01T20:50:48.598" >
      <step title="Creating temporary deployment" date="2025-08-01T20:50:48.645" /><!-- duration: 172ms -->
      <step title="Fetching changes." date="2025-08-01T20:50:49.020" /><!-- duration: 16ms -->
      <step title="Starting LocalZipHandler" date="2025-08-01T20:50:49.098" /><!-- duration: 15ms -->
      <step title="Starting ExtractTriggers" date="2025-08-01T20:50:49.145" /><!-- duration: 16ms -->
      <step title="None repository commit" date="2025-08-01T20:50:49.395" >
        <step title="Commit id: 2b85fe2c7f954830b1088b19ee2176e6" date="2025-08-01T20:50:49.426" Message="Created via a push deployment" AuthorName="N/A" AuthorEmail="N/A" /><!-- duration: 31ms -->
      </step><!-- duration: 94ms -->
      <step title="Before sending BuildRequestReceived status to /api/updatedeploystatus" date="2025-08-01T20:50:49.535" /><!-- duration: 16ms -->
      <step title="DeploymentManager.Deploy(id:2b85fe2c7f954830b1088b19ee2176e6)" date="2025-08-01T20:50:49.582" >
        <step title="Collecting changeset information" date="2025-08-01T20:50:49.629" /><!-- duration: 172ms -->
        <step title="Updating submodules" date="2025-08-01T20:50:49.832" >
          <step title="Updating submodules." date="2025-08-01T20:50:50.004" /><!-- duration: 31ms -->
        </step><!-- duration: 266ms -->
        <step title="Preparing deployment for commit id &apos;2b85fe2c7f&apos;." date="2025-08-01T20:50:50.301" /><!-- duration: 16ms -->
        <step title="Determining deployment builder" date="2025-08-01T20:50:50.535" >
          <step title="Builder is RunFromZipSiteBuilder" date="2025-08-01T20:50:50.567" /><!-- duration: 31ms -->
        </step><!-- duration: 94ms -->
        <step title="Copying SSH keys" date="2025-08-01T20:50:50.707" /><!-- duration: 31ms -->
        <step title="Building" date="2025-08-01T20:50:50.770" >
          <step title="Skipping build. Project type: Run-From-Zip" date="2025-08-01T20:50:50.957" /><!-- duration: 16ms -->
          <step title="Skipping post build. Project type: Run-From-Zip" date="2025-08-01T20:50:51.223" /><!-- duration: 16ms -->
          <step title="Triggering recycle (preview mode disabled)." date="2025-08-01T20:50:51.551" /><!-- duration: 16ms -->
          <step title="Ignoring FS watcher based recycle request as this is a classic Windows app." date="2025-08-01T20:50:51.629" /><!-- duration: 31ms -->
          <step title="Deployment successful. DEPLOYMENTINFO: deploymentPath = Functions App ZipDeploy. Run from package. Ignore remote build., deployer = ZipDeploy, os = windows, sku = Dynamic, language = node, siteName = aitm-func-1753463791, slotName = Production, siteHostName = aitm-func-1753463791.azurewebsites.net, deploymentStatus = Success" date="2025-08-01T20:50:51.879" /><!-- duration: 31ms -->
          <step title="Purge deployment items" date="2025-08-01T20:50:52.613" >
            <step title="Remove ffc272ac7, Success, received at 8/1/2025 6:34:28 PM" date="2025-08-01T20:50:52.910" /><!-- duration: 31ms -->
          </step><!-- duration: 344ms -->
        </step><!-- duration: 2297ms -->
      </step><!-- duration: 3516ms -->
      <step title="Cleaning up temp files" date="2025-08-01T20:50:53.114" /><!-- duration: 16ms -->
      <step title="Updating C:\home\data\SitePackages\packagename.txt with deployment 20250801205046.zip" date="2025-08-01T20:50:53.160" /><!-- duration: 47ms -->
      <step title="Begin HttpPost https://aitm-func-1753463791.scm.azurewebsites.net/operations/settriggers, x-ms-request-id: 5d987a3e-6922-4a92-974b-ca97d8b6ae6d" date="2025-08-01T20:50:53.254" /><!-- duration: 16ms -->
      <step title="End HttpPost, status: OK" date="2025-08-01T20:50:53.410" /><!-- duration: 16ms -->
      <step title="Scheduling background sync triggers after delay" date="2025-08-01T20:50:53.442" /><!-- duration: 31ms -->
    </step><!-- duration: 5110ms -->
    <step title="LockFile &apos;C:\home\site\locks\deployments.lock&apos; released" date="2025-08-01T20:50:53.739" /><!-- duration: 16ms -->
    <step title="Deleting shutdown sentinel file" date="2025-08-01T20:50:53.802" SemaphoreCount="8" /><!-- duration: 16ms -->
  </step><!-- duration: 6940ms -->
  <step title="Outgoing response" date="2025-08-01T20:50:53.973" type="response" statusCode="200" statusText="OK" Server="Microsoft-IIS/10.0" x-ms-request-id="5d987a3e-6922-4a92-974b-ca97d8b6ae6d" Cache-Control="private" X-AspNet-Version="4.0.30319" /><!-- duration: 31ms -->
</step><!-- duration: 7252ms -->
