<step title="Incoming Request" date="2025-08-01T11:49:42.521" instance="c4ca80" url="/api/zipdeploy" method="POST" type="request" pid="6572,2,9" Content-Length="12062791" Content-Type="application/zip" Authorization="Bea..." Host="aitm-func-1753463791.scm.azurewebsites.net" If-Match="*" User-Agent="functions-core-tools/4.1.0" X-ARR-LOG-ID="bbcf7a85-8c21-4f5f-a65b-f1bdf8f3c9a5" CLIENT-IP="13.219.48.175:15414" X-SITE-DEPLOYMENT-ID="aitm-func-1753463791" WAS-DEFAULT-HOSTNAME="aitm-func-1753463791.scm.azurewebsites.net" X-Forwarded-Proto="https" X-AppService-Proto="https" X-Forwarded-TlsVersion="1.3" X-WAWS-Unencoded-URL="/api/zipdeploy" >
  <step title="ZipPushDeploy" date="2025-08-01T11:49:42.599" >
    <step title="Functions App ZipDeploy. Run from package." date="2025-08-01T11:49:42.646" /><!-- duration: 16ms -->
    <step title="Starting PushDeployAsync" date="2025-08-01T11:49:42.708" /><!-- duration: 31ms -->
    <step title="Updating shutdown sentinel last write time" date="2025-08-01T11:49:42.818" SemaphoreCount="7" /><!-- duration: 31ms -->
    <step title="LockFile &apos;C:\home\site\locks\deployments.lock&apos; acquired" date="2025-08-01T11:49:42.865" /><!-- duration: 31ms -->
    <step title="Deleting outdated zip file C:\home\data\SitePackages\20250801111816.zip" date="2025-08-01T11:49:42.943" /><!-- duration: 47ms -->
    <step title="Saving request content to C:\home\data\SitePackages\20250801114942.zip" date="2025-08-01T11:49:43.021" >
      <step title="Total 12,062,791 bytes written to C:\home\data\SitePackages\20250801114942.zip" date="2025-08-01T11:49:43.396" /><!-- duration: 78ms -->
    </step><!-- duration: 1281ms -->
    <step title="LockFile &apos;C:\home\site\locks\deployments.lock&apos; released" date="2025-08-01T11:49:44.333" /><!-- duration: 31ms -->
    <step title="Deleting shutdown sentinel file" date="2025-08-01T11:49:44.411" SemaphoreCount="8" /><!-- duration: 16ms -->
    <step title="Starting FetchDeploy" date="2025-08-01T11:49:44.474" /><!-- duration: 31ms -->
    <step title="Attempting to fetch target branch HEAD" date="2025-08-01T11:49:44.521" /><!-- duration: 31ms -->
    <step title="Updating shutdown sentinel last write time" date="2025-08-01T11:49:44.599" SemaphoreCount="7" /><!-- duration: 16ms -->
    <step title="LockFile &apos;C:\home\site\locks\deployments.lock&apos; acquired" date="2025-08-01T11:49:44.646" /><!-- duration: 16ms -->
    <step title="Performing fetch based deployment" date="2025-08-01T11:49:44.693" >
      <step title="Creating temporary deployment" date="2025-08-01T11:49:44.724" /><!-- duration: 172ms -->
      <step title="Fetching changes." date="2025-08-01T11:49:45.177" /><!-- duration: 31ms -->
      <step title="Starting LocalZipHandler" date="2025-08-01T11:49:45.255" /><!-- duration: 16ms -->
      <step title="Starting ExtractTriggers" date="2025-08-01T11:49:45.318" /><!-- duration: 31ms -->
      <step title="None repository commit" date="2025-08-01T11:49:45.568" >
        <step title="Commit id: 4e702df9b45e4166ae3e9a44003f7c2a" date="2025-08-01T11:49:45.599" Message="Created via a push deployment" AuthorName="N/A" AuthorEmail="N/A" /><!-- duration: 16ms -->
      </step><!-- duration: 94ms -->
      <step title="Before sending BuildRequestReceived status to /api/updatedeploystatus" date="2025-08-01T11:49:45.677" /><!-- duration: 31ms -->
      <step title="DeploymentManager.Deploy(id:4e702df9b45e4166ae3e9a44003f7c2a)" date="2025-08-01T11:49:45.740" >
        <step title="Collecting changeset information" date="2025-08-01T11:49:45.786" /><!-- duration: 188ms -->
        <step title="Updating submodules" date="2025-08-01T11:49:46.005" >
          <step title="Updating submodules." date="2025-08-01T11:49:46.286" /><!-- duration: 16ms -->
        </step><!-- duration: 359ms -->
        <step title="Preparing deployment for commit id &apos;4e702df9b4&apos;." date="2025-08-01T11:49:46.568" /><!-- duration: 31ms -->
        <step title="Determining deployment builder" date="2025-08-01T11:49:46.818" >
          <step title="Builder is RunFromZipSiteBuilder" date="2025-08-01T11:49:46.849" /><!-- duration: 16ms -->
        </step><!-- duration: 78ms -->
        <step title="Copying SSH keys" date="2025-08-01T11:49:47.021" /><!-- duration: 31ms -->
        <step title="Building" date="2025-08-01T11:49:47.083" >
          <step title="Skipping build. Project type: Run-From-Zip" date="2025-08-01T11:49:47.318" /><!-- duration: 31ms -->
          <step title="Skipping post build. Project type: Run-From-Zip" date="2025-08-01T11:49:47.599" /><!-- duration: 16ms -->
          <step title="Triggering recycle (preview mode disabled)." date="2025-08-01T11:49:47.896" /><!-- duration: 31ms -->
          <step title="Ignoring FS watcher based recycle request as this is a classic Windows app." date="2025-08-01T11:49:47.958" /><!-- duration: 31ms -->
          <step title="Deployment successful. DEPLOYMENTINFO: deploymentPath = Functions App ZipDeploy. Run from package., deployer = ZipDeploy, os = windows, sku = Dynamic, language = node, siteName = aitm-func-1753463791, slotName = Production, siteHostName = aitm-func-1753463791.azurewebsites.net, deploymentStatus = Success" date="2025-08-01T11:49:48.302" /><!-- duration: 31ms -->
          <step title="Purge deployment items" date="2025-08-01T11:49:49.255" >
            <step title="Remove 4aaf52295, Success, received at 8/1/2025 10:47:36 AM" date="2025-08-01T11:49:49.677" /><!-- duration: 16ms -->
          </step><!-- duration: 469ms -->
        </step><!-- duration: 2797ms -->
      </step><!-- duration: 4172ms -->
      <step title="Cleaning up temp files" date="2025-08-01T11:49:49.943" /><!-- duration: 16ms -->
      <step title="Updating C:\home\data\SitePackages\packagename.txt with deployment 20250801114942.zip" date="2025-08-01T11:49:49.990" /><!-- duration: 109ms -->
      <step title="Begin HttpPost https://aitm-func-1753463791.scm.azurewebsites.net/operations/settriggers, x-ms-request-id: bbcf7a85-8c21-4f5f-a65b-f1bdf8f3c9a5" date="2025-08-01T11:49:50.146" /><!-- duration: 16ms -->
      <step title="End HttpPost, status: OK" date="2025-08-01T11:49:50.302" /><!-- duration: 16ms -->
      <step title="Scheduling background sync triggers after delay" date="2025-08-01T11:49:50.349" /><!-- duration: 31ms -->
    </step><!-- duration: 5922ms -->
    <step title="LockFile &apos;C:\home\site\locks\deployments.lock&apos; released" date="2025-08-01T11:49:50.646" /><!-- duration: 31ms -->
  </step><!-- duration: 8141ms -->
  <step title="Outgoing response" date="2025-08-01T11:49:50.755" type="response" statusCode="200" statusText="OK" Server="Microsoft-IIS/10.0" x-ms-request-id="bbcf7a85-8c21-4f5f-a65b-f1bdf8f3c9a5" Cache-Control="private" X-AspNet-Version="4.0.30319" /><!-- duration: 31ms -->
</step><!-- duration: 8281ms -->
