<step title="Incoming Request" date="2025-08-01T14:22:49.907" instance="c4ca80" url="/api/zipdeploy" method="POST" type="request" pid="6452,2,8" Content-Length="12074875" Content-Type="application/zip" Authorization="Bea..." Host="aitm-func-1753463791.scm.azurewebsites.net" If-Match="*" User-Agent="functions-core-tools/4.1.0" X-ARR-LOG-ID="c8845c68-83b9-4dfe-9cc5-9c24f7dc5cd8" CLIENT-IP="184.72.222.69:51333" X-SITE-DEPLOYMENT-ID="aitm-func-1753463791" WAS-DEFAULT-HOSTNAME="aitm-func-1753463791.scm.azurewebsites.net" X-Forwarded-Proto="https" X-AppService-Proto="https" X-Forwarded-TlsVersion="1.3" X-WAWS-Unencoded-URL="/api/zipdeploy" >
  <step title="ZipPushDeploy" date="2025-08-01T14:22:49.985" >
    <step title="Functions App ZipDeploy. Run from package." date="2025-08-01T14:22:50.048" /><!-- duration: 31ms -->
    <step title="Starting PushDeployAsync" date="2025-08-01T14:22:50.110" /><!-- duration: 31ms -->
    <step title="Updating shutdown sentinel last write time" date="2025-08-01T14:22:50.235" SemaphoreCount="7" /><!-- duration: 16ms -->
    <step title="LockFile &apos;C:\home\site\locks\deployments.lock&apos; acquired" date="2025-08-01T14:22:50.282" /><!-- duration: 31ms -->
    <step title="Deleting outdated zip file C:\home\data\SitePackages\20250801124619.zip" date="2025-08-01T14:22:50.360" /><!-- duration: 94ms -->
    <step title="Saving request content to C:\home\data\SitePackages\20250801142250.zip" date="2025-08-01T14:22:50.485" >
      <step title="Total 12,074,875 bytes written to C:\home\data\SitePackages\20250801142250.zip" date="2025-08-01T14:22:50.860" /><!-- duration: 31ms -->
    </step><!-- duration: 1094ms -->
    <step title="LockFile &apos;C:\home\site\locks\deployments.lock&apos; released" date="2025-08-01T14:22:51.610" /><!-- duration: 16ms -->
    <step title="Deleting shutdown sentinel file" date="2025-08-01T14:22:51.673" SemaphoreCount="8" /><!-- duration: 31ms -->
    <step title="Starting FetchDeploy" date="2025-08-01T14:22:51.735" /><!-- duration: 31ms -->
    <step title="Attempting to fetch target branch HEAD" date="2025-08-01T14:22:51.782" /><!-- duration: 31ms -->
    <step title="Updating shutdown sentinel last write time" date="2025-08-01T14:22:51.860" SemaphoreCount="7" /><!-- duration: 16ms -->
    <step title="LockFile &apos;C:\home\site\locks\deployments.lock&apos; acquired" date="2025-08-01T14:22:51.907" /><!-- duration: 31ms -->
    <step title="Performing fetch based deployment" date="2025-08-01T14:22:51.970" >
      <step title="Creating temporary deployment" date="2025-08-01T14:22:51.985" /><!-- duration: 172ms -->
      <step title="Fetching changes." date="2025-08-01T14:22:52.438" /><!-- duration: 16ms -->
      <step title="Starting LocalZipHandler" date="2025-08-01T14:22:52.501" /><!-- duration: 31ms -->
      <step title="Starting ExtractTriggers" date="2025-08-01T14:22:52.563" /><!-- duration: 16ms -->
      <step title="None repository commit" date="2025-08-01T14:22:52.860" >
        <step title="Commit id: 95aa3e4d7f984390b9fe58228555fd7d" date="2025-08-01T14:22:52.891" Message="Created via a push deployment" AuthorName="N/A" AuthorEmail="N/A" /><!-- duration: 16ms -->
      </step><!-- duration: 94ms -->
      <step title="Before sending BuildRequestReceived status to /api/updatedeploystatus" date="2025-08-01T14:22:52.985" /><!-- duration: 31ms -->
      <step title="DeploymentManager.Deploy(id:95aa3e4d7f984390b9fe58228555fd7d)" date="2025-08-01T14:22:53.079" >
        <step title="Collecting changeset information" date="2025-08-01T14:22:53.141" /><!-- duration: 328ms -->
        <step title="Updating submodules" date="2025-08-01T14:22:53.501" >
          <step title="Updating submodules." date="2025-08-01T14:22:53.735" /><!-- duration: 31ms -->
        </step><!-- duration: 313ms -->
        <step title="Preparing deployment for commit id &apos;95aa3e4d7f&apos;." date="2025-08-01T14:22:54.095" /><!-- duration: 109ms -->
        <step title="Determining deployment builder" date="2025-08-01T14:22:54.454" >
          <step title="Builder is RunFromZipSiteBuilder" date="2025-08-01T14:22:54.485" /><!-- duration: 16ms -->
        </step><!-- duration: 78ms -->
        <step title="Copying SSH keys" date="2025-08-01T14:22:54.641" /><!-- duration: 47ms -->
        <step title="Building" date="2025-08-01T14:22:54.720" >
          <step title="Skipping build. Project type: Run-From-Zip" date="2025-08-01T14:22:55.016" /><!-- duration: 16ms -->
          <step title="Skipping post build. Project type: Run-From-Zip" date="2025-08-01T14:22:55.407" /><!-- duration: 31ms -->
          <step title="Triggering recycle (preview mode disabled)." date="2025-08-01T14:22:55.720" /><!-- duration: 31ms -->
          <step title="Ignoring FS watcher based recycle request as this is a classic Windows app." date="2025-08-01T14:22:55.798" /><!-- duration: 31ms -->
          <step title="Deployment successful. DEPLOYMENTINFO: deploymentPath = Functions App ZipDeploy. Run from package., deployer = ZipDeploy, os = windows, sku = Dynamic, language = node, siteName = aitm-func-1753463791, slotName = Production, siteHostName = aitm-func-1753463791.azurewebsites.net, deploymentStatus = Success" date="2025-08-01T14:22:56.063" /><!-- duration: 31ms -->
          <step title="Purge deployment items" date="2025-08-01T14:22:57.095" >
            <step title="Remove 5b9e34a8a, Success, received at 8/1/2025 11:10:49 AM" date="2025-08-01T14:22:57.501" /><!-- duration: 31ms -->
          </step><!-- duration: 453ms -->
        </step><!-- duration: 2937ms -->
      </step><!-- duration: 4609ms -->
      <step title="Cleaning up temp files" date="2025-08-01T14:22:57.704" /><!-- duration: 31ms -->
      <step title="Updating C:\home\data\SitePackages\packagename.txt with deployment 20250801142250.zip" date="2025-08-01T14:22:57.766" /><!-- duration: 78ms -->
      <step title="Begin HttpPost https://aitm-func-1753463791.scm.azurewebsites.net/operations/settriggers, x-ms-request-id: c8845c68-83b9-4dfe-9cc5-9c24f7dc5cd8" date="2025-08-01T14:22:57.891" /><!-- duration: 31ms -->
      <step title="End HttpPost, status: OK" date="2025-08-01T14:22:58.048" /><!-- duration: 31ms -->
      <step title="Scheduling background sync triggers after delay" date="2025-08-01T14:22:58.095" /><!-- duration: 47ms -->
    </step><!-- duration: 6423ms -->
    <step title="LockFile &apos;C:\home\site\locks\deployments.lock&apos; released" date="2025-08-01T14:22:58.439" /><!-- duration: 16ms -->
  </step><!-- duration: 8516ms -->
  <step title="Outgoing response" date="2025-08-01T14:22:58.533" type="response" statusCode="200" statusText="OK" Server="Microsoft-IIS/10.0" x-ms-request-id="c8845c68-83b9-4dfe-9cc5-9c24f7dc5cd8" Cache-Control="private" X-AspNet-Version="4.0.30319" /><!-- duration: 16ms -->
</step><!-- duration: 8673ms -->
