<step title="Incoming Request" date="2025-08-01T20:46:37.291" instance="eceaf2" url="/api/zipdeploy" method="POST" type="request" pid="6288,2,9" Content-Length="4828073" Content-Type="application/zip" Authorization="Bea..." Host="aitm-func-1753463791.scm.azurewebsites.net" If-Match="*" User-Agent="functions-core-tools/4.1.0" X-ARR-LOG-ID="cbcd0635-69cf-43f0-aa39-12bf196565fb" CLIENT-IP="23.22.210.59:2254" X-SITE-DEPLOYMENT-ID="aitm-func-1753463791" WAS-DEFAULT-HOSTNAME="aitm-func-1753463791.scm.azurewebsites.net" X-Forwarded-Proto="https" X-AppService-Proto="https" X-Forwarded-TlsVersion="1.3" X-WAWS-Unencoded-URL="/api/zipdeploy" >
  <step title="ZipPushDeploy" date="2025-08-01T20:46:37.385" >
    <step title="Functions App ZipDeploy. Run from package. Ignore remote build." date="2025-08-01T20:46:37.416" /><!-- duration: 31ms -->
    <step title="Starting PushDeployAsync" date="2025-08-01T20:46:37.463" /><!-- duration: 31ms -->
    <step title="Updating shutdown sentinel last write time" date="2025-08-01T20:46:37.619" SemaphoreCount="7" /><!-- duration: 16ms -->
    <step title="LockFile &apos;C:\home\site\locks\deployments.lock&apos; acquired" date="2025-08-01T20:46:37.650" /><!-- duration: 16ms -->
    <step title="Deleting outdated zip file C:\home\data\SitePackages\20250801203605.zip" date="2025-08-01T20:46:37.729" /><!-- duration: 31ms -->
    <step title="Saving request content to C:\home\data\SitePackages\20250801204637.zip" date="2025-08-01T20:46:37.791" >
      <step title="Total 4,828,073 bytes written to C:\home\data\SitePackages\20250801204637.zip" date="2025-08-01T20:46:38.041" /><!-- duration: 31ms -->
    </step><!-- duration: 578ms -->
    <step title="LockFile &apos;C:\home\site\locks\deployments.lock&apos; released" date="2025-08-01T20:46:38.385" /><!-- duration: 31ms -->
    <step title="Deleting shutdown sentinel file" date="2025-08-01T20:46:38.447" SemaphoreCount="8" /><!-- duration: 31ms -->
    <step title="Starting FetchDeploy" date="2025-08-01T20:46:38.510" /><!-- duration: 16ms -->
    <step title="Attempting to fetch target branch HEAD" date="2025-08-01T20:46:38.541" /><!-- duration: 16ms -->
    <step title="Updating shutdown sentinel last write time" date="2025-08-01T20:46:38.619" SemaphoreCount="7" /><!-- duration: 16ms -->
    <step title="LockFile &apos;C:\home\site\locks\deployments.lock&apos; acquired" date="2025-08-01T20:46:38.650" /><!-- duration: 31ms -->
    <step title="Performing fetch based deployment" date="2025-08-01T20:46:38.697" >
      <step title="Creating temporary deployment" date="2025-08-01T20:46:38.729" /><!-- duration: 141ms -->
      <step title="Fetching changes." date="2025-08-01T20:46:39.119" /><!-- duration: 16ms -->
      <step title="Starting LocalZipHandler" date="2025-08-01T20:46:39.197" /><!-- duration: 16ms -->
      <step title="Starting ExtractTriggers" date="2025-08-01T20:46:39.245" /><!-- duration: 14ms -->
      <step title="None repository commit" date="2025-08-01T20:46:39.416" >
        <step title="Commit id: 0cf2584301e3445d82ef1aaf2555db35" date="2025-08-01T20:46:39.447" Message="Created via a push deployment" AuthorName="N/A" AuthorEmail="N/A" /><!-- duration: 16ms -->
      </step><!-- duration: 63ms -->
      <step title="Before sending BuildRequestReceived status to /api/updatedeploystatus" date="2025-08-01T20:46:39.510" /><!-- duration: 16ms -->
      <step title="DeploymentManager.Deploy(id:0cf2584301e3445d82ef1aaf2555db35)" date="2025-08-01T20:46:39.572" >
        <step title="Collecting changeset information" date="2025-08-01T20:46:39.619" /><!-- duration: 141ms -->
        <step title="Updating submodules" date="2025-08-01T20:46:39.791" >
          <step title="Updating submodules." date="2025-08-01T20:46:39.979" /><!-- duration: 31ms -->
        </step><!-- duration: 266ms -->
        <step title="Preparing deployment for commit id &apos;0cf2584301&apos;." date="2025-08-01T20:46:40.244" /><!-- duration: 31ms -->
        <step title="Determining deployment builder" date="2025-08-01T20:46:40.447" >
          <step title="Builder is RunFromZipSiteBuilder" date="2025-08-01T20:46:40.479" /><!-- duration: 16ms -->
        </step><!-- duration: 63ms -->
        <step title="Copying SSH keys" date="2025-08-01T20:46:40.588" /><!-- duration: 31ms -->
        <step title="Building" date="2025-08-01T20:46:40.651" >
          <step title="Skipping build. Project type: Run-From-Zip" date="2025-08-01T20:46:40.854" /><!-- duration: 16ms -->
          <step title="Skipping post build. Project type: Run-From-Zip" date="2025-08-01T20:46:41.088" /><!-- duration: 31ms -->
          <step title="Triggering recycle (preview mode disabled)." date="2025-08-01T20:46:41.322" /><!-- duration: 31ms -->
          <step title="Ignoring FS watcher based recycle request as this is a classic Windows app." date="2025-08-01T20:46:41.401" /><!-- duration: 16ms -->
          <step title="Deployment successful. DEPLOYMENTINFO: deploymentPath = Functions App ZipDeploy. Run from package. Ignore remote build., deployer = ZipDeploy, os = windows, sku = Dynamic, language = node, siteName = aitm-func-1753463791, slotName = Production, siteHostName = aitm-func-1753463791.azurewebsites.net, deploymentStatus = Success" date="2025-08-01T20:46:41.651" /><!-- duration: 16ms -->
          <step title="Purge deployment items" date="2025-08-01T20:46:42.338" >
            <step title="Remove 63599f329, Success, received at 8/1/2025 6:32:51 PM" date="2025-08-01T20:46:42.651" /><!-- duration: 16ms -->
          </step><!-- duration: 344ms -->
        </step><!-- duration: 2141ms -->
      </step><!-- duration: 3235ms -->
      <step title="Cleaning up temp files" date="2025-08-01T20:46:42.823" /><!-- duration: 31ms -->
      <step title="Updating C:\home\data\SitePackages\packagename.txt with deployment 20250801204637.zip" date="2025-08-01T20:46:42.869" /><!-- duration: 63ms -->
      <step title="Begin HttpPost https://aitm-func-1753463791.scm.azurewebsites.net/operations/settriggers, x-ms-request-id: cbcd0635-69cf-43f0-aa39-12bf196565fb" date="2025-08-01T20:46:42.979" /><!-- duration: 31ms -->
      <step title="End HttpPost, status: OK" date="2025-08-01T20:46:43.229" /><!-- duration: 31ms -->
      <step title="Scheduling background sync triggers after delay" date="2025-08-01T20:46:43.276" /><!-- duration: 31ms -->
    </step><!-- duration: 4844ms -->
    <step title="LockFile &apos;C:\home\site\locks\deployments.lock&apos; released" date="2025-08-01T20:46:43.573" /><!-- duration: 16ms -->
  </step><!-- duration: 6250ms -->
  <step title="Outgoing response" date="2025-08-01T20:46:43.651" type="response" statusCode="200" statusText="OK" Server="Microsoft-IIS/10.0" x-ms-request-id="cbcd0635-69cf-43f0-aa39-12bf196565fb" Cache-Control="private" X-AspNet-Version="4.0.30319" /><!-- duration: 16ms -->
</step><!-- duration: 6407ms -->
