<step title="Incoming Request" date="2025-08-01T15:38:08.739" instance="c0ee5a" url="/api/zipdeploy" method="POST" type="request" pid="3168,2,9" Content-Length="12076452" Content-Type="application/zip" Authorization="Bea..." Host="aitm-func-1753463791.scm.azurewebsites.net" If-Match="*" User-Agent="functions-core-tools/4.1.0" X-ARR-LOG-ID="00d8fd5c-d743-4902-b43c-4ed9d2579bdd" CLIENT-IP="34.224.177.102:34201" X-SITE-DEPLOYMENT-ID="aitm-func-1753463791" WAS-DEFAULT-HOSTNAME="aitm-func-1753463791.scm.azurewebsites.net" X-Forwarded-Proto="https" X-AppService-Proto="https" X-Forwarded-TlsVersion="1.3" X-WAWS-Unencoded-URL="/api/zipdeploy" >
  <step title="ZipPushDeploy" date="2025-08-01T15:38:08.802" >
    <step title="Functions App ZipDeploy. Run from package." date="2025-08-01T15:38:08.849" /><!-- duration: 31ms -->
    <step title="Starting PushDeployAsync" date="2025-08-01T15:38:08.911" /><!-- duration: 16ms -->
    <step title="Updating shutdown sentinel last write time" date="2025-08-01T15:38:08.989" SemaphoreCount="7" /><!-- duration: 31ms -->
    <step title="LockFile &apos;C:\home\site\locks\deployments.lock&apos; acquired" date="2025-08-01T15:38:09.036" /><!-- duration: 47ms -->
    <step title="Deleting outdated zip file C:\home\data\SitePackages\20250801145620.zip" date="2025-08-01T15:38:09.130" /><!-- duration: 47ms -->
    <step title="Saving request content to C:\home\data\SitePackages\20250801153808.zip" date="2025-08-01T15:38:09.208" >
      <step title="Total 12,076,452 bytes written to C:\home\data\SitePackages\20250801153808.zip" date="2025-08-01T15:38:09.442" /><!-- duration: 31ms -->
    </step><!-- duration: 875ms -->
    <step title="LockFile &apos;C:\home\site\locks\deployments.lock&apos; released" date="2025-08-01T15:38:10.114" /><!-- duration: 31ms -->
    <step title="Deleting shutdown sentinel file" date="2025-08-01T15:38:10.224" SemaphoreCount="8" /><!-- duration: 16ms -->
    <step title="Starting FetchDeploy" date="2025-08-01T15:38:10.271" /><!-- duration: 31ms -->
    <step title="Attempting to fetch target branch HEAD" date="2025-08-01T15:38:10.333" /><!-- duration: 31ms -->
    <step title="Updating shutdown sentinel last write time" date="2025-08-01T15:38:10.411" SemaphoreCount="7" /><!-- duration: 16ms -->
    <step title="LockFile &apos;C:\home\site\locks\deployments.lock&apos; acquired" date="2025-08-01T15:38:10.458" /><!-- duration: 16ms -->
    <step title="Performing fetch based deployment" date="2025-08-01T15:38:10.505" >
      <step title="Creating temporary deployment" date="2025-08-01T15:38:10.536" /><!-- duration: 203ms -->
      <step title="Fetching changes." date="2025-08-01T15:38:10.974" /><!-- duration: 31ms -->
      <step title="Starting LocalZipHandler" date="2025-08-01T15:38:11.083" /><!-- duration: 16ms -->
      <step title="Starting ExtractTriggers" date="2025-08-01T15:38:11.146" /><!-- duration: 16ms -->
      <step title="None repository commit" date="2025-08-01T15:38:11.364" >
        <step title="Commit id: d63cb326904f4a479912286b365cbc56" date="2025-08-01T15:38:11.396" Message="Created via a push deployment" AuthorName="N/A" AuthorEmail="N/A" /><!-- duration: 31ms -->
      </step><!-- duration: 94ms -->
      <step title="Before sending BuildRequestReceived status to /api/updatedeploystatus" date="2025-08-01T15:38:11.474" /><!-- duration: 31ms -->
      <step title="DeploymentManager.Deploy(id:d63cb326904f4a479912286b365cbc56)" date="2025-08-01T15:38:11.536" >
        <step title="Collecting changeset information" date="2025-08-01T15:38:11.599" /><!-- duration: 203ms -->
        <step title="Updating submodules" date="2025-08-01T15:38:11.833" >
          <step title="Updating submodules." date="2025-08-01T15:38:12.067" /><!-- duration: 31ms -->
        </step><!-- duration: 312ms -->
        <step title="Preparing deployment for commit id &apos;d63cb32690&apos;." date="2025-08-01T15:38:12.380" /><!-- duration: 16ms -->
        <step title="Determining deployment builder" date="2025-08-01T15:38:12.661" >
          <step title="Builder is RunFromZipSiteBuilder" date="2025-08-01T15:38:12.692" /><!-- duration: 16ms -->
        </step><!-- duration: 78ms -->
        <step title="Copying SSH keys" date="2025-08-01T15:38:12.833" /><!-- duration: 47ms -->
        <step title="Building" date="2025-08-01T15:38:12.911" >
          <step title="Skipping build. Project type: Run-From-Zip" date="2025-08-01T15:38:13.177" /><!-- duration: 16ms -->
          <step title="Skipping post build. Project type: Run-From-Zip" date="2025-08-01T15:38:13.474" /><!-- duration: 31ms -->
          <step title="Triggering recycle (preview mode disabled)." date="2025-08-01T15:38:13.802" /><!-- duration: 31ms -->
          <step title="Ignoring FS watcher based recycle request as this is a classic Windows app." date="2025-08-01T15:38:13.896" /><!-- duration: 31ms -->
          <step title="Deployment successful. DEPLOYMENTINFO: deploymentPath = Functions App ZipDeploy. Run from package., deployer = ZipDeploy, os = windows, sku = Dynamic, language = node, siteName = aitm-func-1753463791, slotName = Production, siteHostName = aitm-func-1753463791.azurewebsites.net, deploymentStatus = Success" date="2025-08-01T15:38:14.224" /><!-- duration: 16ms -->
          <step title="Purge deployment items" date="2025-08-01T15:38:15.130" >
            <step title="Remove 7ae2cc28b, Success, received at 8/1/2025 12:32:22 PM" date="2025-08-01T15:38:15.536" /><!-- duration: 31ms -->
          </step><!-- duration: 469ms -->
        </step><!-- duration: 2797ms -->
      </step><!-- duration: 4203ms -->
      <step title="Cleaning up temp files" date="2025-08-01T15:38:15.771" /><!-- duration: 31ms -->
      <step title="Updating C:\home\data\SitePackages\packagename.txt with deployment 20250801153808.zip" date="2025-08-01T15:38:15.833" /><!-- duration: 78ms -->
      <step title="Begin HttpPost https://aitm-func-1753463791.scm.azurewebsites.net/operations/settriggers, x-ms-request-id: 00d8fd5c-d743-4902-b43c-4ed9d2579bdd" date="2025-08-01T15:38:15.942" /><!-- duration: 31ms -->
      <step title="End HttpPost, status: OK" date="2025-08-01T15:38:16.177" /><!-- duration: 47ms -->
      <step title="Scheduling background sync triggers after delay" date="2025-08-01T15:38:16.255" /><!-- duration: 31ms -->
    </step><!-- duration: 6063ms -->
    <step title="LockFile &apos;C:\home\site\locks\deployments.lock&apos; released" date="2025-08-01T15:38:16.614" /><!-- duration: 16ms -->
  </step><!-- duration: 7891ms -->
  <step title="Outgoing response" date="2025-08-01T15:38:16.708" type="response" statusCode="200" statusText="OK" Server="Microsoft-IIS/10.0" x-ms-request-id="00d8fd5c-d743-4902-b43c-4ed9d2579bdd" Cache-Control="private" X-AspNet-Version="4.0.30319" /><!-- duration: 31ms -->
</step><!-- duration: 8031ms -->
