<step title="Incoming Request" date="2025-08-01T18:10:23.320" instance="a26e13" url="/api/zipdeploy" method="POST" type="request" pid="1004,2,28" Content-Length="12088856" Content-Type="application/zip" Authorization="Bea..." Host="aitm-func-1753463791.scm.azurewebsites.net" If-Match="*" User-Agent="functions-core-tools/4.1.0" X-ARR-LOG-ID="8cacdbb3-f79c-4170-a855-470db421c683" CLIENT-IP="18.215.86.88:21042" X-SITE-DEPLOYMENT-ID="aitm-func-1753463791" WAS-DEFAULT-HOSTNAME="aitm-func-1753463791.scm.azurewebsites.net" X-Forwarded-Proto="https" X-AppService-Proto="https" X-Forwarded-TlsVersion="1.3" X-WAWS-Unencoded-URL="/api/zipdeploy" >
  <step title="Cleanup Xml Logs" date="2025-08-01T18:10:23.351" /><!-- duration: 47ms -->
  <step title="ZipPushDeploy" date="2025-08-01T18:10:23.461" >
    <step title="Functions App ZipDeploy. Extract zip. Remote build. " date="2025-08-01T18:10:23.492" /><!-- duration: 31ms -->
    <step title="Starting PushDeployAsync" date="2025-08-01T18:10:23.555" /><!-- duration: 16ms -->
    <step title="Updating shutdown sentinel last write time" date="2025-08-01T18:10:23.633" SemaphoreCount="7" /><!-- duration: 31ms -->
    <step title="LockFile &apos;C:\home\site\locks\deployments.lock&apos; acquired" date="2025-08-01T18:10:23.695" /><!-- duration: 16ms -->
    <step title="Saving request content to C:\local\Temp\zipdeploy\by1gmiai.zip" date="2025-08-01T18:10:23.742" >
      <step title="Total 12,088,856 bytes written to C:\local\Temp\zipdeploy\by1gmiai.zip" date="2025-08-01T18:10:23.836" /><!-- duration: 31ms -->
    </step><!-- duration: 141ms -->
    <step title="LockFile &apos;C:\home\site\locks\deployments.lock&apos; released" date="2025-08-01T18:10:23.930" /><!-- duration: 16ms -->
    <step title="Deleting shutdown sentinel file" date="2025-08-01T18:10:24.008" SemaphoreCount="8" /><!-- duration: 16ms -->
    <step title="Starting FetchDeploy" date="2025-08-01T18:10:24.055" /><!-- duration: 31ms -->
    <step title="Attempting to fetch target branch HEAD" date="2025-08-01T18:10:24.117" /><!-- duration: 16ms -->
    <step title="Updating shutdown sentinel last write time" date="2025-08-01T18:10:24.195" SemaphoreCount="7" /><!-- duration: 16ms -->
    <step title="LockFile &apos;C:\home\site\locks\deployments.lock&apos; acquired" date="2025-08-01T18:10:24.242" /><!-- duration: 31ms -->
    <step title="Performing fetch based deployment" date="2025-08-01T18:10:24.305" >
      <step title="Creating temporary deployment" date="2025-08-01T18:10:24.351" /><!-- duration: 172ms -->
      <step title="Fetching changes." date="2025-08-01T18:10:24.758" /><!-- duration: 31ms -->
      <step title="Starting LocalZipHandler" date="2025-08-01T18:10:24.836" /><!-- duration: 31ms -->
      <step title="Starting LocalZipFetch" date="2025-08-01T18:10:24.883" /><!-- duration: 31ms -->
      <step title="Cleaning up temp folders from previous zip deployments and extracting pushed zip file C:\local\Temp\zipdeploy\by1gmiai.zip (11.53 MB) to C:\local\Temp\zipdeploy\extracted" date="2025-08-01T18:10:24.961" /><!-- duration: 16ms -->
      <step title="Cleaning up temp folders from previous zip deployments and extracting pushed zip file C:\local\Temp\zipdeploy\by1gmiai.zip (11.53 MB) to C:\local\Temp\zipdeploy\extracted" date="2025-08-01T18:10:25.023" >
        <step title="Renaming extractTargetDirectory(C:\local\Temp\zipdeploy\extracted) to tempDirectory(C:\local\Temp\zipdeploy\tn1mcls0.huz)" date="2025-08-01T18:10:25.071" /><!-- duration: 30ms -->
        <step title="Extracting 1135 entries to C:\local\Temp\zipdeploy\extracted directory" date="2025-08-01T18:10:25.133" >
          <step title="Extracting to C:\local\Temp\zipdeploy\extracted\logs_white_page.zip ..." date="2025-08-01T18:10:25.148" /><!-- duration: 31ms -->
          <step title="Extracting to C:\local\Temp\zipdeploy\extracted\latest_phishlet_logs.zip ..." date="2025-08-01T18:10:25.211" /><!-- duration: 31ms -->
          <step title="Extracting to C:\local\Temp\zipdeploy\extracted\package-lock.json ..." date="2025-08-01T18:10:25.273" /><!-- duration: 16ms -->
          <step title="Extracting to C:\local\Temp\zipdeploy\extracted\evilginx-debug-latest.zip ..." date="2025-08-01T18:10:25.320" /><!-- duration: 31ms -->
          <step title="Extracting to C:\local\Temp\zipdeploy\extracted\headers2.txt ..." date="2025-08-01T18:10:25.367" /><!-- duration: 31ms -->
          <step title="Omitting extracting file traces ..." date="2025-08-01T18:10:25.414" /><!-- duration: 31ms -->
          <step title="Extracting to C:\local\Temp\zipdeploy\extracted\LogFiles\DetailedErrors\ErrorPage000035.htm ..." date="2025-08-01T18:10:26.430" /><!-- duration: 31ms -->
          <step title="Extracting to C:\local\Temp\zipdeploy\extracted\LogFiles\DetailedErrors\ErrorPage000033.htm ..." date="2025-08-01T18:10:26.476" /><!-- duration: 31ms -->
          <step title="Extracting to C:\local\Temp\zipdeploy\extracted\LogFiles\DetailedErrors\ErrorPage000036.htm ..." date="2025-08-01T18:10:26.523" /><!-- duration: 31ms -->
          <step title="Extracting to C:\local\Temp\zipdeploy\extracted\LogFiles\DetailedErrors\ErrorPage000020.htm ..." date="2025-08-01T18:10:26.570" /><!-- duration: 47ms -->
          <step title="Extracting to C:\local\Temp\zipdeploy\extracted\LogFiles\DetailedErrors\ErrorPage000028.htm ..." date="2025-08-01T18:10:26.648" /><!-- duration: 16ms -->
        </step><!-- duration: 1563ms -->
      </step><!-- duration: 1687ms -->
      <step title="None repository commit" date="2025-08-01T18:10:26.742" >
        <step title="Commit id: fde91b80479849358d875a41ab227d20" date="2025-08-01T18:10:26.773" Message="Created via a push deployment" AuthorName="N/A" AuthorEmail="N/A" /><!-- duration: 31ms -->
      </step><!-- duration: 78ms -->
      <step title="Before sending BuildRequestReceived status to /api/updatedeploystatus" date="2025-08-01T18:10:26.851" /><!-- duration: 31ms -->
      <step title="DeploymentManager.Deploy(id:fde91b80479849358d875a41ab227d20)" date="2025-08-01T18:10:26.898" >
        <step title="Collecting changeset information" date="2025-08-01T18:10:26.945" /><!-- duration: 203ms -->
        <step title="Updating submodules" date="2025-08-01T18:10:27.164" >
          <step title="Updating submodules." date="2025-08-01T18:10:27.398" /><!-- duration: 31ms -->
        </step><!-- duration: 313ms -->
        <step title="Preparing deployment for commit id &apos;fde91b8047&apos;." date="2025-08-01T18:10:27.695" /><!-- duration: 31ms -->
        <step title="Determining deployment builder" date="2025-08-01T18:10:27.992" >
          <step title="UseMSBuild16: True" date="2025-08-01T18:10:28.023" /><!-- duration: 16ms -->
          <step title="Builder is FunctionBasicBuilder" date="2025-08-01T18:10:28.133" /><!-- duration: 16ms -->
        </step><!-- duration: 188ms -->
        <step title="Copying SSH keys" date="2025-08-01T18:10:28.351" /><!-- duration: 63ms -->
        <step title="Building" date="2025-08-01T18:10:28.445" >
          <step title="Generating deployment script." date="2025-08-01T18:10:28.664" /><!-- duration: 31ms -->
          <step title="Generating deployment script" date="2025-08-01T18:10:28.742" >
            <step title="Using cached version of the deployment script for command: -y --no-dot-deployment -r &quot;C:\local\Temp\zipdeploy\extracted&quot; -o &quot;C:\home\site\deployments\tools&quot; --functionApp --sitePath &quot;C:\local\Temp\zipdeploy\extracted&quot;" date="2025-08-01T18:10:28.820" /><!-- duration: 31ms -->
            <step title="Using cached version of deployment script (command: &apos;azure -y --no-dot-deployment -r &quot;C:\local\Temp\zipdeploy\extracted&quot; -o &quot;C:\home\site\deployments\tools&quot; --functionApp --sitePath &quot;C:\local\Temp\zipdeploy\extracted&quot;&apos;)." date="2025-08-01T18:10:28.898" /><!-- duration: 31ms -->
          </step><!-- duration: 218ms -->
          <step title="Running deployment command..." date="2025-08-01T18:10:29.195" /><!-- duration: 16ms -->
          <step title="Command: &quot;C:\home\site\deployments\tools\deploy.cmd&quot;" date="2025-08-01T18:10:29.305" /><!-- duration: 16ms -->
          <step title="Executing external process" date="2025-08-01T18:10:29.383" type="process" path="starter.cmd" arguments="&quot;C:\home\site\deployments\tools\deploy.cmd&quot;" >
            <step title="Handling function App deployment." date="2025-08-01T18:10:29.601" /><!-- duration: 31ms -->
            <step title="Not using funcpack because SCM_USE_FUNCPACK is not set to 1" date="2025-08-01T18:10:29.695" /><!-- duration: 31ms -->
            <step title="Installing function extensions from nuget" date="2025-08-01T18:10:29.789" /><!-- duration: 31ms -->
            <step title="Creating app_offline.htm" date="2025-08-01T18:10:34.836" /><!-- duration: 31ms -->
            <step title="KuduSync.NET from: &apos;C:\local\Temp\zipdeploy\extracted&apos; to: &apos;C:\home\site\wwwroot&apos;" date="2025-08-01T18:10:34.961" /><!-- duration: 31ms -->
            <step title="Copying file: &apos;package-lock.json&apos;" date="2025-08-01T18:10:35.086" /><!-- duration: 31ms -->
            <step title="Copying file: &apos;node_modules\.package-lock.json&apos;" date="2025-08-01T18:10:35.195" /><!-- duration: 31ms -->
m warn config production Use `--omit=dev` instead." date="2025-08-01T18:10:35.227" /><!-- duration: 31ms -->
            <step title="Copying file: &apos;src\functions\working_fixes.js&apos;" date="2025-08-01T18:10:35.305" /><!-- duration: 31ms -->
            <step title="Deleting app_offline.htm" date="2025-08-01T18:10:35.430" /><!-- duration: 16ms -->
            <step title="Restoring npm packages in &quot;C:\home\site\wwwroot&quot;" date="2025-08-01T18:10:35.555" /><!-- duration: 31ms -->
            <step title="up to date, audited 29 packages in 1s" date="2025-08-01T18:10:36.477" /><!-- duration: 16ms -->
            <step title="6 packages are looking for funding" date="2025-08-01T18:10:36.617" /><!-- duration: 31ms -->
            <step title="  run `npm fund` for details" date="2025-08-01T18:10:36.727" /><!-- duration: 16ms -->
            <step title="npm warn config production Use `--omit=dev` instead." date="2025-08-01T18:10:36.852" >
            <step title="3 vulnerabilities (2 low, 1 moderate)" date="2025-08-01T18:10:36.867" /><!-- duration: 47ms -->
            <step title="To address all issues, run:" date="2025-08-01T18:10:37.023" /><!-- duration: 63ms -->
            <step title="  npm audit fix" date="2025-08-01T18:10:37.164" /><!-- duration: 16ms -->
            <step title="Run `npm audit` for details." date="2025-08-01T18:10:37.320" /><!-- duration: 16ms -->
            <step title="up to date, audited 29 packages in 1s" date="2025-08-01T18:10:37.883" /><!-- duration: 31ms -->
            <step title="6 packages are looking for funding" date="2025-08-01T18:10:38.039" /><!-- duration: 16ms -->
            <step title="  run `npm fund` for details" date="2025-08-01T18:10:38.180" /><!-- duration: 16ms -->
            <step title="found 0 vulnerabilities" date="2025-08-01T18:10:38.320" /><!-- duration: 31ms -->
            <step title="Finished successfully." date="2025-08-01T18:10:38.430" /><!-- duration: 31ms -->
          </step><!-- duration: 9125ms -->
          <step title="Running post deployment command(s)..." date="2025-08-01T18:10:38.727" /><!-- duration: 31ms -->
          <step title="Triggering recycle (preview mode disabled)." date="2025-08-01T18:10:39.008" /><!-- duration: 31ms -->
          <step title="Ignoring FS watcher based recycle request as this is a classic Windows app." date="2025-08-01T18:10:39.086" /><!-- duration: 16ms -->
          <step title="Deployment successful. DEPLOYMENTINFO: deploymentPath = Functions App ZipDeploy. Extract zip. Remote build. , deployer = ZipDeploy, os = windows, sku = Dynamic, language = node, siteName = aitm-func-1753463791, slotName = Production, siteHostName = aitm-func-1753463791.azurewebsites.net, deploymentStatus = Success" date="2025-08-01T18:10:39.320" /><!-- duration: 16ms -->
          <step title="Purge deployment items" date="2025-08-01T18:10:39.977" >
            <step title="Remove 40e78b136, Success, received at 8/1/2025 3:11:34 PM" date="2025-08-01T18:10:40.289" /><!-- duration: 31ms -->
          </step><!-- duration: 375ms -->
        </step><!-- duration: 12031ms -->
      </step><!-- duration: 13594ms -->
      <step title="Cleaning up temp files" date="2025-08-01T18:10:40.523" /><!-- duration: 63ms -->
      <step title="Begin HttpPost https://aitm-func-1753463791.scm.azurewebsites.net/operations/settriggers, x-ms-request-id: 8cacdbb3-f79c-4170-a855-470db421c683" date="2025-08-01T18:10:40.633" /><!-- duration: 31ms -->
      <step title="End HttpPost, status: OK" date="2025-08-01T18:10:40.758" /><!-- duration: 16ms -->
      <step title="Scheduling background sync triggers after delay" date="2025-08-01T18:10:40.805" /><!-- duration: 31ms -->
    </step><!-- duration: 16751ms -->
    <step title="LockFile &apos;C:\home\site\locks\deployments.lock&apos; released" date="2025-08-01T18:10:41.086" /><!-- duration: 31ms -->
  </step><!-- duration: 17703ms -->
  <step title="Outgoing response" date="2025-08-01T18:10:41.195" type="response" statusCode="200" statusText="OK" Server="Microsoft-IIS/10.0" x-ms-request-id="8cacdbb3-f79c-4170-a855-470db421c683" Cache-Control="private" X-AspNet-Version="4.0.30319" /><!-- duration: 31ms -->
</step><!-- duration: 17938ms -->
