<step title="Incoming Request" date="2025-08-01T18:24:10.692" instance="4e18c7" url="/api/zipdeploy" method="POST" type="request" pid="3080,2,9" Content-Length="12085259" Content-Type="application/zip" Authorization="Bea..." Host="aitm-func-1753463791.scm.azurewebsites.net" If-Match="*" User-Agent="functions-core-tools/4.1.0" X-ARR-LOG-ID="a4eb2ca5-801b-4d62-a841-0a9f2e41ad2e" CLIENT-IP="54.85.64.19:13384" X-SITE-DEPLOYMENT-ID="aitm-func-1753463791" WAS-DEFAULT-HOSTNAME="aitm-func-1753463791.scm.azurewebsites.net" X-Forwarded-Proto="https" X-AppService-Proto="https" X-Forwarded-TlsVersion="1.3" X-WAWS-Unencoded-URL="/api/zipdeploy" >
  <step title="ZipPushDeploy" date="2025-08-01T18:24:10.848" >
    <step title="Functions App ZipDeploy. Extract zip. Remote build. " date="2025-08-01T18:24:10.895" /><!-- duration: 31ms -->
    <step title="Starting PushDeployAsync" date="2025-08-01T18:24:10.957" /><!-- duration: 16ms -->
    <step title="Updating shutdown sentinel last write time" date="2025-08-01T18:24:11.067" SemaphoreCount="7" /><!-- duration: 16ms -->
    <step title="LockFile &apos;C:\home\site\locks\deployments.lock&apos; acquired" date="2025-08-01T18:24:11.113" /><!-- duration: 16ms -->
    <step title="Saving request content to C:\local\Temp\zipdeploy\irz1pozu.zip" date="2025-08-01T18:24:11.160" >
      <step title="Total 12,085,259 bytes written to C:\local\Temp\zipdeploy\irz1pozu.zip" date="2025-08-01T18:24:11.270" /><!-- duration: 31ms -->
    </step><!-- duration: 172ms -->
    <step title="LockFile &apos;C:\home\site\locks\deployments.lock&apos; released" date="2025-08-01T18:24:11.379" /><!-- duration: 16ms -->
    <step title="Deleting shutdown sentinel file" date="2025-08-01T18:24:11.457" SemaphoreCount="8" /><!-- duration: 16ms -->
    <step title="Starting FetchDeploy" date="2025-08-01T18:24:11.504" /><!-- duration: 31ms -->
    <step title="Attempting to fetch target branch HEAD" date="2025-08-01T18:24:11.551" /><!-- duration: 31ms -->
    <step title="Updating shutdown sentinel last write time" date="2025-08-01T18:24:11.613" SemaphoreCount="7" /><!-- duration: 31ms -->
    <step title="LockFile &apos;C:\home\site\locks\deployments.lock&apos; acquired" date="2025-08-01T18:24:11.660" /><!-- duration: 31ms -->
    <step title="Performing fetch based deployment" date="2025-08-01T18:24:11.723" >
      <step title="Creating temporary deployment" date="2025-08-01T18:24:11.738" /><!-- duration: 172ms -->
      <step title="Fetching changes." date="2025-08-01T18:24:12.176" /><!-- duration: 31ms -->
      <step title="Starting LocalZipHandler" date="2025-08-01T18:24:12.270" /><!-- duration: 16ms -->
      <step title="Starting LocalZipFetch" date="2025-08-01T18:24:12.317" /><!-- duration: 31ms -->
      <step title="Cleaning up temp folders from previous zip deployments and extracting pushed zip file C:\local\Temp\zipdeploy\irz1pozu.zip (11.53 MB) to C:\local\Temp\zipdeploy\extracted" date="2025-08-01T18:24:12.395" /><!-- duration: 31ms -->
      <step title="Cleaning up temp folders from previous zip deployments and extracting pushed zip file C:\local\Temp\zipdeploy\irz1pozu.zip (11.53 MB) to C:\local\Temp\zipdeploy\extracted" date="2025-08-01T18:24:12.473" >
        <step title="Renaming extractTargetDirectory(C:\local\Temp\zipdeploy\extracted) to tempDirectory(C:\local\Temp\zipdeploy\eihat1uk.32f)" date="2025-08-01T18:24:12.504" /><!-- duration: 31ms -->
        <step title="Extracting 1136 entries to C:\local\Temp\zipdeploy\extracted directory" date="2025-08-01T18:24:12.567" >
          <step title="Extracting to C:\local\Temp\zipdeploy\extracted\logs_white_page.zip ..." date="2025-08-01T18:24:12.598" /><!-- duration: 31ms -->
          <step title="Extracting to C:\local\Temp\zipdeploy\extracted\latest_phishlet_logs.zip ..." date="2025-08-01T18:24:12.645" /><!-- duration: 31ms -->
          <step title="Extracting to C:\local\Temp\zipdeploy\extracted\package-lock.json ..." date="2025-08-01T18:24:12.707" /><!-- duration: 31ms -->
          <step title="Extracting to C:\local\Temp\zipdeploy\extracted\evilginx-debug-latest.zip ..." date="2025-08-01T18:24:12.754" /><!-- duration: 47ms -->
          <step title="Extracting to C:\local\Temp\zipdeploy\extracted\headers2.txt ..." date="2025-08-01T18:24:12.817" /><!-- duration: 31ms -->
          <step title="Omitting extracting file traces ..." date="2025-08-01T18:24:12.879" /><!-- duration: 31ms -->
          <step title="Extracting to C:\local\Temp\zipdeploy\extracted\LogFiles\DetailedErrors\ErrorPage000035.htm ..." date="2025-08-01T18:24:14.004" /><!-- duration: 31ms -->
          <step title="Extracting to C:\local\Temp\zipdeploy\extracted\LogFiles\DetailedErrors\ErrorPage000033.htm ..." date="2025-08-01T18:24:14.070" /><!-- duration: 28ms -->
          <step title="Extracting to C:\local\Temp\zipdeploy\extracted\LogFiles\DetailedErrors\ErrorPage000036.htm ..." date="2025-08-01T18:24:14.114" /><!-- duration: 31ms -->
          <step title="Extracting to C:\local\Temp\zipdeploy\extracted\LogFiles\DetailedErrors\ErrorPage000020.htm ..." date="2025-08-01T18:24:14.160" /><!-- duration: 47ms -->
          <step title="Extracting to C:\local\Temp\zipdeploy\extracted\LogFiles\DetailedErrors\ErrorPage000028.htm ..." date="2025-08-01T18:24:14.239" /><!-- duration: 16ms -->
        </step><!-- duration: 1719ms -->
      </step><!-- duration: 1844ms -->
      <step title="None repository commit" date="2025-08-01T18:24:14.332" >
        <step title="Commit id: 783217a151b64f6db7c522086be36036" date="2025-08-01T18:24:14.364" Message="Created via a push deployment" AuthorName="N/A" AuthorEmail="N/A" /><!-- duration: 16ms -->
      </step><!-- duration: 78ms -->
      <step title="Before sending BuildRequestReceived status to /api/updatedeploystatus" date="2025-08-01T18:24:14.426" /><!-- duration: 31ms -->
      <step title="DeploymentManager.Deploy(id:783217a151b64f6db7c522086be36036)" date="2025-08-01T18:24:14.504" >
        <step title="Collecting changeset information" date="2025-08-01T18:24:14.551" /><!-- duration: 187ms -->
        <step title="Updating submodules" date="2025-08-01T18:24:14.770" >
          <step title="Updating submodules." date="2025-08-01T18:24:15.004" /><!-- duration: 31ms -->
        </step><!-- duration: 313ms -->
        <step title="Preparing deployment for commit id &apos;783217a151&apos;." date="2025-08-01T18:24:15.317" /><!-- duration: 16ms -->
        <step title="Determining deployment builder" date="2025-08-01T18:24:15.567" >
          <step title="UseMSBuild16: True" date="2025-08-01T18:24:15.598" /><!-- duration: 31ms -->
          <step title="Builder is FunctionBasicBuilder" date="2025-08-01T18:24:15.692" /><!-- duration: 31ms -->
        </step><!-- duration: 172ms -->
        <step title="Copying SSH keys" date="2025-08-01T18:24:15.848" /><!-- duration: 47ms -->
        <step title="Building" date="2025-08-01T18:24:15.926" >
          <step title="Generating deployment script." date="2025-08-01T18:24:16.160" /><!-- duration: 31ms -->
          <step title="Generating deployment script" date="2025-08-01T18:24:16.254" >
            <step title="Using cached version of the deployment script for command: -y --no-dot-deployment -r &quot;C:\local\Temp\zipdeploy\extracted&quot; -o &quot;C:\home\site\deployments\tools&quot; --functionApp --sitePath &quot;C:\local\Temp\zipdeploy\extracted&quot;" date="2025-08-01T18:24:16.332" /><!-- duration: 16ms -->
            <step title="Using cached version of deployment script (command: &apos;azure -y --no-dot-deployment -r &quot;C:\local\Temp\zipdeploy\extracted&quot; -o &quot;C:\home\site\deployments\tools&quot; --functionApp --sitePath &quot;C:\local\Temp\zipdeploy\extracted&quot;&apos;)." date="2025-08-01T18:24:16.395" /><!-- duration: 31ms -->
          </step><!-- duration: 219ms -->
          <step title="Running deployment command..." date="2025-08-01T18:24:16.707" /><!-- duration: 31ms -->
          <step title="Command: &quot;C:\home\site\deployments\tools\deploy.cmd&quot;" date="2025-08-01T18:24:16.832" /><!-- duration: 16ms -->
          <step title="Executing external process" date="2025-08-01T18:24:16.910" type="process" path="starter.cmd" arguments="&quot;C:\home\site\deployments\tools\deploy.cmd&quot;" >
            <step title="Handling function App deployment." date="2025-08-01T18:24:17.942" /><!-- duration: 16ms -->
            <step title="Not using funcpack because SCM_USE_FUNCPACK is not set to 1" date="2025-08-01T18:24:18.035" /><!-- duration: 31ms -->
            <step title="Installing function extensions from nuget" date="2025-08-01T18:24:18.145" /><!-- duration: 31ms -->
            <step title="Creating app_offline.htm" date="2025-08-01T18:24:21.879" /><!-- duration: 47ms -->
            <step title="KuduSync.NET from: &apos;C:\local\Temp\zipdeploy\extracted&apos; to: &apos;C:\home\site\wwwroot&apos;" date="2025-08-01T18:24:22.004" /><!-- duration: 31ms -->
            <step title="Copying file: &apos;package-lock.json&apos;" date="2025-08-01T18:24:22.129" /><!-- duration: 31ms -->
            <step title="Copying file: &apos;node_modules\.package-lock.json&apos;" date="2025-08-01T18:24:22.239" /><!-- duration: 31ms -->
m warn config production Use `--omit=dev` instead." date="2025-08-01T18:24:22.270" /><!-- duration: 16ms -->
            <step title="Deleting app_offline.htm" date="2025-08-01T18:24:22.348" /><!-- duration: 16ms -->
            <step title="Restoring npm packages in &quot;C:\home\site\wwwroot&quot;" date="2025-08-01T18:24:22.442" /><!-- duration: 31ms -->
            <step title="up to date, audited 29 packages in 1s" date="2025-08-01T18:24:23.442" /><!-- duration: 31ms -->
            <step title="6 packages are looking for funding" date="2025-08-01T18:24:23.598" /><!-- duration: 31ms -->
            <step title="  run `npm fund` for details" date="2025-08-01T18:24:23.708" /><!-- duration: 16ms -->
            <step title="npm warn config production Use `--omit=dev` instead." date="2025-08-01T18:24:23.817"             <step title="3 vulnerabilities (2 low, 1 moderate)" date="2025-08-01T18:24:23.848" /><!-- duration: 31ms -->
/><!-- duration: 31ms -->
            <step title="To address all issues, run:" date="2025-08-01T18:24:23.989" /><!-- duration: 16ms -->
            <step title="  npm audit fix" date="2025-08-01T18:24:24.098" /><!-- duration: 31ms -->
            <step title="Run `npm audit` for details." date="2025-08-01T18:24:24.239" /><!-- duration: 16ms -->
            <step title="up to date, audited 29 packages in 1s" date="2025-08-01T18:24:24.849" /><!-- duration: 31ms -->
            <step title="6 packages are looking for funding" date="2025-08-01T18:24:24.989" /><!-- duration: 31ms -->
            <step title="  run `npm fund` for details" date="2025-08-01T18:24:25.098" /><!-- duration: 31ms -->
            <step title="found 0 vulnerabilities" date="2025-08-01T18:24:25.254" /><!-- duration: 16ms -->
            <step title="Finished successfully." date="2025-08-01T18:24:25.364" /><!-- duration: 31ms -->
          </step><!-- duration: 8531ms -->
          <step title="Running post deployment command(s)..." date="2025-08-01T18:24:25.661" /><!-- duration: 16ms -->
          <step title="Triggering recycle (preview mode disabled)." date="2025-08-01T18:24:25.926" /><!-- duration: 31ms -->
          <step title="Ignoring FS watcher based recycle request as this is a classic Windows app." date="2025-08-01T18:24:26.004" /><!-- duration: 16ms -->
          <step title="Deployment successful. DEPLOYMENTINFO: deploymentPath = Functions App ZipDeploy. Extract zip. Remote build. , deployer = ZipDeploy, os = windows, sku = Dynamic, language = node, siteName = aitm-func-1753463791, slotName = Production, siteHostName = aitm-func-1753463791.azurewebsites.net, deploymentStatus = Success" date="2025-08-01T18:24:26.286" /><!-- duration: 16ms -->
          <step title="Purge deployment items" date="2025-08-01T18:24:26.989" >
            <step title="Remove caa67d5bf, Success, received at 8/1/2025 3:51:16 PM" date="2025-08-01T18:24:27.286" /><!-- duration: 31ms -->
          </step><!-- duration: 344ms -->
        </step><!-- duration: 11532ms -->
      </step><!-- duration: 12985ms -->
      <step title="Cleaning up temp files" date="2025-08-01T18:24:27.504" /><!-- duration: 31ms -->
      <step title="Begin HttpPost https://aitm-func-1753463791.scm.azurewebsites.net/operations/settriggers, x-ms-request-id: a4eb2ca5-801b-4d62-a841-0a9f2e41ad2e" date="2025-08-01T18:24:27.598" /><!-- duration: 31ms -->
      <step title="End HttpPost, status: OK" date="2025-08-01T18:24:27.723" /><!-- duration: 16ms -->
      <step title="Scheduling background sync triggers after delay" date="2025-08-01T18:24:27.770" /><!-- duration: 16ms -->
    </step><!-- duration: 16313ms -->
    <step title="LockFile &apos;C:\home\site\locks\deployments.lock&apos; released" date="2025-08-01T18:24:28.098" /><!-- duration: 16ms -->
  </step><!-- duration: 17313ms -->
  <step title="Outgoing response" date="2025-08-01T18:24:28.192" type="response" statusCode="200" statusText="OK" Server="Microsoft-IIS/10.0" x-ms-request-id="a4eb2ca5-801b-4d62-a841-0a9f2e41ad2e" Cache-Control="private" X-AspNet-Version="4.0.30319" /><!-- duration: 31ms -->
</step><!-- duration: 17548ms -->
