<step title="Incoming Request" date="2025-08-01T17:46:36.339" instance="a26e13" url="/api/zipdeploy" method="POST" type="request" pid="3528,2,12" Content-Length="12095203" Content-Type="application/zip" Authorization="Bea..." Host="aitm-func-1753463791.scm.azurewebsites.net" If-Match="*" User-Agent="functions-core-tools/4.1.0" X-ARR-LOG-ID="cada4798-f3e3-4174-acc0-2d682520c286" CLIENT-IP="18.215.86.88:17084" X-SITE-DEPLOYMENT-ID="aitm-func-1753463791" WAS-DEFAULT-HOSTNAME="aitm-func-1753463791.scm.azurewebsites.net" X-Forwarded-Proto="https" X-AppService-Proto="https" X-Forwarded-TlsVersion="1.3" X-WAWS-Unencoded-URL="/api/zipdeploy" >
  <step title="Cleanup Xml Logs" date="2025-08-01T17:46:36.370" /><!-- duration: 31ms -->
  <step title="ZipPushDeploy" date="2025-08-01T17:46:36.464" >
    <step title="Functions App ZipDeploy. Extract zip. Remote build. " date="2025-08-01T17:46:36.479" /><!-- duration: 31ms -->
    <step title="Starting PushDeployAsync" date="2025-08-01T17:46:36.526" /><!-- duration: 31ms -->
    <step title="Updating shutdown sentinel last write time" date="2025-08-01T17:46:36.604" SemaphoreCount="7" /><!-- duration: 31ms -->
    <step title="LockFile &apos;C:\home\site\locks\deployments.lock&apos; acquired" date="2025-08-01T17:46:36.651" /><!-- duration: 31ms -->
    <step title="Saving request content to C:\local\Temp\zipdeploy\3eyoyknw.zip" date="2025-08-01T17:46:36.698" >
      <step title="Total 12,095,203 bytes written to C:\local\Temp\zipdeploy\3eyoyknw.zip" date="2025-08-01T17:46:36.776" /><!-- duration: 31ms -->
    </step><!-- duration: 125ms -->
    <step title="LockFile &apos;C:\home\site\locks\deployments.lock&apos; released" date="2025-08-01T17:46:36.854" /><!-- duration: 16ms -->
    <step title="Deleting shutdown sentinel file" date="2025-08-01T17:46:36.932" SemaphoreCount="8" /><!-- duration: 16ms -->
    <step title="Starting FetchDeploy" date="2025-08-01T17:46:36.979" /><!-- duration: 16ms -->
    <step title="Attempting to fetch target branch HEAD" date="2025-08-01T17:46:37.026" /><!-- duration: 16ms -->
    <step title="Updating shutdown sentinel last write time" date="2025-08-01T17:46:37.089" SemaphoreCount="7" /><!-- duration: 31ms -->
    <step title="LockFile &apos;C:\home\site\locks\deployments.lock&apos; acquired" date="2025-08-01T17:46:37.136" /><!-- duration: 15ms -->
    <step title="Performing fetch based deployment" date="2025-08-01T17:46:37.182" >
      <step title="Creating temporary deployment" date="2025-08-01T17:46:37.198" /><!-- duration: 172ms -->
      <step title="Fetching changes." date="2025-08-01T17:46:37.604" /><!-- duration: 16ms -->
      <step title="Starting LocalZipHandler" date="2025-08-01T17:46:37.682" /><!-- duration: 16ms -->
      <step title="Starting LocalZipFetch" date="2025-08-01T17:46:37.714" /><!-- duration: 31ms -->
      <step title="Cleaning up temp folders from previous zip deployments and extracting pushed zip file C:\local\Temp\zipdeploy\3eyoyknw.zip (11.53 MB) to C:\local\Temp\zipdeploy\extracted" date="2025-08-01T17:46:37.792" /><!-- duration: 16ms -->
      <step title="Cleaning up temp folders from previous zip deployments and extracting pushed zip file C:\local\Temp\zipdeploy\3eyoyknw.zip (11.53 MB) to C:\local\Temp\zipdeploy\extracted" date="2025-08-01T17:46:37.854" >
        <step title="Renaming extractTargetDirectory(C:\local\Temp\zipdeploy\extracted) to tempDirectory(C:\local\Temp\zipdeploy\utavu2bi.p54)" date="2025-08-01T17:46:37.870" /><!-- duration: 31ms -->
        <step title="Extracting 1134 entries to C:\local\Temp\zipdeploy\extracted directory" date="2025-08-01T17:46:37.932" >
          <step title="Extracting to C:\local\Temp\zipdeploy\extracted\logs_white_page.zip ..." date="2025-08-01T17:46:37.948" /><!-- duration: 31ms -->
          <step title="Extracting to C:\local\Temp\zipdeploy\extracted\latest_phishlet_logs.zip ..." date="2025-08-01T17:46:37.995" /><!-- duration: 31ms -->
          <step title="Extracting to C:\local\Temp\zipdeploy\extracted\package-lock.json ..." date="2025-08-01T17:46:38.068" /><!-- duration: 21ms -->
          <step title="Extracting to C:\local\Temp\zipdeploy\extracted\evilginx-debug-latest.zip ..." date="2025-08-01T17:46:38.104" /><!-- duration: 31ms -->
          <step title="Extracting to C:\local\Temp\zipdeploy\extracted\headers2.txt ..." date="2025-08-01T17:46:38.167" /><!-- duration: 16ms -->
          <step title="Omitting extracting file traces ..." date="2025-08-01T17:46:38.198" /><!-- duration: 31ms -->
          <step title="Extracting to C:\local\Temp\zipdeploy\extracted\LogFiles\DetailedErrors\ErrorPage000035.htm ..." date="2025-08-01T17:46:39.214" /><!-- duration: 16ms -->
          <step title="Extracting to C:\local\Temp\zipdeploy\extracted\LogFiles\DetailedErrors\ErrorPage000033.htm ..." date="2025-08-01T17:46:39.261" /><!-- duration: 31ms -->
          <step title="Extracting to C:\local\Temp\zipdeploy\extracted\LogFiles\DetailedErrors\ErrorPage000036.htm ..." date="2025-08-01T17:46:39.307" /><!-- duration: 31ms -->
          <step title="Extracting to C:\local\Temp\zipdeploy\extracted\LogFiles\DetailedErrors\ErrorPage000020.htm ..." date="2025-08-01T17:46:39.354" /><!-- duration: 31ms -->
          <step title="Extracting to C:\local\Temp\zipdeploy\extracted\LogFiles\DetailedErrors\ErrorPage000028.htm ..." date="2025-08-01T17:46:39.417" /><!-- duration: 31ms -->
        </step><!-- duration: 1531ms -->
      </step><!-- duration: 1641ms -->
      <step title="None repository commit" date="2025-08-01T17:46:39.511" >
        <step title="Commit id: 24a0b275da0e4f6aa47cd829e8bb9696" date="2025-08-01T17:46:39.542" Message="Created via a push deployment" AuthorName="N/A" AuthorEmail="N/A" /><!-- duration: 16ms -->
      </step><!-- duration: 78ms -->
      <step title="Before sending BuildRequestReceived status to /api/updatedeploystatus" date="2025-08-01T17:46:39.604" /><!-- duration: 16ms -->
      <step title="DeploymentManager.Deploy(id:24a0b275da0e4f6aa47cd829e8bb9696)" date="2025-08-01T17:46:39.651" >
        <step title="Collecting changeset information" date="2025-08-01T17:46:39.698" /><!-- duration: 172ms -->
        <step title="Updating submodules" date="2025-08-01T17:46:39.901" >
          <step title="Updating submodules." date="2025-08-01T17:46:40.089" /><!-- duration: 31ms -->
        </step><!-- duration: 250ms -->
        <step title="Preparing deployment for commit id &apos;24a0b275da&apos;." date="2025-08-01T17:46:40.401" /><!-- duration: 16ms -->
        <step title="Determining deployment builder" date="2025-08-01T17:46:40.651" >
          <step title="UseMSBuild16: True" date="2025-08-01T17:46:40.667" /><!-- duration: 16ms -->
          <step title="Builder is FunctionBasicBuilder" date="2025-08-01T17:46:40.745" /><!-- duration: 31ms -->
        </step><!-- duration: 141ms -->
        <step title="Copying SSH keys" date="2025-08-01T17:46:40.901" /><!-- duration: 31ms -->
        <step title="Building" date="2025-08-01T17:46:40.964" >
          <step title="Generating deployment script." date="2025-08-01T17:46:41.229" /><!-- duration: 16ms -->
          <step title="Generating deployment script" date="2025-08-01T17:46:41.292" >
            <step title="Using cached version of the deployment script for command: -y --no-dot-deployment -r &quot;C:\local\Temp\zipdeploy\extracted&quot; -o &quot;C:\home\site\deployments\tools&quot; --functionApp --sitePath &quot;C:\local\Temp\zipdeploy\extracted&quot;" date="2025-08-01T17:46:41.354" /><!-- duration: 16ms -->
            <step title="Using cached version of deployment script (command: &apos;azure -y --no-dot-deployment -r &quot;C:\local\Temp\zipdeploy\extracted&quot; -o &quot;C:\home\site\deployments\tools&quot; --functionApp --sitePath &quot;C:\local\Temp\zipdeploy\extracted&quot;&apos;)." date="2025-08-01T17:46:41.417" /><!-- duration: 31ms -->
          </step><!-- duration: 203ms -->
          <step title="Running deployment command..." date="2025-08-01T17:46:41.745" /><!-- duration: 16ms -->
          <step title="Command: &quot;C:\home\site\deployments\tools\deploy.cmd&quot;" date="2025-08-01T17:46:41.839" /><!-- duration: 31ms -->
          <step title="Executing external process" date="2025-08-01T17:46:41.917" type="process" path="starter.cmd" arguments="&quot;C:\home\site\deployments\tools\deploy.cmd&quot;" >
            <step title="Handling function App deployment." date="2025-08-01T17:46:42.151" /><!-- duration: 16ms -->
            <step title="Not using funcpack because SCM_USE_FUNCPACK is not set to 1" date="2025-08-01T17:46:42.229" /><!-- duration: 63ms -->
            <step title="Installing function extensions from nuget" date="2025-08-01T17:46:42.354" /><!-- duration: 31ms -->
            <step title="Creating app_offline.htm" date="2025-08-01T17:46:46.464" /><!-- duration: 31ms -->
            <step title="KuduSync.NET from: &apos;C:\local\Temp\zipdeploy\extracted&apos; to: &apos;C:\home\site\wwwroot&apos;" date="2025-08-01T17:46:46.589" /><!-- duration: 16ms -->
            <step title="Copying file: &apos;package-lock.json&apos;" date="2025-08-01T17:46:46.667" /><!-- duration: 15ms -->
            <step title="Copying file: &apos;node_modules\.package-lock.json&apos;" date="2025-08-01T17:46:46.761" /><!-- duration: 16ms -->
            <step title="npm warn config production Use `--omit=dev` instead." date="2025-08-01T17:46:46.823" /><!-- duration: 16ms -->
>
            <step title="Copying file: &apos;src\functions\working_fixes.js&apos;" date="2025-08-01T17:46:46.855" /><!-- duration: 16ms -->
            <step title="Deleting app_offline.htm" date="2025-08-01T17:46:46.948" /><!-- duration: 16ms -->
            <step title="Restoring npm packages in &quot;C:\home\site\wwwroot&quot;" date="2025-08-01T17:46:47.042" /><!-- duration: 31ms -->
            <step title="up to date, audited 29 packages in 1s" date="2025-08-01T17:46:47.980" /><!-- duration: 31ms -->
            <step title="6 packages are looking for funding" date="2025-08-01T17:46:48.136" /><!-- duration: 16ms -->
            <step title="  run `npm fund` for details" date="2025-08-01T17:46:48.214" /><!-- duration: 31ms -->
            <step title="3 vulnerabilities (2 low, 1 moderate)" date="2025-08-01T17:46:48.355" >
            <step title="npm warn config production Use `--omit=dev` instead." date="2025-08-01T17:46:48.370" /><!-- duration: 16ms -->
/><!-- duration: 31ms -->
            <step title="To address all issues, run:" date="2025-08-01T17:46:48.495" /><!-- duration: 16ms -->
            <step title="  npm audit fix" date="2025-08-01T17:46:48.589" /><!-- duration: 16ms -->
            <step title="Run `npm audit` for details." date="2025-08-01T17:46:48.730" /><!-- duration: 16ms -->
            <step title="up to date, audited 29 packages in 1s" date="2025-08-01T17:46:49.417" /><!-- duration: 31ms -->
            <step title="6 packages are looking for funding" date="2025-08-01T17:46:49.573" /><!-- duration: 16ms -->
            <step title="  run `npm fund` for details" date="2025-08-01T17:46:49.667" /><!-- duration: 31ms -->
            <step title="found 0 vulnerabilities" date="2025-08-01T17:46:49.808" /><!-- duration: 31ms -->
            <step title="Finished successfully." date="2025-08-01T17:46:49.901" /><!-- duration: 16ms -->
          </step><!-- duration: 8047ms -->
          <step title="Running post deployment command(s)..." date="2025-08-01T17:46:50.167" /><!-- duration: 16ms -->
          <step title="Triggering recycle (preview mode disabled)." date="2025-08-01T17:46:50.448" /><!-- duration: 31ms -->
          <step title="Ignoring FS watcher based recycle request as this is a classic Windows app." date="2025-08-01T17:46:50.527" /><!-- duration: 31ms -->
          <step title="Deployment successful. DEPLOYMENTINFO: deploymentPath = Functions App ZipDeploy. Extract zip. Remote build. , deployer = ZipDeploy, os = windows, sku = Dynamic, language = node, siteName = aitm-func-1753463791, slotName = Production, siteHostName = aitm-func-1753463791.azurewebsites.net, deploymentStatus = Success" date="2025-08-01T17:46:50.777" /><!-- duration: 31ms -->
          <step title="Purge deployment items" date="2025-08-01T17:46:51.464" >
            <step title="Remove f90d66de3, Success, received at 8/1/2025 2:27:25 PM" date="2025-08-01T17:46:51.730" /><!-- duration: 31ms -->
          </step><!-- duration: 312ms -->
        </step><!-- duration: 10907ms -->
      </step><!-- duration: 12250ms -->
      <step title="Cleaning up temp files" date="2025-08-01T17:46:51.917" /><!-- duration: 31ms -->
      <step title="Begin HttpPost https://aitm-func-1753463791.scm.azurewebsites.net/operations/settriggers, x-ms-request-id: cada4798-f3e3-4174-acc0-2d682520c286" date="2025-08-01T17:46:51.995" /><!-- duration: 16ms -->
      <step title="End HttpPost, status: OK" date="2025-08-01T17:46:52.089" /><!-- duration: 31ms -->
      <step title="Scheduling background sync triggers after delay" date="2025-08-01T17:46:52.136" /><!-- duration: 16ms -->
    </step><!-- duration: 15203ms -->
    <step title="LockFile &apos;C:\home\site\locks\deployments.lock&apos; released" date="2025-08-01T17:46:52.433" /><!-- duration: 16ms -->
  </step><!-- duration: 16032ms -->
  <step title="Outgoing response" date="2025-08-01T17:46:52.511" type="response" statusCode="200" statusText="OK" Server="Microsoft-IIS/10.0" x-ms-request-id="cada4798-f3e3-4174-acc0-2d682520c286" Cache-Control="private" X-AspNet-Version="4.0.30319" /><!-- duration: 31ms -->
</step><!-- duration: 16219ms -->
