<step title="Incoming Request" date="2025-08-01T14:56:20.553" instance="c4ca80" url="/api/zipdeploy" method="POST" type="request" pid="7044,2,9" Content-Length="12075081" Content-Type="application/zip" Authorization="Bea..." Host="aitm-func-1753463791.scm.azurewebsites.net" If-Match="*" User-Agent="functions-core-tools/4.1.0" X-ARR-LOG-ID="60433a73-1145-44c9-8ac1-fea1ec303763" CLIENT-IP="3.219.18.69:49174" X-SITE-DEPLOYMENT-ID="aitm-func-1753463791" WAS-DEFAULT-HOSTNAME="aitm-func-1753463791.scm.azurewebsites.net" X-Forwarded-Proto="https" X-AppService-Proto="https" X-Forwarded-TlsVersion="1.3" X-WAWS-Unencoded-URL="/api/zipdeploy" >
  <step title="ZipPushDeploy" date="2025-08-01T14:56:20.615" >
    <step title="Functions App ZipDeploy. Run from package." date="2025-08-01T14:56:20.662" /><!-- duration: 31ms -->
    <step title="Starting PushDeployAsync" date="2025-08-01T14:56:20.709" /><!-- duration: 47ms -->
    <step title="Updating shutdown sentinel last write time" date="2025-08-01T14:56:20.803" SemaphoreCount="7" /><!-- duration: 31ms -->
    <step title="LockFile &apos;C:\home\site\locks\deployments.lock&apos; acquired" date="2025-08-01T14:56:20.865" /><!-- duration: 31ms -->
    <step title="Deleting outdated zip file C:\home\data\SitePackages\20250801142250.zip" date="2025-08-01T14:56:20.943" /><!-- duration: 63ms -->
    <step title="Saving request content to C:\home\data\SitePackages\20250801145620.zip" date="2025-08-01T14:56:21.053" >
      <step title="Total 12,075,081 bytes written to C:\home\data\SitePackages\20250801145620.zip" date="2025-08-01T14:56:21.318" /><!-- duration: 31ms -->
    </step><!-- duration: 1319ms -->
    <step title="LockFile &apos;C:\home\site\locks\deployments.lock&apos; released" date="2025-08-01T14:56:22.403" /><!-- duration: 31ms -->
    <step title="Deleting shutdown sentinel file" date="2025-08-01T14:56:22.481" SemaphoreCount="8" /><!-- duration: 16ms -->
    <step title="Starting FetchDeploy" date="2025-08-01T14:56:22.528" /><!-- duration: 16ms -->
    <step title="Attempting to fetch target branch HEAD" date="2025-08-01T14:56:22.575" /><!-- duration: 31ms -->
    <step title="Updating shutdown sentinel last write time" date="2025-08-01T14:56:22.653" SemaphoreCount="7" /><!-- duration: 31ms -->
    <step title="LockFile &apos;C:\home\site\locks\deployments.lock&apos; acquired" date="2025-08-01T14:56:22.716" /><!-- duration: 31ms -->
    <step title="Performing fetch based deployment" date="2025-08-01T14:56:22.794" >
      <step title="Creating temporary deployment" date="2025-08-01T14:56:22.825" /><!-- duration: 203ms -->
      <step title="Fetching changes." date="2025-08-01T14:56:23.341" /><!-- duration: 47ms -->
      <step title="Starting LocalZipHandler" date="2025-08-01T14:56:23.435" /><!-- duration: 31ms -->
      <step title="Starting ExtractTriggers" date="2025-08-01T14:56:23.498" /><!-- duration: 31ms -->
      <step title="None repository commit" date="2025-08-01T14:56:23.732" >
        <step title="Commit id: ad0af1fe3d3349a3b6b4cbb0472bcbfd" date="2025-08-01T14:56:23.748" Message="Created via a push deployment" AuthorName="N/A" AuthorEmail="N/A" /><!-- duration: 31ms -->
      </step><!-- duration: 78ms -->
      <step title="Before sending BuildRequestReceived status to /api/updatedeploystatus" date="2025-08-01T14:56:23.826" /><!-- duration: 31ms -->
      <step title="DeploymentManager.Deploy(id:ad0af1fe3d3349a3b6b4cbb0472bcbfd)" date="2025-08-01T14:56:23.873" >
        <step title="Collecting changeset information" date="2025-08-01T14:56:23.935" /><!-- duration: 203ms -->
        <step title="Updating submodules" date="2025-08-01T14:56:24.170" >
          <step title="Updating submodules." date="2025-08-01T14:56:24.404" /><!-- duration: 16ms -->
        </step><!-- duration: 312ms -->
        <step title="Preparing deployment for commit id &apos;ad0af1fe3d&apos;." date="2025-08-01T14:56:24.716" /><!-- duration: 31ms -->
        <step title="Determining deployment builder" date="2025-08-01T14:56:24.998" >
          <step title="Builder is RunFromZipSiteBuilder" date="2025-08-01T14:56:25.029" /><!-- duration: 16ms -->
        </step><!-- duration: 94ms -->
        <step title="Copying SSH keys" date="2025-08-01T14:56:25.185" /><!-- duration: 47ms -->
        <step title="Building" date="2025-08-01T14:56:25.248" >
          <step title="Skipping build. Project type: Run-From-Zip" date="2025-08-01T14:56:25.560" /><!-- duration: 16ms -->
          <step title="Skipping post build. Project type: Run-From-Zip" date="2025-08-01T14:56:25.826" /><!-- duration: 47ms -->
          <step title="Triggering recycle (preview mode disabled)." date="2025-08-01T14:56:26.170" /><!-- duration: 16ms -->
          <step title="Ignoring FS watcher based recycle request as this is a classic Windows app." date="2025-08-01T14:56:26.232" /><!-- duration: 31ms -->
          <step title="Deployment successful. DEPLOYMENTINFO: deploymentPath = Functions App ZipDeploy. Run from package., deployer = ZipDeploy, os = windows, sku = Dynamic, language = node, siteName = aitm-func-1753463791, slotName = Production, siteHostName = aitm-func-1753463791.azurewebsites.net, deploymentStatus = Success" date="2025-08-01T14:56:26.482" /><!-- duration: 31ms -->
          <step title="Purge deployment items" date="2025-08-01T14:56:27.310" >
            <step title="Remove c289814a7, Success, received at 8/1/2025 11:37:27 AM" date="2025-08-01T14:56:27.623" /><!-- duration: 31ms -->
          </step><!-- duration: 375ms -->
        </step><!-- duration: 2547ms -->
      </step><!-- duration: 3953ms -->
      <step title="Cleaning up temp files" date="2025-08-01T14:56:27.841" /><!-- duration: 31ms -->
      <step title="Updating C:\home\data\SitePackages\packagename.txt with deployment 20250801145620.zip" date="2025-08-01T14:56:27.904" /><!-- duration: 78ms -->
      <step title="Begin HttpPost https://aitm-func-1753463791.scm.azurewebsites.net/operations/settriggers, x-ms-request-id: 60433a73-1145-44c9-8ac1-fea1ec303763" date="2025-08-01T14:56:28.029" /><!-- duration: 31ms -->
      <step title="End HttpPost, status: OK" date="2025-08-01T14:56:28.216" /><!-- duration: 31ms -->
      <step title="Scheduling background sync triggers after delay" date="2025-08-01T14:56:28.279" /><!-- duration: 16ms -->
    </step><!-- duration: 5766ms -->
    <step title="LockFile &apos;C:\home\site\locks\deployments.lock&apos; released" date="2025-08-01T14:56:28.591" /><!-- duration: 31ms -->
  </step><!-- duration: 8054ms -->
  <step title="Outgoing response" date="2025-08-01T14:56:28.701" type="response" statusCode="200" statusText="OK" Server="Microsoft-IIS/10.0" x-ms-request-id="60433a73-1145-44c9-8ac1-fea1ec303763" Cache-Control="private" X-AspNet-Version="4.0.30319" /><!-- duration: 31ms -->
</step><!-- duration: 8195ms -->
