<step title="Incoming Request" date="2025-08-01T14:40:16.428" instance="c4ca80" url="/api/zipdeploy" method="POST" type="request" pid="6456,2,9" Content-Length="12075022" Content-Type="application/zip" Authorization="Bea..." Host="aitm-func-1753463791.scm.azurewebsites.net" If-Match="*" User-Agent="functions-core-tools/4.1.0" X-ARR-LOG-ID="51fdeeea-5c7d-4dec-8868-cf5c2db11a45" CLIENT-IP="13.219.48.175:29263" X-SITE-DEPLOYMENT-ID="aitm-func-1753463791" WAS-DEFAULT-HOSTNAME="aitm-func-1753463791.scm.azurewebsites.net" X-Forwarded-Proto="https" X-AppService-Proto="https" X-Forwarded-TlsVersion="1.3" X-WAWS-Unencoded-URL="/api/zipdeploy" >
  <step title="ZipPushDeploy" date="2025-08-01T14:40:16.506" >
    <step title="Functions App ZipDeploy. Run from package." date="2025-08-01T14:40:16.553" /><!-- duration: 31ms -->
    <step title="Starting PushDeployAsync" date="2025-08-01T14:40:16.600" /><!-- duration: 31ms -->
    <step title="Updating shutdown sentinel last write time" date="2025-08-01T14:40:16.678" SemaphoreCount="7" /><!-- duration: 31ms -->
    <step title="LockFile &apos;C:\home\site\locks\deployments.lock&apos; acquired" date="2025-08-01T14:40:16.740" /><!-- duration: 31ms -->
    <step title="Deleting outdated zip file C:\home\data\SitePackages\20250801134901.zip" date="2025-08-01T14:40:16.818" /><!-- duration: 47ms -->
    <step title="Saving request content to C:\home\data\SitePackages\20250801144016.zip" date="2025-08-01T14:40:16.897" >
      <step title="Total 12,075,022 bytes written to C:\home\data\SitePackages\20250801144016.zip" date="2025-08-01T14:40:17.209" /><!-- duration: 31ms -->
    </step><!-- duration: 969ms -->
    <step title="LockFile &apos;C:\home\site\locks\deployments.lock&apos; released" date="2025-08-01T14:40:17.896" /><!-- duration: 16ms -->
    <step title="Deleting shutdown sentinel file" date="2025-08-01T14:40:17.959" SemaphoreCount="8" /><!-- duration: 31ms -->
    <step title="Starting FetchDeploy" date="2025-08-01T14:40:18.006" /><!-- duration: 31ms -->
    <step title="Attempting to fetch target branch HEAD" date="2025-08-01T14:40:18.068" /><!-- duration: 31ms -->
    <step title="Updating shutdown sentinel last write time" date="2025-08-01T14:40:18.215" SemaphoreCount="7" /><!-- duration: 16ms -->
    <step title="LockFile &apos;C:\home\site\locks\deployments.lock&apos; acquired" date="2025-08-01T14:40:18.262" /><!-- duration: 16ms -->
    <step title="Performing fetch based deployment" date="2025-08-01T14:40:18.309" >
      <step title="Creating temporary deployment" date="2025-08-01T14:40:18.341" /><!-- duration: 186ms -->
      <step title="Fetching changes." date="2025-08-01T14:40:18.777" /><!-- duration: 16ms -->
      <step title="Starting LocalZipHandler" date="2025-08-01T14:40:18.840" /><!-- duration: 31ms -->
      <step title="Starting ExtractTriggers" date="2025-08-01T14:40:18.887" /><!-- duration: 31ms -->
      <step title="None repository commit" date="2025-08-01T14:40:19.121" >
        <step title="Commit id: 0fda1cf6b8e044d1a18d4bc370171393" date="2025-08-01T14:40:19.137" Message="Created via a push deployment" AuthorName="N/A" AuthorEmail="N/A" /><!-- duration: 31ms -->
      </step><!-- duration: 78ms -->
      <step title="Before sending BuildRequestReceived status to /api/updatedeploystatus" date="2025-08-01T14:40:19.215" /><!-- duration: 31ms -->
      <step title="DeploymentManager.Deploy(id:0fda1cf6b8e044d1a18d4bc370171393)" date="2025-08-01T14:40:19.262" >
        <step title="Collecting changeset information" date="2025-08-01T14:40:19.309" /><!-- duration: 172ms -->
        <step title="Updating submodules" date="2025-08-01T14:40:19.512" >
          <step title="Updating submodules." date="2025-08-01T14:40:19.746" /><!-- duration: 16ms -->
        </step><!-- duration: 297ms -->
        <step title="Preparing deployment for commit id &apos;0fda1cf6b8&apos;." date="2025-08-01T14:40:20.027" /><!-- duration: 31ms -->
        <step title="Determining deployment builder" date="2025-08-01T14:40:20.293" >
          <step title="Builder is RunFromZipSiteBuilder" date="2025-08-01T14:40:20.324" /><!-- duration: 16ms -->
        </step><!-- duration: 78ms -->
        <step title="Copying SSH keys" date="2025-08-01T14:40:20.465" /><!-- duration: 31ms -->
        <step title="Building" date="2025-08-01T14:40:20.543" >
          <step title="Skipping build. Project type: Run-From-Zip" date="2025-08-01T14:40:20.777" /><!-- duration: 31ms -->
          <step title="Skipping post build. Project type: Run-From-Zip" date="2025-08-01T14:40:21.043" /><!-- duration: 34ms -->
          <step title="Triggering recycle (preview mode disabled)." date="2025-08-01T14:40:21.355" /><!-- duration: 31ms -->
          <step title="Ignoring FS watcher based recycle request as this is a classic Windows app." date="2025-08-01T14:40:21.496" /><!-- duration: 16ms -->
          <step title="Deployment successful. DEPLOYMENTINFO: deploymentPath = Functions App ZipDeploy. Run from package., deployer = ZipDeploy, os = windows, sku = Dynamic, language = node, siteName = aitm-func-1753463791, slotName = Production, siteHostName = aitm-func-1753463791.azurewebsites.net, deploymentStatus = Success" date="2025-08-01T14:40:21.762" /><!-- duration: 31ms -->
          <step title="Purge deployment items" date="2025-08-01T14:40:22.637" >
            <step title="Remove 815541c3a, Success, received at 8/1/2025 11:32:34 AM" date="2025-08-01T14:40:22.965" /><!-- duration: 47ms -->
          </step><!-- duration: 391ms -->
        </step><!-- duration: 2594ms -->
      </step><!-- duration: 3906ms -->
      <step title="Cleaning up temp files" date="2025-08-01T14:40:23.199" /><!-- duration: 31ms -->
      <step title="Updating C:\home\data\SitePackages\packagename.txt with deployment 20250801144016.zip" date="2025-08-01T14:40:23.246" /><!-- duration: 109ms -->
      <step title="Begin HttpPost https://aitm-func-1753463791.scm.azurewebsites.net/operations/settriggers, x-ms-request-id: 51fdeeea-5c7d-4dec-8868-cf5c2db11a45" date="2025-08-01T14:40:23.418" /><!-- duration: 16ms -->
      <step title="End HttpPost, status: OK" date="2025-08-01T14:40:23.574" /><!-- duration: 16ms -->
      <step title="Scheduling background sync triggers after delay" date="2025-08-01T14:40:23.621" /><!-- duration: 31ms -->
    </step><!-- duration: 5578ms -->
    <step title="LockFile &apos;C:\home\site\locks\deployments.lock&apos; released" date="2025-08-01T14:40:23.918" /><!-- duration: 16ms -->
  </step><!-- duration: 7475ms -->
  <step title="Outgoing response" date="2025-08-01T14:40:24.012" type="response" statusCode="200" statusText="OK" Server="Microsoft-IIS/10.0" x-ms-request-id="51fdeeea-5c7d-4dec-8868-cf5c2db11a45" Cache-Control="private" X-AspNet-Version="4.0.30319" /><!-- duration: 16ms -->
</step><!-- duration: 7647ms -->
