<step title="Incoming Request" date="2025-08-01T20:38:40.347" instance="97f57f" url="/api/zipdeploy" method="POST" type="request" pid="3552,2,8" Content-Length="4620164" Content-Type="application/zip" Authorization="Bea..." Host="aitm-func-1753463791.scm.azurewebsites.net" If-Match="*" User-Agent="functions-core-tools/4.1.0" X-ARR-LOG-ID="9c7c73c4-8e51-4759-8913-0bb0edcd529f" CLIENT-IP="3.233.180.130:25577" X-SITE-DEPLOYMENT-ID="aitm-func-1753463791" WAS-DEFAULT-HOSTNAME="aitm-func-1753463791.scm.azurewebsites.net" X-Forwarded-Proto="https" X-AppService-Proto="https" X-Forwarded-TlsVersion="1.3" X-WAWS-Unencoded-URL="/api/zipdeploy" >
  <step title="ZipPushDeploy" date="2025-08-01T20:38:40.410" >
    <step title="Functions App ZipDeploy. Run from package. Ignore remote build." date="2025-08-01T20:38:40.441" /><!-- duration: 31ms -->
    <step title="Starting PushDeployAsync" date="2025-08-01T20:38:40.503" /><!-- duration: 16ms -->
    <step title="Updating shutdown sentinel last write time" date="2025-08-01T20:38:40.597" SemaphoreCount="7" /><!-- duration: 31ms -->
    <step title="LockFile &apos;C:\home\site\locks\deployments.lock&apos; acquired" date="2025-08-01T20:38:40.644" /><!-- duration: 31ms -->
    <step title="Deleting outdated zip file C:\home\data\SitePackages\20250801203215.zip" date="2025-08-01T20:38:40.722" /><!-- duration: 47ms -->
    <step title="Saving request content to C:\home\data\SitePackages\20250801203840.zip" date="2025-08-01T20:38:40.784" >
      <step title="Total 4,620,164 bytes written to C:\home\data\SitePackages\20250801203840.zip" date="2025-08-01T20:38:40.941" /><!-- duration: 16ms -->
    </step><!-- duration: 453ms -->
    <step title="LockFile &apos;C:\home\site\locks\deployments.lock&apos; released" date="2025-08-01T20:38:41.269" /><!-- duration: 16ms -->
    <step title="Deleting shutdown sentinel file" date="2025-08-01T20:38:41.363" SemaphoreCount="8" /><!-- duration: 31ms -->
    <step title="Starting FetchDeploy" date="2025-08-01T20:38:41.456" /><!-- duration: 31ms -->
    <step title="Attempting to fetch target branch HEAD" date="2025-08-01T20:38:41.550" /><!-- duration: 31ms -->
    <step title="Updating shutdown sentinel last write time" date="2025-08-01T20:38:41.628" SemaphoreCount="7" /><!-- duration: 31ms -->
    <step title="LockFile &apos;C:\home\site\locks\deployments.lock&apos; acquired" date="2025-08-01T20:38:41.691" /><!-- duration: 16ms -->
    <step title="Performing fetch based deployment" date="2025-08-01T20:38:41.738" >
      <step title="Creating temporary deployment" date="2025-08-01T20:38:41.785" /><!-- duration: 156ms -->
      <step title="Fetching changes." date="2025-08-01T20:38:42.206" /><!-- duration: 31ms -->
      <step title="Starting LocalZipHandler" date="2025-08-01T20:38:42.285" /><!-- duration: 31ms -->
      <step title="Starting ExtractTriggers" date="2025-08-01T20:38:42.331" /><!-- duration: 31ms -->
      <step title="None repository commit" date="2025-08-01T20:38:42.550" >
        <step title="Commit id: e38b0976516d49c4ab4f525821bcf31b" date="2025-08-01T20:38:42.581" Message="Created via a push deployment" AuthorName="N/A" AuthorEmail="N/A" /><!-- duration: 31ms -->
      </step><!-- duration: 78ms -->
      <step title="Before sending BuildRequestReceived status to /api/updatedeploystatus" date="2025-08-01T20:38:42.660" /><!-- duration: 31ms -->
      <step title="DeploymentManager.Deploy(id:e38b0976516d49c4ab4f525821bcf31b)" date="2025-08-01T20:38:42.722" >
        <step title="Collecting changeset information" date="2025-08-01T20:38:42.785" /><!-- duration: 203ms -->
        <step title="Updating submodules" date="2025-08-01T20:38:43.019" >
          <step title="Updating submodules." date="2025-08-01T20:38:43.253" /><!-- duration: 16ms -->
        </step><!-- duration: 297ms -->
        <step title="Preparing deployment for commit id &apos;e38b097651&apos;." date="2025-08-01T20:38:43.566" /><!-- duration: 16ms -->
        <step title="Determining deployment builder" date="2025-08-01T20:38:43.831" >
          <step title="Builder is RunFromZipSiteBuilder" date="2025-08-01T20:38:43.863" /><!-- duration: 31ms -->
        </step><!-- duration: 78ms -->
        <step title="Copying SSH keys" date="2025-08-01T20:38:44.003" /><!-- duration: 47ms -->
        <step title="Building" date="2025-08-01T20:38:44.097" >
          <step title="Skipping build. Project type: Run-From-Zip" date="2025-08-01T20:38:44.410" /><!-- duration: 16ms -->
          <step title="Skipping post build. Project type: Run-From-Zip" date="2025-08-01T20:38:44.660" /><!-- duration: 31ms -->
          <step title="Triggering recycle (preview mode disabled)." date="2025-08-01T20:38:44.941" /><!-- duration: 31ms -->
          <step title="Ignoring FS watcher based recycle request as this is a classic Windows app." date="2025-08-01T20:38:45.035" /><!-- duration: 16ms -->
          <step title="Deployment successful. DEPLOYMENTINFO: deploymentPath = Functions App ZipDeploy. Run from package. Ignore remote build., deployer = ZipDeploy, os = windows, sku = Dynamic, language = node, siteName = aitm-func-1753463791, slotName = Production, siteHostName = aitm-func-1753463791.azurewebsites.net, deploymentStatus = Success" date="2025-08-01T20:38:45.316" /><!-- duration: 32ms -->
          <step title="Purge deployment items" date="2025-08-01T20:38:46.097" >
            <step title="Remove 783217a15, Success, received at 8/1/2025 6:24:14 PM" date="2025-08-01T20:38:46.550" /><!-- duration: 31ms -->
          </step><!-- duration: 516ms -->
        </step><!-- duration: 2625ms -->
      </step><!-- duration: 4016ms -->
      <step title="Cleaning up temp files" date="2025-08-01T20:38:46.769" /><!-- duration: 31ms -->
      <step title="Updating C:\home\data\SitePackages\packagename.txt with deployment 20250801203840.zip" date="2025-08-01T20:38:46.831" /><!-- duration: 78ms -->
      <step title="Begin HttpPost https://aitm-func-1753463791.scm.azurewebsites.net/operations/settriggers, x-ms-request-id: 9c7c73c4-8e51-4759-8913-0bb0edcd529f" date="2025-08-01T20:38:46.956" /><!-- duration: 31ms -->
      <step title="End HttpPost, status: OK" date="2025-08-01T20:38:47.144" /><!-- duration: 31ms -->
      <step title="Scheduling background sync triggers after delay" date="2025-08-01T20:38:47.206" /><!-- duration: 31ms -->
    </step><!-- duration: 5766ms -->
    <step title="LockFile &apos;C:\home\site\locks\deployments.lock&apos; released" date="2025-08-01T20:38:47.550" /><!-- duration: 16ms -->
  </step><!-- duration: 7219ms -->
  <step title="Outgoing response" date="2025-08-01T20:38:47.660" type="response" statusCode="200" statusText="OK" Server="Microsoft-IIS/10.0" x-ms-request-id="9c7c73c4-8e51-4759-8913-0bb0edcd529f" Cache-Control="private" X-AspNet-Version="4.0.30319" /><!-- duration: 31ms -->
</step><!-- duration: 7375ms -->
