<step title="Incoming Request" date="2025-08-01T18:32:45.564" instance="4e18c7" url="/api/zipdeploy" method="POST" type="request" pid="3080,2,25" Content-Length="12016517" Content-Type="application/zip" Authorization="Bea..." Host="aitm-func-1753463791.scm.azurewebsites.net" If-Match="*" User-Agent="functions-core-tools/4.1.0" X-ARR-LOG-ID="f6cea92c-ba0c-4271-95c7-6f70af91cc8b" CLIENT-IP="18.215.86.88:41489" X-SITE-DEPLOYMENT-ID="aitm-func-1753463791" WAS-DEFAULT-HOSTNAME="aitm-func-1753463791.scm.azurewebsites.net" X-Forwarded-Proto="https" X-AppService-Proto="https" X-Forwarded-TlsVersion="1.3" X-WAWS-Unencoded-URL="/api/zipdeploy" >
  <step title="Cleanup Xml Logs" date="2025-08-01T18:32:45.580" >
    <step title="Cleanup Infos" date="2025-08-01T18:32:45.627" totalFiles="200" totalCleanup="40" /><!-- duration: 2031ms -->
  </step><!-- duration: 2109ms -->
  <step title="ZipPushDeploy" date="2025-08-01T18:32:47.736" >
    <step title="Functions App ZipDeploy. Extract zip. Remote build. " date="2025-08-01T18:32:47.767" /><!-- duration: 16ms -->
    <step title="Starting PushDeployAsync" date="2025-08-01T18:32:47.799" /><!-- duration: 31ms -->
    <step title="Updating shutdown sentinel last write time" date="2025-08-01T18:32:47.892" SemaphoreCount="7" /><!-- duration: 16ms -->
    <step title="LockFile &apos;C:\home\site\locks\deployments.lock&apos; acquired" date="2025-08-01T18:32:47.939" /><!-- duration: 16ms -->
    <step title="Saving request content to C:\local\Temp\zipdeploy\trvib2wi.zip" date="2025-08-01T18:32:47.986" >
      <step title="Total 12,016,517 bytes written to C:\local\Temp\zipdeploy\trvib2wi.zip" date="2025-08-01T18:32:48.080" /><!-- duration: 16ms -->
    </step><!-- duration: 156ms -->
    <step title="LockFile &apos;C:\home\site\locks\deployments.lock&apos; released" date="2025-08-01T18:32:48.174" /><!-- duration: 16ms -->
    <step title="Deleting shutdown sentinel file" date="2025-08-01T18:32:48.236" SemaphoreCount="8" /><!-- duration: 31ms -->
    <step title="Starting FetchDeploy" date="2025-08-01T18:32:48.283" /><!-- duration: 31ms -->
    <step title="Attempting to fetch target branch HEAD" date="2025-08-01T18:32:48.345" /><!-- duration: 16ms -->
    <step title="Updating shutdown sentinel last write time" date="2025-08-01T18:32:48.408" SemaphoreCount="7" /><!-- duration: 31ms -->
    <step title="LockFile &apos;C:\home\site\locks\deployments.lock&apos; acquired" date="2025-08-01T18:32:48.455" /><!-- duration: 31ms -->
    <step title="Performing fetch based deployment" date="2025-08-01T18:32:48.517" >
      <step title="Creating temporary deployment" date="2025-08-01T18:32:48.533" /><!-- duration: 156ms -->
      <step title="Fetching changes." date="2025-08-01T18:32:48.924" /><!-- duration: 31ms -->
      <step title="Starting LocalZipHandler" date="2025-08-01T18:32:49.002" /><!-- duration: 16ms -->
      <step title="Starting LocalZipFetch" date="2025-08-01T18:32:49.049" /><!-- duration: 31ms -->
      <step title="Cleaning up temp folders from previous zip deployments and extracting pushed zip file C:\local\Temp\zipdeploy\trvib2wi.zip (11.46 MB) to C:\local\Temp\zipdeploy\extracted" date="2025-08-01T18:32:49.127" /><!-- duration: 16ms -->
      <step title="Cleaning up temp folders from previous zip deployments and extracting pushed zip file C:\local\Temp\zipdeploy\trvib2wi.zip (11.46 MB) to C:\local\Temp\zipdeploy\extracted" date="2025-08-01T18:32:49.205" >
        <step title="Renaming extractTargetDirectory(C:\local\Temp\zipdeploy\extracted) to tempDirectory(C:\local\Temp\zipdeploy\aevzfzwn.syw)" date="2025-08-01T18:32:49.221" /><!-- duration: 31ms -->
        <step title="Extracting 1115 entries to C:\local\Temp\zipdeploy\extracted directory" date="2025-08-01T18:32:49.283" >
          <step title="Extracting to C:\local\Temp\zipdeploy\extracted\logs_white_page.zip ..." date="2025-08-01T18:32:49.314" /><!-- duration: 16ms -->
          <step title="Extracting to C:\local\Temp\zipdeploy\extracted\latest_phishlet_logs.zip ..." date="2025-08-01T18:32:49.361" /><!-- duration: 31ms -->
          <step title="Extracting to C:\local\Temp\zipdeploy\extracted\package-lock.json ..." date="2025-08-01T18:32:49.408" /><!-- duration: 31ms -->
          <step title="Extracting to C:\local\Temp\zipdeploy\extracted\evilginx-debug-latest.zip ..." date="2025-08-01T18:32:49.471" /><!-- duration: 31ms -->
          <step title="Extracting to C:\local\Temp\zipdeploy\extracted\headers2.txt ..." date="2025-08-01T18:32:49.517" /><!-- duration: 31ms -->
          <step title="Omitting extracting file traces ..." date="2025-08-01T18:32:49.580" /><!-- duration: 31ms -->
          <step title="Extracting to C:\local\Temp\zipdeploy\extracted\LogFiles\DetailedErrors\ErrorPage000035.htm ..." date="2025-08-01T18:32:50.611" /><!-- duration: 31ms -->
          <step title="Extracting to C:\local\Temp\zipdeploy\extracted\LogFiles\DetailedErrors\ErrorPage000033.htm ..." date="2025-08-01T18:32:50.658" /><!-- duration: 31ms -->
          <step title="Extracting to C:\local\Temp\zipdeploy\extracted\LogFiles\DetailedErrors\ErrorPage000036.htm ..." date="2025-08-01T18:32:50.705" /><!-- duration: 31ms -->
          <step title="Extracting to C:\local\Temp\zipdeploy\extracted\LogFiles\DetailedErrors\ErrorPage000020.htm ..." date="2025-08-01T18:32:50.752" /><!-- duration: 31ms -->
          <step title="Extracting to C:\local\Temp\zipdeploy\extracted\LogFiles\DetailedErrors\ErrorPage000028.htm ..." date="2025-08-01T18:32:50.814" /><!-- duration: 16ms -->
        </step><!-- duration: 1594ms -->
      </step><!-- duration: 1703ms -->
      <step title="None repository commit" date="2025-08-01T18:32:50.939" >
        <step title="Commit id: 63599f329f23486abce2ec5303a2b84a" date="2025-08-01T18:32:50.955" Message="Created via a push deployment" AuthorName="N/A" AuthorEmail="N/A" /><!-- duration: 16ms -->
      </step><!-- duration: 62ms -->
      <step title="Before sending BuildRequestReceived status to /api/updatedeploystatus" date="2025-08-01T18:32:51.033" /><!-- duration: 78ms -->
      <step title="DeploymentManager.Deploy(id:63599f329f23486abce2ec5303a2b84a)" date="2025-08-01T18:32:51.158" >
        <step title="Collecting changeset information" date="2025-08-01T18:32:51.205" /><!-- duration: 203ms -->
        <step title="Updating submodules" date="2025-08-01T18:32:51.439" >
          <step title="Updating submodules." date="2025-08-01T18:32:51.658" /><!-- duration: 31ms -->
        </step><!-- duration: 297ms -->
        <step title="Preparing deployment for commit id &apos;63599f329f&apos;." date="2025-08-01T18:32:52.002" /><!-- duration: 31ms -->
        <step title="Determining deployment builder" date="2025-08-01T18:32:52.267" >
          <step title="UseMSBuild16: True" date="2025-08-01T18:32:52.299" /><!-- duration: 31ms -->
          <step title="Builder is FunctionBasicBuilder" date="2025-08-01T18:32:52.392" /><!-- duration: 16ms -->
        </step><!-- duration: 172ms -->
        <step title="Copying SSH keys" date="2025-08-01T18:32:52.580" /><!-- duration: 78ms -->
        <step title="Building" date="2025-08-01T18:32:52.674" >
          <step title="Generating deployment script." date="2025-08-01T18:32:52.908" /><!-- duration: 31ms -->
          <step title="Generating deployment script" date="2025-08-01T18:32:52.986" >
            <step title="Using cached version of the deployment script for command: -y --no-dot-deployment -r &quot;C:\local\Temp\zipdeploy\extracted&quot; -o &quot;C:\home\site\deployments\tools&quot; --functionApp --sitePath &quot;C:\local\Temp\zipdeploy\extracted&quot;" date="2025-08-01T18:32:53.064" /><!-- duration: 31ms -->
            <step title="Using cached version of deployment script (command: &apos;azure -y --no-dot-deployment -r &quot;C:\local\Temp\zipdeploy\extracted&quot; -o &quot;C:\home\site\deployments\tools&quot; --functionApp --sitePath &quot;C:\local\Temp\zipdeploy\extracted&quot;&apos;)." date="2025-08-01T18:32:53.142" /><!-- duration: 31ms -->
          </step><!-- duration: 234ms -->
          <step title="Running deployment command..." date="2025-08-01T18:32:53.455" /><!-- duration: 16ms -->
          <step title="Command: &quot;C:\home\site\deployments\tools\deploy.cmd&quot;" date="2025-08-01T18:32:53.549" /><!-- duration: 31ms -->
          <step title="Executing external process" date="2025-08-01T18:32:53.642" type="process" path="starter.cmd" arguments="&quot;C:\home\site\deployments\tools\deploy.cmd&quot;" >
            <step title="Handling function App deployment." date="2025-08-01T18:32:53.861" /><!-- duration: 31ms -->
            <step title="Not using funcpack because SCM_USE_FUNCPACK is not set to 1" date="2025-08-01T18:32:53.971" /><!-- duration: 16ms -->
            <step title="Installing function extensions from nuget" date="2025-08-01T18:32:54.064" /><!-- duration: 31ms -->
            <step title="Creating app_offline.htm" date="2025-08-01T18:32:59.189" /><!-- duration: 47ms -->
            <step title="KuduSync.NET from: &apos;C:\local\Temp\zipdeploy\extracted&apos; to: &apos;C:\home\site\wwwroot&apos;" date="2025-08-01T18:32:59.314" /><!-- duration: 16ms -->
            <step title="Copying file: &apos;package-lock.json&apos;" date="2025-08-01T18:32:59.408" /><!-- duration: 32ms -->
            <step title="Copying file: &apos;PROJECT_SUMMARY.md&apos;" date="2025-08-01T18:32:59.519" /><!-- duration: 16ms -->
            <step title="Copying file: &apos;node_modules\.package-lock.json&apos;" date="2025-08-01T18:32:59.612" /><!-- duration: 16ms -->
            <step title="Deleting file: &apos;src\functions\devicecode_landing.js&apos;" date="2025-08-01T18:32:59.713" /><!-- duration: 16ms -->
            <step title="Deleting file: &apos;src\functions\devicecode_poll.js&apos;" date="2025-08-01T18:32:59.807" /><!-- duration: 16ms -->
            <step title="Deleting file: &apos;src\functions\device_code_universal.js&apos;" date="2025-08-01T18:32:59.901" /><!-- duration: 31ms -->
            <step title="Deleting file: &apos;src\functions\evilginx_exact.js&apos;" date="2025-08-01T18:33:00.026" /><!-- duration: 63ms -->
            <step title="npm warn config production Use `--omit=dev` instead." date="2025-08-01T18:33:00.166" /><!-- duration: 31ms -->
            <step title="Deleting file: &apos;src\functions\execution.js&apos;" date="2025-08-01T18:33:00.198" /><!-- duration: 47ms -->
            <step title="Deleting file: &apos;src\functions\fixed_device_code.js&apos;" date="2025-08-01T18:33:00.323" /><!-- duration: 16ms -->
            <step title="Deleting file: &apos;src\functions\instant_working_solution.js&apos;" date="2025-08-01T18:33:00.432" /><!-- duration: 31ms -->
            <step title="Deleting file: &apos;src\functions\minimal_test_backup.js&apos;" date="2025-08-01T18:33:00.557" /><!-- duration: 31ms -->
            <step title="Deleting file: &apos;src\functions\oauth_stealer.js&apos;" date="2025-08-01T18:33:00.666" /><!-- duration: 47ms -->
            <step title="Deleting file: &apos;src\functions\oauth_stealer_working.js&apos;" date="2025-08-01T18:33:00.776" /><!-- duration: 31ms -->
            <step title="Deleting file: &apos;src\functions\phishing.js&apos;" date="2025-08-01T18:33:00.885" /><!-- duration: 16ms -->
            <step title="Deleting file: &apos;src\functions\public_365_stealer.js&apos;" date="2025-08-01T18:33:00.994" /><!-- duration: 16ms -->
            <step title="Deleting file: &apos;src\functions\real_365_stealer.js&apos;" date="2025-08-01T18:33:01.088" /><!-- duration: 31ms -->
            <step title="Deleting file: &apos;src\functions\real_evilginx.js&apos;" date="2025-08-01T18:33:01.198" /><!-- duration: 31ms -->
            <step title="Deleting file: &apos;src\functions\secure-access.js&apos;" date="2025-08-01T18:33:01.338" /><!-- duration: 16ms -->
            <step title="Deleting file: &apos;src\functions\sessionshark_fixed.js&apos;" date="2025-08-01T18:33:01.432" /><!-- duration: 31ms -->
            <step title="Deleting file: &apos;src\functions\sessionshark_real.js&apos;" date="2025-08-01T18:33:01.557" /><!-- duration: 16ms -->
            <step title="Deleting file: &apos;src\functions\sessionshark_style.js&apos;" date="2025-08-01T18:33:01.666" /><!-- duration: 31ms -->
            <step title="Deleting file: &apos;src\functions\sessionshark_working.js&apos;" date="2025-08-01T18:33:01.760" /><!-- duration: 47ms -->
            <step title="npm warn config production Use `--omit=dev` instead." date="2025-08-01T18:33:01.807" /><!-- duration: 47ms -->
            <step title="Deleting file: &apos;src\functions\simple_cookie_proxy.js&apos;" date="2025-08-01T18:33:01.885" /><!-- duration: 31ms -->
            <step title="Deleting file: &apos;src\functions\simple_evilginx.js&apos;" date="2025-08-01T18:33:02.010" /><!-- duration: 31ms -->
            <step title="Deleting file: &apos;src\functions\simple_proxy_test.js&apos;" date="2025-08-01T18:33:02.166" /><!-- duration: 16ms -->
            <step title="Deleting file: &apos;src\functions\test_deploy_failed.js&apos;" date="2025-08-01T18:33:02.276" /><!-- duration: 31ms -->
            <step title="Deleting file: &apos;src\functions\test_simple.js&apos;" date="2025-08-01T18:33:02.401" /><!-- duration: 31ms -->
            <step title="Deleting file: &apos;src\functions\working_evilginx.js&apos;" date="2025-08-01T18:33:02.494" /><!-- duration: 31ms -->
            <step title="Copying file: &apos;src\functions\devicecode.js&apos;" date="2025-08-01T18:33:02.666" /><!-- duration: 31ms -->
            <step title="Copying file: &apos;src\functions\oauth.js&apos;" date="2025-08-01T18:33:02.760" /><!-- duration: 31ms -->
            <step title="Copying file: &apos;src\functions\proxy.js&apos;" date="2025-08-01T18:33:02.885" /><!-- duration: 31ms -->
            <step title="Deleting app_offline.htm" date="2025-08-01T18:33:02.994" /><!-- duration: 47ms -->
            <step title="Restoring npm packages in &quot;C:\home\site\wwwroot&quot;" date="2025-08-01T18:33:03.119" /><!-- duration: 31ms -->
            <step title="up to date, audited 29 packages in 1s" date="2025-08-01T18:33:03.291" /><!-- duration: 31ms -->
            <step title="6 packages are looking for funding" date="2025-08-01T18:33:03.448" /><!-- duration: 16ms -->
            <step title="  run `npm fund` for details" date="2025-08-01T18:33:03.541" /><!-- duration: 16ms -->
            <step title="3 vulnerabilities (2 low, 1 moderate)" date="2025-08-01T18:33:03.698" /><!-- duration: 31ms -->
            <step title="To address all issues, run:" date="2025-08-01T18:33:03.885" /><!-- duration: 31ms -->
            <step title="  npm audit fix" date="2025-08-01T18:33:03.995" /><!-- duration: 31ms -->
            <step title="Run `npm audit` for details." date="2025-08-01T18:33:04.151" /><!-- duration: 31ms -->
            <step title="up to date, audited 29 packages in 1s" date="2025-08-01T18:33:04.307" /><!-- duration: 31ms -->
            <step title="6 packages are looking for funding" date="2025-08-01T18:33:04.463" /><!-- duration: 31ms -->
            <step title="  run `npm fund` for details" date="2025-08-01T18:33:04.557" /><!-- duration: 31ms -->
            <step title="found 0 vulnerabilities" date="2025-08-01T18:33:04.698" /><!-- duration: 16ms -->
            <step title="Finished successfully." date="2025-08-01T18:33:04.791" /><!-- duration: 31ms -->
          </step><!-- duration: 11211ms -->
          <step title="Running post deployment command(s)..." date="2025-08-01T18:33:05.135" /><!-- duration: 31ms -->
          <step title="Triggering recycle (preview mode disabled)." date="2025-08-01T18:33:05.401" /><!-- duration: 31ms -->
          <step title="Ignoring FS watcher based recycle request as this is a classic Windows app." date="2025-08-01T18:33:05.480" /><!-- duration: 31ms -->
          <step title="Deployment successful. DEPLOYMENTINFO: deploymentPath = Functions App ZipDeploy. Extract zip. Remote build. , deployer = ZipDeploy, os = windows, sku = Dynamic, language = node, siteName = aitm-func-1753463791, slotName = Production, siteHostName = aitm-func-1753463791.azurewebsites.net, deploymentStatus = Success" date="2025-08-01T18:33:05.714" /><!-- duration: 16ms -->
          <step title="Purge deployment items" date="2025-08-01T18:33:06.308" >
            <step title="Remove c8aabd7fa, Success, received at 8/1/2025 5:42:42 PM" date="2025-08-01T18:33:06.667" /><!-- duration: 31ms -->
          </step><!-- duration: 422ms -->
        </step><!-- duration: 14165ms -->
      </step><!-- duration: 15712ms -->
      <step title="Cleaning up temp files" date="2025-08-01T18:33:06.886" /><!-- duration: 31ms -->
      <step title="Begin HttpPost https://aitm-func-1753463791.scm.azurewebsites.net/operations/settriggers, x-ms-request-id: f6cea92c-ba0c-4271-95c7-6f70af91cc8b" date="2025-08-01T18:33:06.964" /><!-- duration: 31ms -->
      <step title="End HttpPost, status: OK" date="2025-08-01T18:33:07.058" /><!-- duration: 31ms -->
      <step title="Scheduling background sync triggers after delay" date="2025-08-01T18:33:07.120" /><!-- duration: 16ms -->
    </step><!-- duration: 18853ms -->
    <step title="LockFile &apos;C:\home\site\locks\deployments.lock&apos; released" date="2025-08-01T18:33:07.401" /><!-- duration: 31ms -->
  </step><!-- duration: 19743ms -->
  <step title="Outgoing response" date="2025-08-01T18:33:07.495" type="response" statusCode="200" statusText="OK" Server="Microsoft-IIS/10.0" x-ms-request-id="f6cea92c-ba0c-4271-95c7-6f70af91cc8b" Cache-Control="private" X-AspNet-Version="4.0.30319" /><!-- duration: 31ms -->
</step><!-- duration: 21978ms -->
