<step title="Incoming Request" date="2025-08-01T18:34:24.892" instance="4e18c7" url="/api/zipdeploy" method="POST" type="request" pid="3080,2,22" Content-Length="12016517" Content-Type="application/zip" Authorization="Bea..." Host="aitm-func-1753463791.scm.azurewebsites.net" If-Match="*" User-Agent="functions-core-tools/4.1.0" X-ARR-LOG-ID="b35a4e76-51e9-4e86-948d-e56dd64e9fd3" CLIENT-IP="44.197.134.194:52964" X-SITE-DEPLOYMENT-ID="aitm-func-1753463791" WAS-DEFAULT-HOSTNAME="aitm-func-1753463791.scm.azurewebsites.net" X-Forwarded-Proto="https" X-AppService-Proto="https" X-Forwarded-TlsVersion="1.3" X-WAWS-Unencoded-URL="/api/zipdeploy" >
  <step title="Cleanup Xml Logs" date="2025-08-01T18:34:24.924" /><!-- duration: 47ms -->
  <step title="ZipPushDeploy" date="2025-08-01T18:34:25.017" >
    <step title="Functions App ZipDeploy. Extract zip. Remote build. " date="2025-08-01T18:34:25.033" /><!-- duration: 47ms -->
    <step title="Starting PushDeployAsync" date="2025-08-01T18:34:25.111" /><!-- duration: 31ms -->
    <step title="Updating shutdown sentinel last write time" date="2025-08-01T18:34:25.189" SemaphoreCount="7" /><!-- duration: 31ms -->
    <step title="LockFile &apos;C:\home\site\locks\deployments.lock&apos; acquired" date="2025-08-01T18:34:25.236" /><!-- duration: 31ms -->
    <step title="Saving request content to C:\local\Temp\zipdeploy\mqepbg43.zip" date="2025-08-01T18:34:25.283" >
      <step title="Total 12,016,517 bytes written to C:\local\Temp\zipdeploy\mqepbg43.zip" date="2025-08-01T18:34:25.377" /><!-- duration: 31ms -->
    </step><!-- duration: 141ms -->
    <step title="LockFile &apos;C:\home\site\locks\deployments.lock&apos; released" date="2025-08-01T18:34:25.471" /><!-- duration: 31ms -->
    <step title="Deleting shutdown sentinel file" date="2025-08-01T18:34:25.549" SemaphoreCount="8" /><!-- duration: 16ms -->
    <step title="Starting FetchDeploy" date="2025-08-01T18:34:25.596" /><!-- duration: 31ms -->
    <step title="Attempting to fetch target branch HEAD" date="2025-08-01T18:34:25.658" /><!-- duration: 16ms -->
    <step title="Updating shutdown sentinel last write time" date="2025-08-01T18:34:25.721" SemaphoreCount="7" /><!-- duration: 16ms -->
    <step title="LockFile &apos;C:\home\site\locks\deployments.lock&apos; acquired" date="2025-08-01T18:34:25.767" /><!-- duration: 31ms -->
    <step title="Performing fetch based deployment" date="2025-08-01T18:34:25.814" >
      <step title="Creating temporary deployment" date="2025-08-01T18:34:25.846" /><!-- duration: 156ms -->
      <step title="Fetching changes." date="2025-08-01T18:34:26.283" /><!-- duration: 16ms -->
      <step title="Starting LocalZipHandler" date="2025-08-01T18:34:26.361" /><!-- duration: 16ms -->
      <step title="Starting LocalZipFetch" date="2025-08-01T18:34:26.392" /><!-- duration: 31ms -->
      <step title="Cleaning up temp folders from previous zip deployments and extracting pushed zip file C:\local\Temp\zipdeploy\mqepbg43.zip (11.46 MB) to C:\local\Temp\zipdeploy\extracted" date="2025-08-01T18:34:26.471" /><!-- duration: 31ms -->
      <step title="Cleaning up temp folders from previous zip deployments and extracting pushed zip file C:\local\Temp\zipdeploy\mqepbg43.zip (11.46 MB) to C:\local\Temp\zipdeploy\extracted" date="2025-08-01T18:34:26.549" >
        <step title="Renaming extractTargetDirectory(C:\local\Temp\zipdeploy\extracted) to tempDirectory(C:\local\Temp\zipdeploy\2ljzqxir.l4i)" date="2025-08-01T18:34:26.580" /><!-- duration: 31ms -->
        <step title="Extracting 1115 entries to C:\local\Temp\zipdeploy\extracted directory" date="2025-08-01T18:34:26.971" >
          <step title="Extracting to C:\local\Temp\zipdeploy\extracted\logs_white_page.zip ..." date="2025-08-01T18:34:27.002" /><!-- duration: 31ms -->
          <step title="Extracting to C:\local\Temp\zipdeploy\extracted\latest_phishlet_logs.zip ..." date="2025-08-01T18:34:27.064" /><!-- duration: 47ms -->
          <step title="Extracting to C:\local\Temp\zipdeploy\extracted\package-lock.json ..." date="2025-08-01T18:34:27.127" /><!-- duration: 31ms -->
          <step title="Extracting to C:\local\Temp\zipdeploy\extracted\evilginx-debug-latest.zip ..." date="2025-08-01T18:34:27.174" /><!-- duration: 31ms -->
          <step title="Extracting to C:\local\Temp\zipdeploy\extracted\headers2.txt ..." date="2025-08-01T18:34:27.236" /><!-- duration: 16ms -->
          <step title="Omitting extracting file traces ..." date="2025-08-01T18:34:27.283" /><!-- duration: 31ms -->
          <step title="Extracting to C:\local\Temp\zipdeploy\extracted\LogFiles\DetailedErrors\ErrorPage000035.htm ..." date="2025-08-01T18:34:28.314" /><!-- duration: 31ms -->
          <step title="Extracting to C:\local\Temp\zipdeploy\extracted\LogFiles\DetailedErrors\ErrorPage000033.htm ..." date="2025-08-01T18:34:28.361" /><!-- duration: 31ms -->
          <step title="Extracting to C:\local\Temp\zipdeploy\extracted\LogFiles\DetailedErrors\ErrorPage000036.htm ..." date="2025-08-01T18:34:28.424" /><!-- duration: 16ms -->
          <step title="Extracting to C:\local\Temp\zipdeploy\extracted\LogFiles\DetailedErrors\ErrorPage000020.htm ..." date="2025-08-01T18:34:28.471" /><!-- duration: 31ms -->
          <step title="Extracting to C:\local\Temp\zipdeploy\extracted\LogFiles\DetailedErrors\ErrorPage000028.htm ..." date="2025-08-01T18:34:28.517" /><!-- duration: 31ms -->
        </step><!-- duration: 1594ms -->
      </step><!-- duration: 2047ms -->
      <step title="None repository commit" date="2025-08-01T18:34:28.627" >
        <step title="Commit id: ffc272ac788f443591ab81f8653fdd4c" date="2025-08-01T18:34:28.642" Message="Created via a push deployment" AuthorName="N/A" AuthorEmail="N/A" /><!-- duration: 31ms -->
      </step><!-- duration: 78ms -->
      <step title="Before sending BuildRequestReceived status to /api/updatedeploystatus" date="2025-08-01T18:34:28.736" /><!-- duration: 16ms -->
      <step title="DeploymentManager.Deploy(id:ffc272ac788f443591ab81f8653fdd4c)" date="2025-08-01T18:34:28.783" >
        <step title="Collecting changeset information" date="2025-08-01T18:34:28.830" /><!-- duration: 219ms -->
        <step title="Updating submodules" date="2025-08-01T18:34:29.080" >
          <step title="Updating submodules." date="2025-08-01T18:34:29.346" /><!-- duration: 16ms -->
        </step><!-- duration: 344ms -->
        <step title="Preparing deployment for commit id &apos;ffc272ac78&apos;." date="2025-08-01T18:34:29.658" /><!-- duration: 16ms -->
        <step title="Determining deployment builder" date="2025-08-01T18:34:29.908" >
          <step title="UseMSBuild16: True" date="2025-08-01T18:34:29.924" /><!-- duration: 31ms -->
          <step title="Builder is FunctionBasicBuilder" date="2025-08-01T18:34:30.002" /><!-- duration: 16ms -->
        </step><!-- duration: 156ms -->
        <step title="Copying SSH keys" date="2025-08-01T18:34:30.158" /><!-- duration: 31ms -->
        <step title="Building" date="2025-08-01T18:34:30.221" >
          <step title="Generating deployment script." date="2025-08-01T18:34:30.486" /><!-- duration: 31ms -->
          <step title="Generating deployment script" date="2025-08-01T18:34:30.564" >
            <step title="Using cached version of the deployment script for command: -y --no-dot-deployment -r &quot;C:\local\Temp\zipdeploy\extracted&quot; -o &quot;C:\home\site\deployments\tools&quot; --functionApp --sitePath &quot;C:\local\Temp\zipdeploy\extracted&quot;" date="2025-08-01T18:34:30.642" /><!-- duration: 16ms -->
            <step title="Using cached version of deployment script (command: &apos;azure -y --no-dot-deployment -r &quot;C:\local\Temp\zipdeploy\extracted&quot; -o &quot;C:\home\site\deployments\tools&quot; --functionApp --sitePath &quot;C:\local\Temp\zipdeploy\extracted&quot;&apos;)." date="2025-08-01T18:34:30.705" /><!-- duration: 31ms -->
          </step><!-- duration: 219ms -->
          <step title="Running deployment command..." date="2025-08-01T18:34:31.002" /><!-- duration: 16ms -->
          <step title="Command: &quot;C:\home\site\deployments\tools\deploy.cmd&quot;" date="2025-08-01T18:34:31.096" /><!-- duration: 31ms -->
          <step title="Executing external process" date="2025-08-01T18:34:31.189" type="process" path="starter.cmd" arguments="&quot;C:\home\site\deployments\tools\deploy.cmd&quot;" >
            <step title="Handling function App deployment." date="2025-08-01T18:34:32.127" /><!-- duration: 31ms -->
            <step title="Not using funcpack because SCM_USE_FUNCPACK is not set to 1" date="2025-08-01T18:34:32.268" /><!-- duration: 16ms -->
            <step title="Installing function extensions from nuget" date="2025-08-01T18:34:32.361" /><!-- duration: 31ms -->
            <step title="Creating app_offline.htm" date="2025-08-01T18:34:36.268" /><!-- duration: 31ms -->
            <step title="KuduSync.NET from: &apos;C:\local\Temp\zipdeploy\extracted&apos; to: &apos;C:\home\site\wwwroot&apos;" date="2025-08-01T18:34:36.393" /><!-- duration: 31ms -->
            <step title="Copying file: &apos;package-lock.json&apos;" date="2025-08-01T18:34:36.502" /><!-- duration: 31ms -->
            <step title="Copying file: &apos;node_modules\.package-lock.json&apos;" date="2025-08-01T18:34:36.611" >
            <step title="npm warn config production Use `--omit=dev` instead." date="2025-08-01T18:34:36.627" /><!-- duration: 47ms -->
            <step title="Deleting app_offline.htm" date="2025-08-01T18:34:36.705" /><!-- duration: 16ms -->
            <step title="Restoring npm packages in &quot;C:\home\site\wwwroot&quot;" date="2025-08-01T18:34:36.799" /><!-- duration: 16ms -->
            <step title="up to date, audited 29 packages in 1s" date="2025-08-01T18:34:37.736" /><!-- duration: 31ms -->
            <step title="6 packages are looking for funding" date="2025-08-01T18:34:37.893" /><!-- duration: 31ms -->
            <step title="  run `npm fund` for details" date="2025-08-01T18:34:38.002" /><!-- duration: 31ms -->
            <step title="npm warn config production Use `--omit=dev` instead." date="2025-08-01T18:34:38.143"             <step title="3 vulnerabilities (2 low, 1 moderate)" date="2025-08-01T18:34:38.174" /><!-- duration: 31ms -->
/><!-- duration: 16ms -->
            <step title="To address all issues, run:" date="2025-08-01T18:34:38.299" /><!-- duration: 31ms -->
            <step title="  npm audit fix" date="2025-08-01T18:34:38.408" /><!-- duration: 16ms -->
            <step title="Run `npm audit` for details." date="2025-08-01T18:34:38.565" /><!-- duration: 31ms -->
            <step title="up to date, audited 29 packages in 1s" date="2025-08-01T18:34:39.158" /><!-- duration: 16ms -->
            <step title="6 packages are looking for funding" date="2025-08-01T18:34:39.299" /><!-- duration: 31ms -->
            <step title="  run `npm fund` for details" date="2025-08-01T18:34:39.408" /><!-- duration: 16ms -->
            <step title="found 0 vulnerabilities" date="2025-08-01T18:34:39.565" /><!-- duration: 31ms -->
            <step title="Finished successfully." date="2025-08-01T18:34:39.658" /><!-- duration: 16ms -->
          </step><!-- duration: 8547ms -->
          <step title="Running post deployment command(s)..." date="2025-08-01T18:34:39.955" /><!-- duration: 16ms -->
          <step title="Triggering recycle (preview mode disabled)." date="2025-08-01T18:34:40.236" /><!-- duration: 31ms -->
          <step title="Ignoring FS watcher based recycle request as this is a classic Windows app." date="2025-08-01T18:34:40.315" /><!-- duration: 31ms -->
          <step title="Deployment successful. DEPLOYMENTINFO: deploymentPath = Functions App ZipDeploy. Extract zip. Remote build. , deployer = ZipDeploy, os = windows, sku = Dynamic, language = node, siteName = aitm-func-1753463791, slotName = Production, siteHostName = aitm-func-1753463791.azurewebsites.net, deploymentStatus = Success" date="2025-08-01T18:34:40.580" /><!-- duration: 16ms -->
          <step title="Purge deployment items" date="2025-08-01T18:34:41.236" >
            <step title="Remove 24a0b275d, Success, received at 8/1/2025 5:46:39 PM" date="2025-08-01T18:34:41.643" /><!-- duration: 16ms -->
          </step><!-- duration: 453ms -->
        </step><!-- duration: 11594ms -->
      </step><!-- duration: 13063ms -->
      <step title="Cleaning up temp files" date="2025-08-01T18:34:41.861" /><!-- duration: 31ms -->
      <step title="Begin HttpPost https://aitm-func-1753463791.scm.azurewebsites.net/operations/settriggers, x-ms-request-id: b35a4e76-51e9-4e86-948d-e56dd64e9fd3" date="2025-08-01T18:34:41.940" /><!-- duration: 31ms -->
      <step title="End HttpPost, status: OK" date="2025-08-01T18:34:42.049" /><!-- duration: 31ms -->
      <step title="Scheduling background sync triggers after delay" date="2025-08-01T18:34:42.111" /><!-- duration: 16ms -->
    </step><!-- duration: 16594ms -->
    <step title="LockFile &apos;C:\home\site\locks\deployments.lock&apos; released" date="2025-08-01T18:34:42.455" /><!-- duration: 31ms -->
  </step><!-- duration: 17516ms -->
  <step title="Outgoing response" date="2025-08-01T18:34:42.565" type="response" statusCode="200" statusText="OK" Server="Microsoft-IIS/10.0" x-ms-request-id="b35a4e76-51e9-4e86-948d-e56dd64e9fd3" Cache-Control="private" X-AspNet-Version="4.0.30319" /><!-- duration: 16ms -->
</step><!-- duration: 17719ms -->
