<step title="Incoming Request" date="2025-08-01T15:51:13.784" instance="abefab" url="/api/zipdeploy" method="POST" type="request" pid="484,2,9" Content-Length="12082973" Content-Type="application/zip" Authorization="Bea..." Host="aitm-func-1753463791.scm.azurewebsites.net" If-Match="*" User-Agent="functions-core-tools/4.1.0" X-ARR-LOG-ID="e2f00d53-b858-4140-b6b3-13cf11a0716c" CLIENT-IP="18.215.86.88:28800" X-SITE-DEPLOYMENT-ID="aitm-func-1753463791" WAS-DEFAULT-HOSTNAME="aitm-func-1753463791.scm.azurewebsites.net" X-Forwarded-Proto="https" X-AppService-Proto="https" X-Forwarded-TlsVersion="1.3" X-WAWS-Unencoded-URL="/api/zipdeploy" >
  <step title="ZipPushDeploy" date="2025-08-01T15:51:13.862" >
    <step title="Functions App ZipDeploy. Run from package." date="2025-08-01T15:51:13.909" /><!-- duration: 16ms -->
    <step title="Starting PushDeployAsync" date="2025-08-01T15:51:13.956" /><!-- duration: 16ms -->
    <step title="Updating shutdown sentinel last write time" date="2025-08-01T15:51:14.050" SemaphoreCount="7" /><!-- duration: 31ms -->
    <step title="LockFile &apos;C:\home\site\locks\deployments.lock&apos; acquired" date="2025-08-01T15:51:14.097" /><!-- duration: 31ms -->
    <step title="Deleting outdated zip file C:\home\data\SitePackages\20250801153808.zip" date="2025-08-01T15:51:14.175" /><!-- duration: 47ms -->
    <step title="Saving request content to C:\home\data\SitePackages\20250801155113.zip" date="2025-08-01T15:51:14.237" >
      <step title="Total 12,082,973 bytes written to C:\home\data\SitePackages\20250801155113.zip" date="2025-08-01T15:51:14.487" /><!-- duration: 16ms -->
    </step><!-- duration: 859ms -->
    <step title="LockFile &apos;C:\home\site\locks\deployments.lock&apos; released" date="2025-08-01T15:51:15.128" /><!-- duration: 16ms -->
    <step title="Deleting shutdown sentinel file" date="2025-08-01T15:51:15.190" SemaphoreCount="8" /><!-- duration: 31ms -->
    <step title="Starting FetchDeploy" date="2025-08-01T15:51:15.237" /><!-- duration: 31ms -->
    <step title="Attempting to fetch target branch HEAD" date="2025-08-01T15:51:15.284" /><!-- duration: 31ms -->
    <step title="Updating shutdown sentinel last write time" date="2025-08-01T15:51:15.347" SemaphoreCount="7" /><!-- duration: 31ms -->
    <step title="LockFile &apos;C:\home\site\locks\deployments.lock&apos; acquired" date="2025-08-01T15:51:15.393" /><!-- duration: 31ms -->
    <step title="Performing fetch based deployment" date="2025-08-01T15:51:15.456" >
      <step title="Creating temporary deployment" date="2025-08-01T15:51:15.472" /><!-- duration: 156ms -->
      <step title="Fetching changes." date="2025-08-01T15:51:15.831" /><!-- duration: 31ms -->
      <step title="Starting LocalZipHandler" date="2025-08-01T15:51:15.909" /><!-- duration: 16ms -->
      <step title="Starting ExtractTriggers" date="2025-08-01T15:51:15.956" /><!-- duration: 31ms -->
      <step title="None repository commit" date="2025-08-01T15:51:16.206" >
        <step title="Commit id: caa67d5bf96e4d0fad46c48096b67dad" date="2025-08-01T15:51:16.237" Message="Created via a push deployment" AuthorName="N/A" AuthorEmail="N/A" /><!-- duration: 16ms -->
      </step><!-- duration: 78ms -->
      <step title="Before sending BuildRequestReceived status to /api/updatedeploystatus" date="2025-08-01T15:51:16.300" /><!-- duration: 31ms -->
      <step title="DeploymentManager.Deploy(id:caa67d5bf96e4d0fad46c48096b67dad)" date="2025-08-01T15:51:16.362" >
        <step title="Collecting changeset information" date="2025-08-01T15:51:16.409" /><!-- duration: 187ms -->
        <step title="Updating submodules" date="2025-08-01T15:51:16.612" >
          <step title="Updating submodules." date="2025-08-01T15:51:16.831" /><!-- duration: 31ms -->
        </step><!-- duration: 297ms -->
        <step title="Preparing deployment for commit id &apos;caa67d5bf9&apos;." date="2025-08-01T15:51:17.128" /><!-- duration: 31ms -->
        <step title="Determining deployment builder" date="2025-08-01T15:51:17.362" >
          <step title="Builder is RunFromZipSiteBuilder" date="2025-08-01T15:51:17.393" /><!-- duration: 16ms -->
        </step><!-- duration: 78ms -->
        <step title="Copying SSH keys" date="2025-08-01T15:51:17.518" /><!-- duration: 47ms -->
        <step title="Building" date="2025-08-01T15:51:17.581" >
          <step title="Skipping build. Project type: Run-From-Zip" date="2025-08-01T15:51:17.831" /><!-- duration: 31ms -->
          <step title="Skipping post build. Project type: Run-From-Zip" date="2025-08-01T15:51:18.097" /><!-- duration: 31ms -->
          <step title="Triggering recycle (preview mode disabled)." date="2025-08-01T15:51:18.378" /><!-- duration: 16ms -->
          <step title="Ignoring FS watcher based recycle request as this is a classic Windows app." date="2025-08-01T15:51:18.456" /><!-- duration: 16ms -->
          <step title="Deployment successful. DEPLOYMENTINFO: deploymentPath = Functions App ZipDeploy. Run from package., deployer = ZipDeploy, os = windows, sku = Dynamic, language = node, siteName = aitm-func-1753463791, slotName = Production, siteHostName = aitm-func-1753463791.azurewebsites.net, deploymentStatus = Success" date="2025-08-01T15:51:18.706" /><!-- duration: 31ms -->
          <step title="Purge deployment items" date="2025-08-01T15:51:19.456" >
            <step title="Remove aed2636d9, Success, received at 8/1/2025 1:49:04 PM" date="2025-08-01T15:51:19.768" /><!-- duration: 31ms -->
          </step><!-- duration: 359ms -->
        </step><!-- duration: 2344ms -->
      </step><!-- duration: 3594ms -->
      <step title="Cleaning up temp files" date="2025-08-01T15:51:19.972" /><!-- duration: 31ms -->
      <step title="Updating C:\home\data\SitePackages\packagename.txt with deployment 20250801155113.zip" date="2025-08-01T15:51:20.081" /><!-- duration: 109ms -->
      <step title="Begin HttpPost https://aitm-func-1753463791.scm.azurewebsites.net/operations/settriggers, x-ms-request-id: e2f00d53-b858-4140-b6b3-13cf11a0716c" date="2025-08-01T15:51:20.253" /><!-- duration: 16ms -->
      <step title="End HttpPost, status: OK" date="2025-08-01T15:51:20.455" /><!-- duration: 20ms -->
      <step title="Scheduling background sync triggers after delay" date="2025-08-01T15:51:20.507" /><!-- duration: 31ms -->
    </step><!-- duration: 5363ms -->
    <step title="LockFile &apos;C:\home\site\locks\deployments.lock&apos; released" date="2025-08-01T15:51:20.850" /><!-- duration: 16ms -->
  </step><!-- duration: 7066ms -->
  <step title="Outgoing response" date="2025-08-01T15:51:20.944" type="response" statusCode="200" statusText="OK" Server="Microsoft-IIS/10.0" x-ms-request-id="e2f00d53-b858-4140-b6b3-13cf11a0716c" Cache-Control="private" X-AspNet-Version="4.0.30319" /><!-- duration: 47ms -->
</step><!-- duration: 7223ms -->
