<step title="Incoming Request" date="2025-08-01T17:50:57.801" instance="a26e13" url="/api/zipdeploy" method="POST" type="request" pid="1004,2,8" Content-Length="12097963" Content-Type="application/zip" Authorization="Bea..." Host="aitm-func-1753463791.scm.azurewebsites.net" If-Match="*" User-Agent="functions-core-tools/4.1.0" X-ARR-LOG-ID="ef6bcf20-0bd0-4b65-87f3-d9fbabace6e9" CLIENT-IP="18.215.86.88:13137" X-SITE-DEPLOYMENT-ID="aitm-func-1753463791" WAS-DEFAULT-HOSTNAME="aitm-func-1753463791.scm.azurewebsites.net" X-Forwarded-Proto="https" X-AppService-Proto="https" X-Forwarded-TlsVersion="1.3" X-WAWS-Unencoded-URL="/api/zipdeploy" >
  <step title="Cleanup Xml Logs" date="2025-08-01T17:50:57.832" /><!-- duration: 31ms -->
  <step title="ZipPushDeploy" date="2025-08-01T17:50:58.082" >
    <step title="Functions App ZipDeploy. Extract zip. Remote build. " date="2025-08-01T17:50:58.113" /><!-- duration: 31ms -->
    <step title="Starting PushDeployAsync" date="2025-08-01T17:50:58.160" /><!-- duration: 31ms -->
    <step title="Updating shutdown sentinel last write time" date="2025-08-01T17:50:58.270" SemaphoreCount="7" /><!-- duration: 31ms -->
    <step title="LockFile &apos;C:\home\site\locks\deployments.lock&apos; acquired" date="2025-08-01T17:50:58.332" /><!-- duration: 16ms -->
    <step title="Saving request content to C:\local\Temp\zipdeploy\uvzm5qgc.zip" date="2025-08-01T17:50:58.379" >
      <step title="Total 12,097,963 bytes written to C:\local\Temp\zipdeploy\uvzm5qgc.zip" date="2025-08-01T17:50:58.473" /><!-- duration: 31ms -->
    </step><!-- duration: 156ms -->
    <step title="LockFile &apos;C:\home\site\locks\deployments.lock&apos; released" date="2025-08-01T17:50:58.567" /><!-- duration: 16ms -->
    <step title="Deleting shutdown sentinel file" date="2025-08-01T17:50:58.645" SemaphoreCount="8" /><!-- duration: 31ms -->
    <step title="Starting FetchDeploy" date="2025-08-01T17:50:58.707" /><!-- duration: 16ms -->
    <step title="Attempting to fetch target branch HEAD" date="2025-08-01T17:50:58.738" /><!-- duration: 31ms -->
    <step title="Updating shutdown sentinel last write time" date="2025-08-01T17:50:58.817" SemaphoreCount="7" /><!-- duration: 16ms -->
    <step title="LockFile &apos;C:\home\site\locks\deployments.lock&apos; acquired" date="2025-08-01T17:50:58.863" /><!-- duration: 16ms -->
    <step title="Performing fetch based deployment" date="2025-08-01T17:50:58.910" >
      <step title="Creating temporary deployment" date="2025-08-01T17:50:58.942" /><!-- duration: 172ms -->
      <step title="Fetching changes." date="2025-08-01T17:50:59.332" /><!-- duration: 47ms -->
      <step title="Starting LocalZipHandler" date="2025-08-01T17:50:59.426" /><!-- duration: 16ms -->
      <step title="Starting LocalZipFetch" date="2025-08-01T17:50:59.473" /><!-- duration: 31ms -->
      <step title="Cleaning up temp folders from previous zip deployments and extracting pushed zip file C:\local\Temp\zipdeploy\uvzm5qgc.zip (11.54 MB) to C:\local\Temp\zipdeploy\extracted" date="2025-08-01T17:50:59.551" /><!-- duration: 16ms -->
      <step title="Cleaning up temp folders from previous zip deployments and extracting pushed zip file C:\local\Temp\zipdeploy\uvzm5qgc.zip (11.54 MB) to C:\local\Temp\zipdeploy\extracted" date="2025-08-01T17:50:59.613" >
        <step title="Extracting 1135 entries to C:\local\Temp\zipdeploy\extracted directory" date="2025-08-01T17:50:59.660" >
          <step title="Extracting to C:\local\Temp\zipdeploy\extracted\logs_white_page.zip ..." date="2025-08-01T17:50:59.692" /><!-- duration: 16ms -->
          <step title="Extracting to C:\local\Temp\zipdeploy\extracted\latest_phishlet_logs.zip ..." date="2025-08-01T17:50:59.738" /><!-- duration: 31ms -->
          <step title="Extracting to C:\local\Temp\zipdeploy\extracted\package-lock.json ..." date="2025-08-01T17:50:59.785" /><!-- duration: 31ms -->
          <step title="Extracting to C:\local\Temp\zipdeploy\extracted\evilginx-debug-latest.zip ..." date="2025-08-01T17:50:59.832" /><!-- duration: 31ms -->
          <step title="Extracting to C:\local\Temp\zipdeploy\extracted\headers2.txt ..." date="2025-08-01T17:50:59.895" /><!-- duration: 16ms -->
          <step title="Omitting extracting file traces ..." date="2025-08-01T17:50:59.926" /><!-- duration: 31ms -->
          <step title="Extracting to C:\local\Temp\zipdeploy\extracted\LogFiles\DetailedErrors\ErrorPage000035.htm ..." date="2025-08-01T17:51:00.895" /><!-- duration: 16ms -->
          <step title="Extracting to C:\local\Temp\zipdeploy\extracted\LogFiles\DetailedErrors\ErrorPage000033.htm ..." date="2025-08-01T17:51:00.942" /><!-- duration: 31ms -->
          <step title="Extracting to C:\local\Temp\zipdeploy\extracted\LogFiles\DetailedErrors\ErrorPage000036.htm ..." date="2025-08-01T17:51:00.989" /><!-- duration: 31ms -->
          <step title="Extracting to C:\local\Temp\zipdeploy\extracted\LogFiles\DetailedErrors\ErrorPage000020.htm ..." date="2025-08-01T17:51:01.051" /><!-- duration: 31ms -->
          <step title="Extracting to C:\local\Temp\zipdeploy\extracted\LogFiles\DetailedErrors\ErrorPage000028.htm ..." date="2025-08-01T17:51:01.114" /><!-- duration: 16ms -->
        </step><!-- duration: 1500ms -->
      </step><!-- duration: 1563ms -->
      <step title="None repository commit" date="2025-08-01T17:51:01.207" >
        <step title="Commit id: 1646f2f7d8ea48c097b2aad2deac0f5c" date="2025-08-01T17:51:01.223" Message="Created via a push deployment" AuthorName="N/A" AuthorEmail="N/A" /><!-- duration: 31ms -->
      </step><!-- duration: 78ms -->
      <step title="Before sending BuildRequestReceived status to /api/updatedeploystatus" date="2025-08-01T17:51:01.317" /><!-- duration: 16ms -->
      <step title="DeploymentManager.Deploy(id:1646f2f7d8ea48c097b2aad2deac0f5c)" date="2025-08-01T17:51:01.364" >
        <step title="Collecting changeset information" date="2025-08-01T17:51:01.427" /><!-- duration: 172ms -->
        <step title="Updating submodules" date="2025-08-01T17:51:01.630" >
          <step title="Updating submodules." date="2025-08-01T17:51:01.849" /><!-- duration: 16ms -->
        </step><!-- duration: 281ms -->
        <step title="Preparing deployment for commit id &apos;1646f2f7d8&apos;." date="2025-08-01T17:51:02.145" /><!-- duration: 31ms -->
        <step title="Determining deployment builder" date="2025-08-01T17:51:02.395" >
          <step title="UseMSBuild16: True" date="2025-08-01T17:51:02.427" /><!-- duration: 16ms -->
          <step title="Builder is FunctionBasicBuilder" date="2025-08-01T17:51:02.552" /><!-- duration: 16ms -->
        </step><!-- duration: 203ms -->
        <step title="Copying SSH keys" date="2025-08-01T17:51:02.708" /><!-- duration: 47ms -->
        <step title="Building" date="2025-08-01T17:51:02.786" >
          <step title="Generating deployment script." date="2025-08-01T17:51:03.020" /><!-- duration: 31ms -->
          <step title="Generating deployment script" date="2025-08-01T17:51:03.130" >
            <step title="Using cached version of the deployment script for command: -y --no-dot-deployment -r &quot;C:\local\Temp\zipdeploy\extracted&quot; -o &quot;C:\home\site\deployments\tools&quot; --functionApp --sitePath &quot;C:\local\Temp\zipdeploy\extracted&quot;" date="2025-08-01T17:51:03.224" /><!-- duration: 16ms -->
            <step title="Using cached version of deployment script (command: &apos;azure -y --no-dot-deployment -r &quot;C:\local\Temp\zipdeploy\extracted&quot; -o &quot;C:\home\site\deployments\tools&quot; --functionApp --sitePath &quot;C:\local\Temp\zipdeploy\extracted&quot;&apos;)." date="2025-08-01T17:51:03.286" /><!-- duration: 31ms -->
          </step><!-- duration: 234ms -->
          <step title="Running deployment command..." date="2025-08-01T17:51:03.552" /><!-- duration: 16ms -->
          <step title="Command: &quot;C:\home\site\deployments\tools\deploy.cmd&quot;" date="2025-08-01T17:51:03.662" /><!-- duration: 15ms -->
          <step title="Executing external process" date="2025-08-01T17:51:03.724" type="process" path="starter.cmd" arguments="&quot;C:\home\site\deployments\tools\deploy.cmd&quot;" >
            <step title="Handling function App deployment." date="2025-08-01T17:51:04.333" /><!-- duration: 16ms -->
            <step title="Not using funcpack because SCM_USE_FUNCPACK is not set to 1" date="2025-08-01T17:51:04.427" /><!-- duration: 16ms -->
            <step title="Installing function extensions from nuget" date="2025-08-01T17:51:04.521" /><!-- duration: 31ms -->
            <step title="Creating app_offline.htm" date="2025-08-01T17:51:08.755" /><!-- duration: 31ms -->
            <step title="KuduSync.NET from: &apos;C:\local\Temp\zipdeploy\extracted&apos; to: &apos;C:\home\site\wwwroot&apos;" date="2025-08-01T17:51:08.864" /><!-- duration: 16ms -->
            <step title="Copying file: &apos;package-lock.json&apos;" date="2025-08-01T17:51:08.958" /><!-- duration: 16ms -->
            <step title="Copying file: &apos;node_modules\.package-lock.json&apos;" date="2025-08-01T17:51:09.052" /><!-- duration: 31ms -->
            <step title="Deleting file: &apos;src\functions\working_fixes_backup.js&apos;" date="2025-08-01T17:51:09.146" /><!-- duration: 16ms -->
            <step title="Copying file: &apos;src\functions\test_deploy_failed.js&apos;" date="2025-08-01T17:51:09.239" /><!-- duration: 16ms -->
>
            <step title="npm warn config production Use `--omit=dev` instead." date="2025-08-01T17:51:09.271" /><!-- duration: 31ms -->
            <step title="Copying file: &apos;src\functions\working_fixes.js&apos;" date="2025-08-01T17:51:09.333" /><!-- duration: 16ms -->
            <step title="Deleting app_offline.htm" date="2025-08-01T17:51:09.427" /><!-- duration: 31ms -->
            <step title="Restoring npm packages in &quot;C:\home\site\wwwroot&quot;" date="2025-08-01T17:51:09.521" /><!-- duration: 31ms -->
            <step title="npm notice" date="2025-08-01T17:51:10.630" >
            <step title="up to date, audited 29 packages in 1s" date="2025-08-01T17:51:10.661" /><!-- duration: 16ms -->
            <step title="npm notice New major version of npm available! 10.8.2 -&gt; 11.5.2" date="2025-08-01T17:51:10.724" /><!-- duration: 31ms -->
            <step title="6 packages are looking for funding" date="2025-08-01T17:51:10.802" /><!-- duration: 16ms -->
            <step title="npm notice Changelog: https://github.com/npm/cli/releases/tag/v11.5.2" date="2025-08-01T17:51:10.911"             <step title="  run `npm fund` for details" date="2025-08-01T17:51:10.943" /><!-- duration: 125ms -->
/><!-- duration: 172ms -->
            <step title="npm notice To update run: npm install -g npm@11.5.2" date="2025-08-01T17:51:11.161" /><!-- duration: 31ms -->
            <step title="3 vulnerabilities (2 low, 1 moderate)" date="2025-08-01T17:51:11.349" >
            <step title="npm notice" date="2025-08-01T17:51:11.365" /><!-- duration: 16ms -->
/><!-- duration: 31ms -->
            <step title="npm warn config production Use `--omit=dev` instead." date="2025-08-01T17:51:11.490" >
            <step title="To address all issues, run:" date="2025-08-01T17:51:11.536" /><!-- duration: 47ms -->
/><!-- duration: 16ms -->
            <step title="  npm audit fix" date="2025-08-01T17:51:11.646" /><!-- duration: 16ms -->
            <step title="Run `npm audit` for details." date="2025-08-01T17:51:11.802" /><!-- duration: 31ms -->
            <step title="up to date, audited 29 packages in 1s" date="2025-08-01T17:51:12.380" /><!-- duration: 16ms -->
            <step title="6 packages are looking for funding" date="2025-08-01T17:51:12.521" /><!-- duration: 31ms -->
            <step title="  run `npm fund` for details" date="2025-08-01T17:51:12.630" /><!-- duration: 16ms -->
            <step title="found 0 vulnerabilities" date="2025-08-01T17:51:12.755" /><!-- duration: 31ms -->
            <step title="Finished successfully." date="2025-08-01T17:51:12.849" /><!-- duration: 47ms -->
          </step><!-- duration: 9219ms -->
          <step title="Running post deployment command(s)..." date="2025-08-01T17:51:13.161" /><!-- duration: 16ms -->
          <step title="Triggering recycle (preview mode disabled)." date="2025-08-01T17:51:13.443" /><!-- duration: 16ms -->
          <step title="Ignoring FS watcher based recycle request as this is a classic Windows app." date="2025-08-01T17:51:13.505" /><!-- duration: 31ms -->
          <step title="Deployment successful. DEPLOYMENTINFO: deploymentPath = Functions App ZipDeploy. Extract zip. Remote build. , deployer = ZipDeploy, os = windows, sku = Dynamic, language = node, siteName = aitm-func-1753463791, slotName = Production, siteHostName = aitm-func-1753463791.azurewebsites.net, deploymentStatus = Success" date="2025-08-01T17:51:13.724" /><!-- duration: 16ms -->
          <step title="Purge deployment items" date="2025-08-01T17:51:14.380" >
            <step title="Remove ad0af1fe3, Success, received at 8/1/2025 2:56:24 PM" date="2025-08-01T17:51:14.677" /><!-- duration: 16ms -->
          </step><!-- duration: 344ms -->
        </step><!-- duration: 12032ms -->
      </step><!-- duration: 13470ms -->
      <step title="Cleaning up temp files" date="2025-08-01T17:51:14.865" /><!-- duration: 16ms -->
      <step title="Begin HttpPost https://aitm-func-1753463791.scm.azurewebsites.net/operations/settriggers, x-ms-request-id: ef6bcf20-0bd0-4b65-87f3-d9fbabace6e9" date="2025-08-01T17:51:14.943" /><!-- duration: 16ms -->
      <step title="End HttpPost, status: OK" date="2025-08-01T17:51:15.115" /><!-- duration: 16ms -->
      <step title="Scheduling background sync triggers after delay" date="2025-08-01T17:51:15.146" /><!-- duration: 31ms -->
    </step><!-- duration: 16470ms -->
    <step title="LockFile &apos;C:\home\site\locks\deployments.lock&apos; released" date="2025-08-01T17:51:15.427" /><!-- duration: 16ms -->
  </step><!-- duration: 17407ms -->
  <step title="Outgoing response" date="2025-08-01T17:51:15.505" type="response" statusCode="200" statusText="OK" Server="Microsoft-IIS/10.0" x-ms-request-id="ef6bcf20-0bd0-4b65-87f3-d9fbabace6e9" Cache-Control="private" X-AspNet-Version="4.0.30319" /><!-- duration: 31ms -->
</step><!-- duration: 17751ms -->
