<step title="Incoming Request" date="2025-08-01T11:32:32.219" instance="c69b94" url="/api/zipdeploy" method="POST" type="request" pid="6828,2,9" Content-Length="12049077" Content-Type="application/zip" Authorization="Bea..." Host="aitm-func-1753463791.scm.azurewebsites.net" If-Match="*" User-Agent="functions-core-tools/4.1.0" X-ARR-LOG-ID="b004ff30-68de-439d-971b-76ad29997d61" CLIENT-IP="3.219.18.69:41151" X-SITE-DEPLOYMENT-ID="aitm-func-1753463791" WAS-DEFAULT-HOSTNAME="aitm-func-1753463791.scm.azurewebsites.net" X-Forwarded-Proto="https" X-AppService-Proto="https" X-Forwarded-TlsVersion="1.3" X-WAWS-Unencoded-URL="/api/zipdeploy" >
  <step title="ZipPushDeploy" date="2025-08-01T11:32:32.280" >
    <step title="Functions App ZipDeploy. Run from package." date="2025-08-01T11:32:32.327" /><!-- duration: 16ms -->
    <step title="Starting PushDeployAsync" date="2025-08-01T11:32:32.358" /><!-- duration: 31ms -->
    <step title="Updating shutdown sentinel last write time" date="2025-08-01T11:32:32.421" SemaphoreCount="7" /><!-- duration: 31ms -->
    <step title="LockFile &apos;C:\home\site\locks\deployments.lock&apos; acquired" date="2025-08-01T11:32:32.468" /><!-- duration: 31ms -->
    <step title="Deleting outdated zip file C:\home\data\SitePackages\20250801110548.zip" date="2025-08-01T11:32:32.534" /><!-- duration: 47ms -->
    <step title="Saving request content to C:\home\data\SitePackages\20250801113232.zip" date="2025-08-01T11:32:32.598" >
      <step title="Total 12,049,077 bytes written to C:\home\data\SitePackages\20250801113232.zip" date="2025-08-01T11:32:32.800" /><!-- duration: 31ms -->
    </step><!-- duration: 865ms -->
    <step title="LockFile &apos;C:\home\site\locks\deployments.lock&apos; released" date="2025-08-01T11:32:33.494" /><!-- duration: 16ms -->
    <step title="Deleting shutdown sentinel file" date="2025-08-01T11:32:33.556" SemaphoreCount="8" /><!-- duration: 16ms -->
    <step title="Starting FetchDeploy" date="2025-08-01T11:32:33.603" /><!-- duration: 16ms -->
    <step title="Attempting to fetch target branch HEAD" date="2025-08-01T11:32:33.650" /><!-- duration: 16ms -->
    <step title="Updating shutdown sentinel last write time" date="2025-08-01T11:32:33.697" SemaphoreCount="7" /><!-- duration: 31ms -->
    <step title="LockFile &apos;C:\home\site\locks\deployments.lock&apos; acquired" date="2025-08-01T11:32:33.744" /><!-- duration: 16ms -->
    <step title="Performing fetch based deployment" date="2025-08-01T11:32:33.790" >
      <step title="Creating temporary deployment" date="2025-08-01T11:32:33.806" /><!-- duration: 141ms -->
      <step title="Fetching changes." date="2025-08-01T11:32:34.166" /><!-- duration: 16ms -->
      <step title="Starting LocalZipHandler" date="2025-08-01T11:32:34.229" /><!-- duration: 16ms -->
      <step title="Starting ExtractTriggers" date="2025-08-01T11:32:34.275" /><!-- duration: 62ms -->
      <step title="None repository commit" date="2025-08-01T11:32:34.526" >
        <step title="Commit id: 815541c3a17e42b7892729acedef457c" date="2025-08-01T11:32:34.541" Message="Created via a push deployment" AuthorName="N/A" AuthorEmail="N/A" /><!-- duration: 31ms -->
      </step><!-- duration: 62ms -->
      <step title="Before sending BuildRequestReceived status to /api/updatedeploystatus" date="2025-08-01T11:32:34.604" /><!-- duration: 31ms -->
      <step title="DeploymentManager.Deploy(id:815541c3a17e42b7892729acedef457c)" date="2025-08-01T11:32:34.650" >
        <step title="Collecting changeset information" date="2025-08-01T11:32:34.697" /><!-- duration: 157ms -->
        <step title="Updating submodules" date="2025-08-01T11:32:34.870" >
          <step title="Updating submodules." date="2025-08-01T11:32:35.089" /><!-- duration: 16ms -->
        </step><!-- duration: 281ms -->
        <step title="Preparing deployment for commit id &apos;815541c3a1&apos;." date="2025-08-01T11:32:35.339" /><!-- duration: 16ms -->
        <step title="Determining deployment builder" date="2025-08-01T11:32:35.573" >
          <step title="Builder is RunFromZipSiteBuilder" date="2025-08-01T11:32:35.604" /><!-- duration: 16ms -->
        </step><!-- duration: 62ms -->
        <step title="Copying SSH keys" date="2025-08-01T11:32:35.714" /><!-- duration: 31ms -->
        <step title="Building" date="2025-08-01T11:32:35.761" >
          <step title="Skipping build. Project type: Run-From-Zip" date="2025-08-01T11:32:35.933" /><!-- duration: 16ms -->
          <step title="Skipping post build. Project type: Run-From-Zip" date="2025-08-01T11:32:36.152" /><!-- duration: 15ms -->
          <step title="Triggering recycle (preview mode disabled)." date="2025-08-01T11:32:36.402" /><!-- duration: 15ms -->
          <step title="Ignoring FS watcher based recycle request as this is a classic Windows app." date="2025-08-01T11:32:36.464" /><!-- duration: 16ms -->
          <step title="Deployment successful. DEPLOYMENTINFO: deploymentPath = Functions App ZipDeploy. Run from package., deployer = ZipDeploy, os = windows, sku = Dynamic, language = node, siteName = aitm-func-1753463791, slotName = Production, siteHostName = aitm-func-1753463791.azurewebsites.net, deploymentStatus = Success" date="2025-08-01T11:32:36.667" /><!-- duration: 31ms -->
          <step title="Purge deployment items" date="2025-08-01T11:32:37.324" >
            <step title="Remove 8af79cc72, Success, received at 8/1/2025 10:43:03 AM" date="2025-08-01T11:32:37.559" /><!-- duration: 16ms -->
          </step><!-- duration: 283ms -->
        </step><!-- duration: 1923ms -->
      </step><!-- duration: 3065ms -->
      <step title="Cleaning up temp files" date="2025-08-01T11:32:37.731" /><!-- duration: 16ms -->
      <step title="Updating C:\home\data\SitePackages\packagename.txt with deployment 20250801113232.zip" date="2025-08-01T11:32:37.778" /><!-- duration: 47ms -->
      <step title="Begin HttpPost https://aitm-func-1753463791.scm.azurewebsites.net/operations/settriggers, x-ms-request-id: b004ff30-68de-439d-971b-76ad29997d61" date="2025-08-01T11:32:37.872" /><!-- duration: 16ms -->
      <step title="End HttpPost, status: OK" date="2025-08-01T11:32:38.075" /><!-- duration: 31ms -->
      <step title="Scheduling background sync triggers after delay" date="2025-08-01T11:32:38.122" /><!-- duration: 16ms -->
    </step><!-- duration: 4597ms -->
    <step title="LockFile &apos;C:\home\site\locks\deployments.lock&apos; released" date="2025-08-01T11:32:38.419" /><!-- duration: 16ms -->
    <step title="Deleting shutdown sentinel file" date="2025-08-01T11:32:38.481" SemaphoreCount="8" /><!-- duration: 16ms -->
  </step><!-- duration: 6232ms -->
  <step title="Outgoing response" date="2025-08-01T11:32:38.684" type="response" statusCode="200" statusText="OK" Server="Microsoft-IIS/10.0" x-ms-request-id="b004ff30-68de-439d-971b-76ad29997d61" Cache-Control="private" X-AspNet-Version="4.0.30319" /><!-- duration: 16ms -->
</step><!-- duration: 6512ms -->
