<step title="Incoming Request" date="2025-08-01T15:39:55.654" instance="c0ee5a" url="/api/zipdeploy" method="POST" type="request" pid="5796,2,9" Content-Length="12076516" Content-Type="application/zip" Authorization="Bea..." Host="aitm-func-1753463791.scm.azurewebsites.net" If-Match="*" User-Agent="functions-core-tools/4.1.0" X-ARR-LOG-ID="6b5078e9-ffee-4ba4-8e80-17c1edb977cf" CLIENT-IP="34.224.177.102:16127" X-SITE-DEPLOYMENT-ID="aitm-func-1753463791" WAS-DEFAULT-HOSTNAME="aitm-func-1753463791.scm.azurewebsites.net" X-Forwarded-Proto="https" X-AppService-Proto="https" X-Forwarded-TlsVersion="1.3" X-WAWS-Unencoded-URL="/api/zipdeploy" >
  <step title="ZipPushDeploy" date="2025-08-01T15:39:55.701" >
    <step title="Functions App ZipDeploy. Run from package." date="2025-08-01T15:39:55.763" /><!-- duration: 31ms -->
    <step title="Starting PushDeployAsync" date="2025-08-01T15:39:55.826" /><!-- duration: 31ms -->
    <step title="Updating shutdown sentinel last write time" date="2025-08-01T15:39:55.904" SemaphoreCount="7" /><!-- duration: 31ms -->
    <step title="LockFile &apos;C:\home\site\locks\deployments.lock&apos; acquired" date="2025-08-01T15:39:55.951" /><!-- duration: 31ms -->
    <step title="Deleting outdated zip file C:\home\data\SitePackages\20250801151131.zip" date="2025-08-01T15:39:56.107" /><!-- duration: 47ms -->
    <step title="Saving request content to C:\home\data\SitePackages\20250801153955.zip" date="2025-08-01T15:39:56.169" >
      <step title="Total 12,076,516 bytes written to C:\home\data\SitePackages\20250801153955.zip" date="2025-08-01T15:39:56.388" /><!-- duration: 47ms -->
    </step><!-- duration: 993ms -->
    <step title="LockFile &apos;C:\home\site\locks\deployments.lock&apos; released" date="2025-08-01T15:39:57.209" /><!-- duration: 16ms -->
    <step title="Deleting shutdown sentinel file" date="2025-08-01T15:39:57.287" SemaphoreCount="8" /><!-- duration: 16ms -->
    <step title="Starting FetchDeploy" date="2025-08-01T15:39:57.334" /><!-- duration: 31ms -->
    <step title="Attempting to fetch target branch HEAD" date="2025-08-01T15:39:57.381" /><!-- duration: 31ms -->
    <step title="Updating shutdown sentinel last write time" date="2025-08-01T15:39:57.459" SemaphoreCount="7" /><!-- duration: 31ms -->
    <step title="LockFile &apos;C:\home\site\locks\deployments.lock&apos; acquired" date="2025-08-01T15:39:57.522" /><!-- duration: 16ms -->
    <step title="Performing fetch based deployment" date="2025-08-01T15:39:57.584" >
      <step title="Creating temporary deployment" date="2025-08-01T15:39:57.615" /><!-- duration: 172ms -->
      <step title="Fetching changes." date="2025-08-01T15:39:58.037" /><!-- duration: 16ms -->
      <step title="Starting LocalZipHandler" date="2025-08-01T15:39:58.115" /><!-- duration: 16ms -->
      <step title="Starting ExtractTriggers" date="2025-08-01T15:39:58.162" /><!-- duration: 31ms -->
      <step title="None repository commit" date="2025-08-01T15:39:58.415" >
        <step title="Commit id: a087f7d6ff6947e88e1add337fa57e07" date="2025-08-01T15:39:58.462" Message="Created via a push deployment" AuthorName="N/A" AuthorEmail="N/A" /><!-- duration: 16ms -->
      </step><!-- duration: 94ms -->
      <step title="Before sending BuildRequestReceived status to /api/updatedeploystatus" date="2025-08-01T15:39:58.540" /><!-- duration: 16ms -->
      <step title="DeploymentManager.Deploy(id:a087f7d6ff6947e88e1add337fa57e07)" date="2025-08-01T15:39:58.603" >
        <step title="Collecting changeset information" date="2025-08-01T15:39:58.681" /><!-- duration: 188ms -->
        <step title="Updating submodules" date="2025-08-01T15:39:58.884" >
          <step title="Updating submodules." date="2025-08-01T15:39:59.134" /><!-- duration: 16ms -->
        </step><!-- duration: 328ms -->
        <step title="Preparing deployment for commit id &apos;a087f7d6ff&apos;." date="2025-08-01T15:39:59.462" /><!-- duration: 31ms -->
        <step title="Determining deployment builder" date="2025-08-01T15:39:59.728" >
          <step title="Builder is RunFromZipSiteBuilder" date="2025-08-01T15:39:59.759" /><!-- duration: 16ms -->
        </step><!-- duration: 78ms -->
        <step title="Copying SSH keys" date="2025-08-01T15:39:59.931" /><!-- duration: 31ms -->
        <step title="Building" date="2025-08-01T15:39:59.993" >
          <step title="Skipping build. Project type: Run-From-Zip" date="2025-08-01T15:40:00.462" /><!-- duration: 31ms -->
          <step title="Skipping post build. Project type: Run-From-Zip" date="2025-08-01T15:40:00.853" /><!-- duration: 31ms -->
          <step title="Triggering recycle (preview mode disabled)." date="2025-08-01T15:40:01.306" /><!-- duration: 47ms -->
          <step title="Ignoring FS watcher based recycle request as this is a classic Windows app." date="2025-08-01T15:40:01.400" /><!-- duration: 31ms -->
          <step title="Deployment successful. DEPLOYMENTINFO: deploymentPath = Functions App ZipDeploy. Run from package., deployer = ZipDeploy, os = windows, sku = Dynamic, language = node, siteName = aitm-func-1753463791, slotName = Production, siteHostName = aitm-func-1753463791.azurewebsites.net, deploymentStatus = Success" date="2025-08-01T15:40:01.712" /><!-- duration: 31ms -->
          <step title="Purge deployment items" date="2025-08-01T15:40:02.634" >
            <step title="Remove 82ec0cc84, Success, received at 8/1/2025 12:46:22 PM" date="2025-08-01T15:40:02.947" /><!-- duration: 16ms -->
          </step><!-- duration: 359ms -->
        </step><!-- duration: 3156ms -->
      </step><!-- duration: 4578ms -->
      <step title="Cleaning up temp files" date="2025-08-01T15:40:03.197" /><!-- duration: 31ms -->
      <step title="Updating C:\home\data\SitePackages\packagename.txt with deployment 20250801153955.zip" date="2025-08-01T15:40:03.275" /><!-- duration: 62ms -->
      <step title="Begin HttpPost https://aitm-func-1753463791.scm.azurewebsites.net/operations/settriggers, x-ms-request-id: 6b5078e9-ffee-4ba4-8e80-17c1edb977cf" date="2025-08-01T15:40:03.368" /><!-- duration: 31ms -->
      <step title="End HttpPost, status: OK" date="2025-08-01T15:40:03.587" /><!-- duration: 31ms -->
      <step title="Scheduling background sync triggers after delay" date="2025-08-01T15:40:03.650" /><!-- duration: 16ms -->
    </step><!-- duration: 6378ms -->
    <step title="LockFile &apos;C:\home\site\locks\deployments.lock&apos; released" date="2025-08-01T15:40:04.009" /><!-- duration: 31ms -->
  </step><!-- duration: 8402ms -->
  <step title="Outgoing response" date="2025-08-01T15:40:04.119" type="response" statusCode="200" statusText="OK" Server="Microsoft-IIS/10.0" x-ms-request-id="6b5078e9-ffee-4ba4-8e80-17c1edb977cf" Cache-Control="private" X-AspNet-Version="4.0.30319" /><!-- duration: 62ms -->
</step><!-- duration: 8543ms -->
