<step title="Incoming Request" date="2025-08-01T19:01:35.253" instance="59dc7f" url="/api/zipdeploy" method="POST" type="request" pid="4900,2,9" Content-Length="12018675" Content-Type="application/zip" Authorization="Bea..." Host="aitm-func-1753463791.scm.azurewebsites.net" If-Match="*" User-Agent="functions-core-tools/4.1.0" X-ARR-LOG-ID="41bed6e9-d15c-40b7-bd2d-7c9d573c24db" CLIENT-IP="34.224.177.102:29365" X-SITE-DEPLOYMENT-ID="aitm-func-1753463791" WAS-DEFAULT-HOSTNAME="aitm-func-1753463791.scm.azurewebsites.net" X-Forwarded-Proto="https" X-AppService-Proto="https" X-Forwarded-TlsVersion="1.3" X-WAWS-Unencoded-URL="/api/zipdeploy" >
  <step title="ZipPushDeploy" date="2025-08-01T19:01:35.331" >
    <step title="Functions App ZipDeploy. Run from package. Ignore remote build." date="2025-08-01T19:01:35.378" /><!-- duration: 31ms -->
    <step title="Starting PushDeployAsync" date="2025-08-01T19:01:35.425" /><!-- duration: 31ms -->
    <step title="Updating shutdown sentinel last write time" date="2025-08-01T19:01:35.503" SemaphoreCount="7" /><!-- duration: 16ms -->
    <step title="LockFile &apos;C:\home\site\locks\deployments.lock&apos; acquired" date="2025-08-01T19:01:35.550" /><!-- duration: 16ms -->
    <step title="Deleting outdated zip file C:\home\data\SitePackages\20250801155113.zip" date="2025-08-01T19:01:35.597" /><!-- duration: 31ms -->
    <step title="Saving request content to C:\home\data\SitePackages\20250801190135.zip" date="2025-08-01T19:01:35.644" >
      <step title="Total 12,018,675 bytes written to C:\home\data\SitePackages\20250801190135.zip" date="2025-08-01T19:01:35.847" /><!-- duration: 31ms -->
    </step><!-- duration: 829ms -->
    <step title="LockFile &apos;C:\home\site\locks\deployments.lock&apos; released" date="2025-08-01T19:01:36.504" /><!-- duration: 31ms -->
    <step title="Deleting shutdown sentinel file" date="2025-08-01T19:01:36.582" SemaphoreCount="8" /><!-- duration: 31ms -->
    <step title="Starting FetchDeploy" date="2025-08-01T19:01:36.629" /><!-- duration: 31ms -->
    <step title="Attempting to fetch target branch HEAD" date="2025-08-01T19:01:36.676" /><!-- duration: 31ms -->
    <step title="Updating shutdown sentinel last write time" date="2025-08-01T19:01:36.738" SemaphoreCount="7" /><!-- duration: 31ms -->
    <step title="LockFile &apos;C:\home\site\locks\deployments.lock&apos; acquired" date="2025-08-01T19:01:36.785" /><!-- duration: 16ms -->
    <step title="Performing fetch based deployment" date="2025-08-01T19:01:36.832" >
      <step title="Creating temporary deployment" date="2025-08-01T19:01:36.848" /><!-- duration: 156ms -->
      <step title="Fetching changes." date="2025-08-01T19:01:37.223" /><!-- duration: 31ms -->
      <step title="Starting LocalZipHandler" date="2025-08-01T19:01:37.301" /><!-- duration: 31ms -->
      <step title="Starting ExtractTriggers" date="2025-08-01T19:01:37.348" /><!-- duration: 31ms -->
      <step title="None repository commit" date="2025-08-01T19:01:37.519" >
        <step title="Commit id: 1861e3048a504f3a95c0a088ad1d70e2" date="2025-08-01T19:01:37.551" Message="Created via a push deployment" AuthorName="N/A" AuthorEmail="N/A" /><!-- duration: 16ms -->
      </step><!-- duration: 63ms -->
      <step title="Before sending BuildRequestReceived status to /api/updatedeploystatus" date="2025-08-01T19:01:37.613" /><!-- duration: 16ms -->
      <step title="DeploymentManager.Deploy(id:1861e3048a504f3a95c0a088ad1d70e2)" date="2025-08-01T19:01:37.644" >
        <step title="Collecting changeset information" date="2025-08-01T19:01:37.691" /><!-- duration: 172ms -->
        <step title="Updating submodules" date="2025-08-01T19:01:37.894" >
          <step title="Updating submodules." date="2025-08-01T19:01:38.098" /><!-- duration: 16ms -->
        </step><!-- duration: 266ms -->
        <step title="Preparing deployment for commit id &apos;1861e3048a&apos;." date="2025-08-01T19:01:38.348" /><!-- duration: 31ms -->
        <step title="Determining deployment builder" date="2025-08-01T19:01:38.582" >
          <step title="Builder is RunFromZipSiteBuilder" date="2025-08-01T19:01:38.598" /><!-- duration: 16ms -->
        </step><!-- duration: 62ms -->
        <step title="Copying SSH keys" date="2025-08-01T19:01:38.723" /><!-- duration: 31ms -->
        <step title="Building" date="2025-08-01T19:01:38.785" >
          <step title="Skipping build. Project type: Run-From-Zip" date="2025-08-01T19:01:39.035" /><!-- duration: 32ms -->
          <step title="Skipping post build. Project type: Run-From-Zip" date="2025-08-01T19:01:39.285" /><!-- duration: 16ms -->
          <step title="Triggering recycle (preview mode disabled)." date="2025-08-01T19:01:39.504" /><!-- duration: 16ms -->
          <step title="Ignoring FS watcher based recycle request as this is a classic Windows app." date="2025-08-01T19:01:39.566" /><!-- duration: 16ms -->
          <step title="Deployment successful. DEPLOYMENTINFO: deploymentPath = Functions App ZipDeploy. Run from package. Ignore remote build., deployer = ZipDeploy, os = windows, sku = Dynamic, language = node, siteName = aitm-func-1753463791, slotName = Production, siteHostName = aitm-func-1753463791.azurewebsites.net, deploymentStatus = Success" date="2025-08-01T19:01:39.769" /><!-- duration: 16ms -->
          <step title="Purge deployment items" date="2025-08-01T19:01:40.473" >
            <step title="Remove a27880954, Success, received at 8/1/2025 6:13:18 PM" date="2025-08-01T19:01:40.785" /><!-- duration: 17ms -->
          </step><!-- duration: 345ms -->
        </step><!-- duration: 2141ms -->
      </step><!-- duration: 3298ms -->
      <step title="Cleaning up temp files" date="2025-08-01T19:01:40.958" /><!-- duration: 31ms -->
      <step title="Updating C:\home\data\SitePackages\packagename.txt with deployment 20250801190135.zip" date="2025-08-01T19:01:41.005" /><!-- duration: 66ms -->
      <step title="Begin HttpPost https://aitm-func-1753463791.scm.azurewebsites.net/operations/settriggers, x-ms-request-id: 41bed6e9-d15c-40b7-bd2d-7c9d573c24db" date="2025-08-01T19:01:41.114" /><!-- duration: 16ms -->
      <step title="End HttpPost, status: OK" date="2025-08-01T19:01:41.319" /><!-- duration: 31ms -->
      <step title="Scheduling background sync triggers after delay" date="2025-08-01T19:01:41.365" /><!-- duration: 16ms -->
    </step><!-- duration: 4768ms -->
    <step title="LockFile &apos;C:\home\site\locks\deployments.lock&apos; released" date="2025-08-01T19:01:41.631" /><!-- duration: 16ms -->
  </step><!-- duration: 6362ms -->
  <step title="Outgoing response" date="2025-08-01T19:01:41.725" type="response" statusCode="200" statusText="OK" Server="Microsoft-IIS/10.0" x-ms-request-id="41bed6e9-d15c-40b7-bd2d-7c9d573c24db" Cache-Control="private" X-AspNet-Version="4.0.30319" /><!-- duration: 16ms -->
</step><!-- duration: 6503ms -->
