<step title="Incoming Request" date="2025-08-01T20:32:14.896" instance="97f57f" url="/api/zipdeploy" method="POST" type="request" pid="5896,2,7" Content-Length="4607157" Content-Type="application/zip" Authorization="Bea..." Host="aitm-func-1753463791.scm.azurewebsites.net" If-Match="*" User-Agent="functions-core-tools/4.1.0" X-ARR-LOG-ID="06bf2926-3a0a-421f-bc74-67364735c56c" CLIENT-IP="23.22.210.59:42659" X-SITE-DEPLOYMENT-ID="aitm-func-1753463791" WAS-DEFAULT-HOSTNAME="aitm-func-1753463791.scm.azurewebsites.net" X-Forwarded-Proto="https" X-AppService-Proto="https" X-Forwarded-TlsVersion="1.3" X-WAWS-Unencoded-URL="/api/zipdeploy" >
  <step title="ZipPushDeploy" date="2025-08-01T20:32:14.974" >
    <step title="Functions App ZipDeploy. Run from package. Ignore remote build." date="2025-08-01T20:32:15.021" /><!-- duration: 31ms -->
    <step title="Starting PushDeployAsync" date="2025-08-01T20:32:15.100" /><!-- duration: 16ms -->
    <step title="Updating shutdown sentinel last write time" date="2025-08-01T20:32:15.257" SemaphoreCount="7" /><!-- duration: 31ms -->
    <step title="LockFile &apos;C:\home\site\locks\deployments.lock&apos; acquired" date="2025-08-01T20:32:15.319" /><!-- duration: 16ms -->
    <step title="Deleting outdated zip file C:\home\data\SitePackages\20250801185533.zip" date="2025-08-01T20:32:15.382" /><!-- duration: 63ms -->
    <step title="Saving request content to C:\home\data\SitePackages\20250801203215.zip" date="2025-08-01T20:32:15.460" >
      <step title="Total 4,607,157 bytes written to C:\home\data\SitePackages\20250801203215.zip" date="2025-08-01T20:32:15.616" /><!-- duration: 16ms -->
    </step><!-- duration: 547ms -->
    <step title="LockFile &apos;C:\home\site\locks\deployments.lock&apos; released" date="2025-08-01T20:32:16.054" /><!-- duration: 17ms -->
    <step title="Deleting shutdown sentinel file" date="2025-08-01T20:32:16.132" SemaphoreCount="8" /><!-- duration: 16ms -->
    <step title="Starting FetchDeploy" date="2025-08-01T20:32:16.179" /><!-- duration: 31ms -->
    <step title="Attempting to fetch target branch HEAD" date="2025-08-01T20:32:16.226" /><!-- duration: 31ms -->
    <step title="Updating shutdown sentinel last write time" date="2025-08-01T20:32:16.319" SemaphoreCount="7" /><!-- duration: 16ms -->
    <step title="LockFile &apos;C:\home\site\locks\deployments.lock&apos; acquired" date="2025-08-01T20:32:16.366" /><!-- duration: 31ms -->
    <step title="Performing fetch based deployment" date="2025-08-01T20:32:16.429" >
      <step title="Creating temporary deployment" date="2025-08-01T20:32:16.460" /><!-- duration: 188ms -->
      <step title="Fetching changes." date="2025-08-01T20:32:16.913" /><!-- duration: 31ms -->
      <step title="Starting LocalZipHandler" date="2025-08-01T20:32:17.007" /><!-- duration: 31ms -->
      <step title="Starting ExtractTriggers" date="2025-08-01T20:32:17.069" /><!-- duration: 31ms -->
      <step title="None repository commit" date="2025-08-01T20:32:17.335" >
        <step title="Commit id: f0652e663827400aa1ffac86393d075f" date="2025-08-01T20:32:17.351" Message="Created via a push deployment" AuthorName="N/A" AuthorEmail="N/A" /><!-- duration: 31ms -->
      </step><!-- duration: 78ms -->
      <step title="Before sending BuildRequestReceived status to /api/updatedeploystatus" date="2025-08-01T20:32:17.444" /><!-- duration: 31ms -->
      <step title="DeploymentManager.Deploy(id:f0652e663827400aa1ffac86393d075f)" date="2025-08-01T20:32:17.507" >
        <step title="Collecting changeset information" date="2025-08-01T20:32:17.605" /><!-- duration: 203ms -->
        <step title="Updating submodules" date="2025-08-01T20:32:17.824" >
          <step title="Updating submodules." date="2025-08-01T20:32:18.043" /><!-- duration: 31ms -->
        </step><!-- duration: 297ms -->
        <step title="Preparing deployment for commit id &apos;f0652e6638&apos;." date="2025-08-01T20:32:18.340" /><!-- duration: 31ms -->
        <step title="Determining deployment builder" date="2025-08-01T20:32:18.574" >
          <step title="Builder is RunFromZipSiteBuilder" date="2025-08-01T20:32:18.605" /><!-- duration: 31ms -->
        </step><!-- duration: 94ms -->
        <step title="Copying SSH keys" date="2025-08-01T20:32:18.761" /><!-- duration: 47ms -->
        <step title="Building" date="2025-08-01T20:32:18.824" >
          <step title="Skipping build. Project type: Run-From-Zip" date="2025-08-01T20:32:19.028" /><!-- duration: 31ms -->
          <step title="Skipping post build. Project type: Run-From-Zip" date="2025-08-01T20:32:19.294" /><!-- duration: 15ms -->
          <step title="Triggering recycle (preview mode disabled)." date="2025-08-01T20:32:19.575" /><!-- duration: 16ms -->
          <step title="Ignoring FS watcher based recycle request as this is a classic Windows app." date="2025-08-01T20:32:19.637" /><!-- duration: 31ms -->
          <step title="Deployment successful. DEPLOYMENTINFO: deploymentPath = Functions App ZipDeploy. Run from package. Ignore remote build., deployer = ZipDeploy, os = windows, sku = Dynamic, language = node, siteName = aitm-func-1753463791, slotName = Production, siteHostName = aitm-func-1753463791.azurewebsites.net, deploymentStatus = Success" date="2025-08-01T20:32:19.872" /><!-- duration: 31ms -->
          <step title="Purge deployment items" date="2025-08-01T20:32:20.715" >
            <step title="Remove b63508ecd, Success, received at 8/1/2025 6:15:20 PM" date="2025-08-01T20:32:21.137" /><!-- duration: 31ms -->
          </step><!-- duration: 484ms -->
        </step><!-- duration: 2485ms -->
      </step><!-- duration: 3834ms -->
      <step title="Cleaning up temp files" date="2025-08-01T20:32:21.356" /><!-- duration: 31ms -->
      <step title="Updating C:\home\data\SitePackages\packagename.txt with deployment 20250801203215.zip" date="2025-08-01T20:32:21.419" /><!-- duration: 78ms -->
      <step title="Begin HttpPost https://aitm-func-1753463791.scm.azurewebsites.net/operations/settriggers, x-ms-request-id: 06bf2926-3a0a-421f-bc74-67364735c56c" date="2025-08-01T20:32:21.544" /><!-- duration: 31ms -->
      <step title="End HttpPost, status: OK" date="2025-08-01T20:32:21.747" /><!-- duration: 16ms -->
      <step title="Scheduling background sync triggers after delay" date="2025-08-01T20:32:21.794" /><!-- duration: 16ms -->
    </step><!-- duration: 5646ms -->
    <step title="LockFile &apos;C:\home\site\locks\deployments.lock&apos; released" date="2025-08-01T20:32:22.106" /><!-- duration: 31ms -->
  </step><!-- duration: 7210ms -->
  <step title="Outgoing response" date="2025-08-01T20:32:22.200" type="response" statusCode="200" statusText="OK" Server="Microsoft-IIS/10.0" x-ms-request-id="06bf2926-3a0a-421f-bc74-67364735c56c" Cache-Control="private" X-AspNet-Version="4.0.30319" /><!-- duration: 31ms -->
</step><!-- duration: 7350ms -->
