<step title="Incoming Request" date="2025-08-01T12:25:52.740" instance="c4ca80" url="/api/zipdeploy" method="POST" type="request" pid="5044,2,8" Content-Length="12070828" Content-Type="application/zip" Authorization="Bea..." Host="aitm-func-1753463791.scm.azurewebsites.net" If-Match="*" User-Agent="functions-core-tools/4.1.0" X-ARR-LOG-ID="616fe892-8c39-47fe-bba4-004e59833e66" CLIENT-IP="18.215.86.88:14595" X-SITE-DEPLOYMENT-ID="aitm-func-1753463791" WAS-DEFAULT-HOSTNAME="aitm-func-1753463791.scm.azurewebsites.net" X-Forwarded-Proto="https" X-AppService-Proto="https" X-Forwarded-TlsVersion="1.3" X-WAWS-Unencoded-URL="/api/zipdeploy" >
  <step title="ZipPushDeploy" date="2025-08-01T12:25:52.818" >
    <step title="Functions App ZipDeploy. Run from package." date="2025-08-01T12:25:52.881" /><!-- duration: 31ms -->
    <step title="Starting PushDeployAsync" date="2025-08-01T12:25:52.928" /><!-- duration: 31ms -->
    <step title="Updating shutdown sentinel last write time" date="2025-08-01T12:25:53.053" SemaphoreCount="7" /><!-- duration: 31ms -->
    <step title="LockFile &apos;C:\home\site\locks\deployments.lock&apos; acquired" date="2025-08-01T12:25:53.115" /><!-- duration: 16ms -->
    <step title="Deleting outdated zip file C:\home\data\SitePackages\20250801113232.zip" date="2025-08-01T12:25:53.178" /><!-- duration: 47ms -->
    <step title="Saving request content to C:\home\data\SitePackages\20250801122552.zip" date="2025-08-01T12:25:53.256" >
      <step title="Total 12,070,828 bytes written to C:\home\data\SitePackages\20250801122552.zip" date="2025-08-01T12:25:53.506" /><!-- duration: 31ms -->
    </step><!-- duration: 1250ms -->
    <step title="LockFile &apos;C:\home\site\locks\deployments.lock&apos; released" date="2025-08-01T12:25:54.537" /><!-- duration: 16ms -->
    <step title="Deleting shutdown sentinel file" date="2025-08-01T12:25:54.600" SemaphoreCount="8" /><!-- duration: 31ms -->
    <step title="Starting FetchDeploy" date="2025-08-01T12:25:54.662" /><!-- duration: 31ms -->
    <step title="Attempting to fetch target branch HEAD" date="2025-08-01T12:25:54.709" /><!-- duration: 31ms -->
    <step title="Updating shutdown sentinel last write time" date="2025-08-01T12:25:54.787" SemaphoreCount="7" /><!-- duration: 16ms -->
    <step title="LockFile &apos;C:\home\site\locks\deployments.lock&apos; acquired" date="2025-08-01T12:25:54.834" /><!-- duration: 16ms -->
    <step title="Performing fetch based deployment" date="2025-08-01T12:25:54.881" >
      <step title="Creating temporary deployment" date="2025-08-01T12:25:54.912" /><!-- duration: 203ms -->
      <step title="Fetching changes." date="2025-08-01T12:25:55.365" /><!-- duration: 31ms -->
      <step title="Starting LocalZipHandler" date="2025-08-01T12:25:55.443" /><!-- duration: 31ms -->
      <step title="Starting ExtractTriggers" date="2025-08-01T12:25:55.506" /><!-- duration: 16ms -->
      <step title="None repository commit" date="2025-08-01T12:25:55.756" >
        <step title="Commit id: 37a9a8390f57466185b0bbf9333ab5c3" date="2025-08-01T12:25:55.772" Message="Created via a push deployment" AuthorName="N/A" AuthorEmail="N/A" /><!-- duration: 79ms -->
      </step><!-- duration: 126ms -->
      <step title="Before sending BuildRequestReceived status to /api/updatedeploystatus" date="2025-08-01T12:25:55.898" /><!-- duration: 31ms -->
      <step title="DeploymentManager.Deploy(id:37a9a8390f57466185b0bbf9333ab5c3)" date="2025-08-01T12:25:55.960" >
        <step title="Collecting changeset information" date="2025-08-01T12:25:56.007" /><!-- duration: 187ms -->
        <step title="Updating submodules" date="2025-08-01T12:25:56.226" >
          <step title="Updating submodules." date="2025-08-01T12:25:56.492" /><!-- duration: 16ms -->
        </step><!-- duration: 344ms -->
        <step title="Preparing deployment for commit id &apos;37a9a8390f&apos;." date="2025-08-01T12:25:56.804" /><!-- duration: 31ms -->
        <step title="Determining deployment builder" date="2025-08-01T12:25:57.085" >
          <step title="Builder is RunFromZipSiteBuilder" date="2025-08-01T12:25:57.101" /><!-- duration: 31ms -->
        </step><!-- duration: 78ms -->
        <step title="Copying SSH keys" date="2025-08-01T12:25:57.257" /><!-- duration: 47ms -->
        <step title="Building" date="2025-08-01T12:25:57.320" >
          <step title="Skipping build. Project type: Run-From-Zip" date="2025-08-01T12:25:57.554" /><!-- duration: 31ms -->
          <step title="Skipping post build. Project type: Run-From-Zip" date="2025-08-01T12:25:57.835" /><!-- duration: 31ms -->
          <step title="Triggering recycle (preview mode disabled)." date="2025-08-01T12:25:58.148" /><!-- duration: 47ms -->
          <step title="Ignoring FS watcher based recycle request as this is a classic Windows app." date="2025-08-01T12:25:58.242" /><!-- duration: 31ms -->
          <step title="Deployment successful. DEPLOYMENTINFO: deploymentPath = Functions App ZipDeploy. Run from package., deployer = ZipDeploy, os = windows, sku = Dynamic, language = node, siteName = aitm-func-1753463791, slotName = Production, siteHostName = aitm-func-1753463791.azurewebsites.net, deploymentStatus = Success" date="2025-08-01T12:25:58.523" /><!-- duration: 31ms -->
          <step title="Purge deployment items" date="2025-08-01T12:25:59.335" >
            <step title="Remove 65660087c, Success, received at 8/1/2025 10:51:44 AM" date="2025-08-01T12:25:59.788" /><!-- duration: 31ms -->
          </step><!-- duration: 500ms -->
        </step><!-- duration: 2625ms -->
      </step><!-- duration: 4016ms -->
      <step title="Cleaning up temp files" date="2025-08-01T12:26:00.007" /><!-- duration: 31ms -->
      <step title="Updating C:\home\data\SitePackages\packagename.txt with deployment 20250801122552.zip" date="2025-08-01T12:26:00.085" /><!-- duration: 78ms -->
      <step title="Begin HttpPost https://aitm-func-1753463791.scm.azurewebsites.net/operations/settriggers, x-ms-request-id: 616fe892-8c39-47fe-bba4-004e59833e66" date="2025-08-01T12:26:00.242" /><!-- duration: 31ms -->
      <step title="End HttpPost, status: OK" date="2025-08-01T12:26:00.413" /><!-- duration: 31ms -->
      <step title="Scheduling background sync triggers after delay" date="2025-08-01T12:26:00.476" /><!-- duration: 16ms -->
    </step><!-- duration: 5923ms -->
    <step title="LockFile &apos;C:\home\site\locks\deployments.lock&apos; released" date="2025-08-01T12:26:00.851" /><!-- duration: 31ms -->
    <step title="Deleting shutdown sentinel file" date="2025-08-01T12:26:00.945" SemaphoreCount="8" /><!-- duration: 31ms -->
  </step><!-- duration: 8189ms -->
  <step title="Outgoing response" date="2025-08-01T12:26:01.210" type="response" statusCode="200" statusText="OK" Server="Microsoft-IIS/10.0" x-ms-request-id="616fe892-8c39-47fe-bba4-004e59833e66" Cache-Control="private" X-AspNet-Version="4.0.30319" /><!-- duration: 47ms -->
</step><!-- duration: 8548ms -->
