<step title="Incoming Request" date="2025-08-01T18:22:08.183" instance="4e18c7" url="/api/zipdeploy" method="POST" type="request" pid="852,2,7" Connection="Keep-Alive" Content-Length="12085259" Content-Type="application/zip" Authorization="Bea..." Host="aitm-func-1753463791.scm.azurewebsites.net" If-Match="*" User-Agent="functions-core-tools/4.1.0" X-ARR-LOG-ID="119ea965-a991-415f-9057-b7e0308ace4f" CLIENT-IP="3.219.18.69:13740" X-SITE-DEPLOYMENT-ID="aitm-func-1753463791" WAS-DEFAULT-HOSTNAME="aitm-func-1753463791.scm.azurewebsites.net" X-Forwarded-Proto="https" X-AppService-Proto="https" X-Forwarded-TlsVersion="1.3" X-WAWS-Unencoded-URL="/api/zipdeploy" X-MS-COLDSTART="1" >
  <step title="ZipPushDeploy" date="2025-08-01T18:22:08.593" >
    <step title="Functions App ZipDeploy. Extract zip. Remote build. " date="2025-08-01T18:22:08.640" /><!-- duration: 31ms -->
    <step title="Starting PushDeployAsync" date="2025-08-01T18:22:08.718" /><!-- duration: 31ms -->
    <step title="Updating shutdown sentinel last write time" date="2025-08-01T18:22:08.890" SemaphoreCount="7" /><!-- duration: 31ms -->
    <step title="LockFile &apos;C:\home\site\locks\deployments.lock&apos; acquired" date="2025-08-01T18:22:08.953" /><!-- duration: 16ms -->
    <step title="Saving request content to C:\local\Temp\zipdeploy\333yeztg.zip" date="2025-08-01T18:22:08.999" >
      <step title="Total 12,085,259 bytes written to C:\local\Temp\zipdeploy\333yeztg.zip" date="2025-08-01T18:22:09.249" /><!-- duration: 31ms -->
    </step><!-- duration: 313ms -->
    <step title="LockFile &apos;C:\home\site\locks\deployments.lock&apos; released" date="2025-08-01T18:22:09.359" /><!-- duration: 16ms -->
    <step title="Deleting shutdown sentinel file" date="2025-08-01T18:22:09.437" SemaphoreCount="8" /><!-- duration: 16ms -->
    <step title="Starting FetchDeploy" date="2025-08-01T18:22:09.515" /><!-- duration: 31ms -->
    <step title="Attempting to fetch target branch HEAD" date="2025-08-01T18:22:09.578" /><!-- duration: 16ms -->
    <step title="Updating shutdown sentinel last write time" date="2025-08-01T18:22:09.656" SemaphoreCount="7" /><!-- duration: 31ms -->
    <step title="LockFile &apos;C:\home\site\locks\deployments.lock&apos; acquired" date="2025-08-01T18:22:09.718" /><!-- duration: 16ms -->
    <step title="Performing fetch based deployment" date="2025-08-01T18:22:09.781" >
      <step title="Creating temporary deployment" date="2025-08-01T18:22:09.812" /><!-- duration: 219ms -->
      <step title="Fetching changes." date="2025-08-01T18:22:10.328" /><!-- duration: 31ms -->
      <step title="Starting LocalZipHandler" date="2025-08-01T18:22:10.406" /><!-- duration: 31ms -->
      <step title="Starting LocalZipFetch" date="2025-08-01T18:22:10.468" /><!-- duration: 31ms -->
      <step title="Cleaning up temp folders from previous zip deployments and extracting pushed zip file C:\local\Temp\zipdeploy\333yeztg.zip (11.53 MB) to C:\local\Temp\zipdeploy\extracted" date="2025-08-01T18:22:10.546" /><!-- duration: 78ms -->
      <step title="Cleaning up temp folders from previous zip deployments and extracting pushed zip file C:\local\Temp\zipdeploy\333yeztg.zip (11.53 MB) to C:\local\Temp\zipdeploy\extracted" date="2025-08-01T18:22:10.671" >
        <step title="Extracting 1136 entries to C:\local\Temp\zipdeploy\extracted directory" date="2025-08-01T18:22:10.718" >
          <step title="Extracting to C:\local\Temp\zipdeploy\extracted\logs_white_page.zip ..." date="2025-08-01T18:22:10.749" /><!-- duration: 47ms -->
          <step title="Extracting to C:\local\Temp\zipdeploy\extracted\latest_phishlet_logs.zip ..." date="2025-08-01T18:22:10.828" /><!-- duration: 31ms -->
          <step title="Extracting to C:\local\Temp\zipdeploy\extracted\package-lock.json ..." date="2025-08-01T18:22:10.906" /><!-- duration: 47ms -->
          <step title="Extracting to C:\local\Temp\zipdeploy\extracted\evilginx-debug-latest.zip ..." date="2025-08-01T18:22:10.999" /><!-- duration: 31ms -->
          <step title="Extracting to C:\local\Temp\zipdeploy\extracted\headers2.txt ..." date="2025-08-01T18:22:11.062" /><!-- duration: 31ms -->
          <step title="Omitting extracting file traces ..." date="2025-08-01T18:22:11.124" /><!-- duration: 47ms -->
          <step title="Extracting to C:\local\Temp\zipdeploy\extracted\LogFiles\DetailedErrors\ErrorPage000035.htm ..." date="2025-08-01T18:22:12.859" /><!-- duration: 31ms -->
          <step title="Extracting to C:\local\Temp\zipdeploy\extracted\LogFiles\DetailedErrors\ErrorPage000033.htm ..." date="2025-08-01T18:22:12.906" /><!-- duration: 203ms -->
          <step title="Extracting to C:\local\Temp\zipdeploy\extracted\LogFiles\DetailedErrors\ErrorPage000036.htm ..." date="2025-08-01T18:22:13.125" /><!-- duration: 31ms -->
          <step title="Extracting to C:\local\Temp\zipdeploy\extracted\LogFiles\DetailedErrors\ErrorPage000020.htm ..." date="2025-08-01T18:22:13.171" /><!-- duration: 31ms -->
          <step title="Extracting to C:\local\Temp\zipdeploy\extracted\LogFiles\DetailedErrors\ErrorPage000028.htm ..." date="2025-08-01T18:22:13.234" /><!-- duration: 17ms -->
        </step><!-- duration: 2563ms -->
      </step><!-- duration: 2625ms -->
      <step title="None repository commit" date="2025-08-01T18:22:13.328" >
        <step title="Commit id: fb193541ae574cd1923dc9116a0c3168" date="2025-08-01T18:22:13.359" Message="Created via a push deployment" AuthorName="N/A" AuthorEmail="N/A" /><!-- duration: 16ms -->
      </step><!-- duration: 78ms -->
      <step title="Before sending BuildRequestReceived status to /api/updatedeploystatus" date="2025-08-01T18:22:13.421" /><!-- duration: 31ms -->
      <step title="DeploymentManager.Deploy(id:fb193541ae574cd1923dc9116a0c3168)" date="2025-08-01T18:22:13.484" >
        <step title="Collecting changeset information" date="2025-08-01T18:22:13.531" /><!-- duration: 219ms -->
        <step title="Updating submodules" date="2025-08-01T18:22:13.781" >
          <step title="Updating submodules." date="2025-08-01T18:22:14.078" /><!-- duration: 31ms -->
        </step><!-- duration: 375ms -->
        <step title="Preparing deployment for commit id &apos;fb193541ae&apos;." date="2025-08-01T18:22:14.406" /><!-- duration: 31ms -->
        <step title="Determining deployment builder" date="2025-08-01T18:22:14.687" >
          <step title="UseMSBuild16: True" date="2025-08-01T18:22:14.718" /><!-- duration: 31ms -->
          <step title="Builder is FunctionBasicBuilder" date="2025-08-01T18:22:14.812" /><!-- duration: 31ms -->
        </step><!-- duration: 172ms -->
        <step title="Copying SSH keys" date="2025-08-01T18:22:14.984" /><!-- duration: 31ms -->
        <step title="Building" date="2025-08-01T18:22:15.046" >
          <step title="Generating deployment script." date="2025-08-01T18:22:15.296" /><!-- duration: 31ms -->
          <step title="Generating deployment script" date="2025-08-01T18:22:15.375" >
            <step title="Using cached version of the deployment script for command: -y --no-dot-deployment -r &quot;C:\local\Temp\zipdeploy\extracted&quot; -o &quot;C:\home\site\deployments\tools&quot; --functionApp --sitePath &quot;C:\local\Temp\zipdeploy\extracted&quot;" date="2025-08-01T18:22:15.489" /><!-- duration: 16ms -->
            <step title="Using cached version of deployment script (command: &apos;azure -y --no-dot-deployment -r &quot;C:\local\Temp\zipdeploy\extracted&quot; -o &quot;C:\home\site\deployments\tools&quot; --functionApp --sitePath &quot;C:\local\Temp\zipdeploy\extracted&quot;&apos;)." date="2025-08-01T18:22:15.551" /><!-- duration: 31ms -->
          </step><!-- duration: 255ms -->
          <step title="Running deployment command..." date="2025-08-01T18:22:15.864" /><!-- duration: 31ms -->
          <step title="Command: &quot;C:\home\site\deployments\tools\deploy.cmd&quot;" date="2025-08-01T18:22:15.989" /><!-- duration: 31ms -->
          <step title="Executing external process" date="2025-08-01T18:22:16.098" type="process" path="starter.cmd" arguments="&quot;C:\home\site\deployments\tools\deploy.cmd&quot;" >
            <step title="Handling function App deployment." date="2025-08-01T18:22:16.959" /><!-- duration: 31ms -->
            <step title="Not using funcpack because SCM_USE_FUNCPACK is not set to 1" date="2025-08-01T18:22:17.053" /><!-- duration: 16ms -->
            <step title="Installing function extensions from nuget" date="2025-08-01T18:22:17.147" /><!-- duration: 16ms -->
            <step title="Creating app_offline.htm" date="2025-08-01T18:22:21.460" /><!-- duration: 47ms -->
            <step title="KuduSync.NET from: &apos;C:\local\Temp\zipdeploy\extracted&apos; to: &apos;C:\home\site\wwwroot&apos;" date="2025-08-01T18:22:21.647" /><!-- duration: 16ms -->
            <step title="Copying file: &apos;package-lock.json&apos;" date="2025-08-01T18:22:21.756" /><!-- duration: 31ms -->
            <step title="Copying file: &apos;node_modules\.package-lock.json&apos;" date="2025-08-01T18:22:21.866" /><!-- duration: 31ms -->
            <step title="Deleting file: &apos;src\functions\working_fixes.js&apos;" date="2025-08-01T18:22:21.975" >
            <step title="npm warn config production Use `--omit=dev` instead." date="2025-08-01T18:22:22.007" /><!-- duration: 32ms -->
/><!-- duration: 16ms -->
            <step title="Deleting file: &apos;src\functions\working_fixes_backup.js&apos;" date="2025-08-01T18:22:22.132" /><!-- duration: 16ms -->
            <step title="Copying file: &apos;src\functions\minimal_test_backup.js&apos;" date="2025-08-01T18:22:22.226" /><!-- duration: 62ms -->
            <step title="Copying file: &apos;src\functions\secure-access.js&apos;" date="2025-08-01T18:22:22.351" /><!-- duration: 31ms -->
            <step title="Deleting app_offline.htm" date="2025-08-01T18:22:22.461" /><!-- duration: 16ms -->
            <step title="Restoring npm packages in &quot;C:\home\site\wwwroot&quot;" date="2025-08-01T18:22:22.539" /><!-- duration: 31ms -->
            <step title="npm notice" date="2025-08-01T18:22:24.280"             <step title="up to date, audited 29 packages in 2s" date="2025-08-01T18:22:24.311" /><!-- duration: 31ms -->
/><!-- duration: 31ms -->
            <step title="npm notice New major version of npm available! 10.8.2 -&gt; 11.5.2" date="2025-08-01T18:22:24.405" /><!-- duration: 16ms -->
            <step title="6 packages are looking for funding" date="2025-08-01T18:22:24.483" /><!-- duration: 16ms -->
>
            <step title="npm notice Changelog: https://github.com/npm/cli/releases/tag/v11.5.2" date="2025-08-01T18:22:24.498" /><!-- duration: 31ms -->
            <step title="  run `npm fund` for details" date="2025-08-01T18:22:24.561" /><!-- duration: 31ms -->
>
            <step title="npm notice To update run: npm install -g npm@11.5.2" date="2025-08-01T18:22:24.608" /><!-- duration: 31ms -->
            <step title="3 vulnerabilities (2 low, 1 moderate)" date="2025-08-01T18:22:24.701" /><!-- duration: 31ms -->
            <step title="npm notice" date="2025-08-01T18:22:24.826" /><!-- duration: 16ms -->
            <step title="To address all issues, run:" date="2025-08-01T18:22:24.920" >
            <step title="npm warn config production Use `--omit=dev` instead." date="2025-08-01T18:22:24.936" /><!-- duration: 16ms -->
/><!-- duration: 31ms -->
            <step title="  npm audit fix" date="2025-08-01T18:22:25.030" /><!-- duration: 31ms -->
            <step title="Run `npm audit` for details." date="2025-08-01T18:22:25.201" /><!-- duration: 31ms -->
            <step title="up to date, audited 29 packages in 1s" date="2025-08-01T18:22:25.780" /><!-- duration: 16ms -->
            <step title="6 packages are looking for funding" date="2025-08-01T18:22:25.920" /><!-- duration: 31ms -->
            <step title="  run `npm fund` for details" date="2025-08-01T18:22:26.030" /><!-- duration: 16ms -->
            <step title="found 0 vulnerabilities" date="2025-08-01T18:22:26.170" /><!-- duration: 31ms -->
            <step title="Finished successfully." date="2025-08-01T18:22:26.295" /><!-- duration: 16ms -->
          </step><!-- duration: 10275ms -->
          <step title="Running post deployment command(s)..." date="2025-08-01T18:22:26.623" /><!-- duration: 31ms -->
          <step title="Triggering recycle (preview mode disabled)." date="2025-08-01T18:22:26.936" /><!-- duration: 31ms -->
          <step title="Ignoring FS watcher based recycle request as this is a classic Windows app." date="2025-08-01T18:22:27.014" /><!-- duration: 16ms -->
          <step title="Deployment successful. DEPLOYMENTINFO: deploymentPath = Functions App ZipDeploy. Extract zip. Remote build. , deployer = ZipDeploy, os = windows, sku = Dynamic, language = node, siteName = aitm-func-1753463791, slotName = Production, siteHostName = aitm-func-1753463791.azurewebsites.net, deploymentStatus = Success" date="2025-08-01T18:22:27.264" /><!-- duration: 31ms -->
          <step title="Purge deployment items" date="2025-08-01T18:22:28.092" >
            <step title="Remove ab23444e4, Success, received at 8/1/2025 3:41:54 PM" date="2025-08-01T18:22:28.436" /><!-- duration: 31ms -->
          </step><!-- duration: 406ms -->
        </step><!-- duration: 13693ms -->
      </step><!-- duration: 15287ms -->
      <step title="Cleaning up temp files" date="2025-08-01T18:22:28.802" /><!-- duration: 16ms -->
      <step title="Begin HttpPost https://aitm-func-1753463791.scm.azurewebsites.net/operations/settriggers, x-ms-request-id: 119ea965-a991-415f-9057-b7e0308ace4f" date="2025-08-01T18:22:28.896" /><!-- duration: 16ms -->
      <step title="End HttpPost, status: OK" date="2025-08-01T18:22:29.117" /><!-- duration: 15ms -->
      <step title="Scheduling background sync triggers after delay" date="2025-08-01T18:22:29.148" /><!-- duration: 31ms -->
    </step><!-- duration: 19633ms -->
    <step title="LockFile &apos;C:\home\site\locks\deployments.lock&apos; released" date="2025-08-01T18:22:29.444" /><!-- duration: 31ms -->
  </step><!-- duration: 20945ms -->
  <step title="Outgoing response" date="2025-08-01T18:22:29.601" type="response" statusCode="200" statusText="OK" Server="Microsoft-IIS/10.0" x-ms-request-id="119ea965-a991-415f-9057-b7e0308ace4f" Cache-Control="private" X-AspNet-Version="4.0.30319" /><!-- duration: 16ms -->
</step><!-- duration: 21465ms -->
