<step title="Incoming Request" date="2025-08-01T17:49:07.925" instance="a26e13" url="/api/zipdeploy" method="POST" type="request" pid="3528,2,12" Content-Length="12097967" Content-Type="application/zip" Authorization="Bea..." Host="aitm-func-1753463791.scm.azurewebsites.net" If-Match="*" User-Agent="functions-core-tools/4.1.0" X-ARR-LOG-ID="8eaf4d77-649f-471e-afb1-4746b123f21c" CLIENT-IP="107.21.235.172:49989" X-SITE-DEPLOYMENT-ID="aitm-func-1753463791" WAS-DEFAULT-HOSTNAME="aitm-func-1753463791.scm.azurewebsites.net" X-Forwarded-Proto="https" X-AppService-Proto="https" X-Forwarded-TlsVersion="1.3" X-WAWS-Unencoded-URL="/api/zipdeploy" >
  <step title="Cleanup Xml Logs" date="2025-08-01T17:49:07.956" /><!-- duration: 31ms -->
  <step title="ZipPushDeploy" date="2025-08-01T17:49:08.050" >
    <step title="Functions App ZipDeploy. Extract zip. Remote build. " date="2025-08-01T17:49:08.066" /><!-- duration: 31ms -->
    <step title="Starting PushDeployAsync" date="2025-08-01T17:49:08.128" /><!-- duration: 16ms -->
    <step title="Updating shutdown sentinel last write time" date="2025-08-01T17:49:08.206" SemaphoreCount="7" /><!-- duration: 31ms -->
    <step title="LockFile &apos;C:\home\site\locks\deployments.lock&apos; acquired" date="2025-08-01T17:49:08.269" /><!-- duration: 16ms -->
    <step title="Saving request content to C:\local\Temp\zipdeploy\h54nlcvx.zip" date="2025-08-01T17:49:08.316" >
      <step title="Total 12,097,967 bytes written to C:\local\Temp\zipdeploy\h54nlcvx.zip" date="2025-08-01T17:49:08.409" /><!-- duration: 31ms -->
    </step><!-- duration: 140ms -->
    <step title="LockFile &apos;C:\home\site\locks\deployments.lock&apos; released" date="2025-08-01T17:49:08.503" /><!-- duration: 16ms -->
    <step title="Deleting shutdown sentinel file" date="2025-08-01T17:49:08.566" SemaphoreCount="8" /><!-- duration: 31ms -->
    <step title="Starting FetchDeploy" date="2025-08-01T17:49:08.628" /><!-- duration: 16ms -->
    <step title="Attempting to fetch target branch HEAD" date="2025-08-01T17:49:08.691" /><!-- duration: 16ms -->
    <step title="Updating shutdown sentinel last write time" date="2025-08-01T17:49:08.753" SemaphoreCount="7" /><!-- duration: 16ms -->
    <step title="LockFile &apos;C:\home\site\locks\deployments.lock&apos; acquired" date="2025-08-01T17:49:08.800" /><!-- duration: 16ms -->
    <step title="Performing fetch based deployment" date="2025-08-01T17:49:08.847" >
      <step title="Creating temporary deployment" date="2025-08-01T17:49:08.862" /><!-- duration: 156ms -->
      <step title="Fetching changes." date="2025-08-01T17:49:09.237" /><!-- duration: 31ms -->
      <step title="Starting LocalZipHandler" date="2025-08-01T17:49:09.316" /><!-- duration: 16ms -->
      <step title="Starting LocalZipFetch" date="2025-08-01T17:49:09.363" /><!-- duration: 16ms -->
      <step title="Cleaning up temp folders from previous zip deployments and extracting pushed zip file C:\local\Temp\zipdeploy\h54nlcvx.zip (11.54 MB) to C:\local\Temp\zipdeploy\extracted" date="2025-08-01T17:49:09.441" /><!-- duration: 16ms -->
      <step title="Cleaning up temp folders from previous zip deployments and extracting pushed zip file C:\local\Temp\zipdeploy\h54nlcvx.zip (11.54 MB) to C:\local\Temp\zipdeploy\extracted" date="2025-08-01T17:49:09.503" >
        <step title="Renaming extractTargetDirectory(C:\local\Temp\zipdeploy\extracted) to tempDirectory(C:\local\Temp\zipdeploy\4fjx5ed0.xva)" date="2025-08-01T17:49:09.519" /><!-- duration: 31ms -->
        <step title="Extracting 1135 entries to C:\local\Temp\zipdeploy\extracted directory" date="2025-08-01T17:49:09.582" >
          <step title="Extracting to C:\local\Temp\zipdeploy\extracted\logs_white_page.zip ..." date="2025-08-01T17:49:09.613" /><!-- duration: 31ms -->
          <step title="Extracting to C:\local\Temp\zipdeploy\extracted\latest_phishlet_logs.zip ..." date="2025-08-01T17:49:09.675" /><!-- duration: 31ms -->
          <step title="Extracting to C:\local\Temp\zipdeploy\extracted\package-lock.json ..." date="2025-08-01T17:49:09.722" /><!-- duration: 31ms -->
          <step title="Extracting to C:\local\Temp\zipdeploy\extracted\evilginx-debug-latest.zip ..." date="2025-08-01T17:49:09.769" /><!-- duration: 31ms -->
          <step title="Extracting to C:\local\Temp\zipdeploy\extracted\headers2.txt ..." date="2025-08-01T17:49:09.832" /><!-- duration: 31ms -->
          <step title="Omitting extracting file traces ..." date="2025-08-01T17:49:09.878" /><!-- duration: 47ms -->
          <step title="Extracting to C:\local\Temp\zipdeploy\extracted\LogFiles\DetailedErrors\ErrorPage000035.htm ..." date="2025-08-01T17:49:10.941" /><!-- duration: 16ms -->
          <step title="Extracting to C:\local\Temp\zipdeploy\extracted\LogFiles\DetailedErrors\ErrorPage000033.htm ..." date="2025-08-01T17:49:10.988" /><!-- duration: 31ms -->
          <step title="Extracting to C:\local\Temp\zipdeploy\extracted\LogFiles\DetailedErrors\ErrorPage000036.htm ..." date="2025-08-01T17:49:11.035" /><!-- duration: 31ms -->
          <step title="Extracting to C:\local\Temp\zipdeploy\extracted\LogFiles\DetailedErrors\ErrorPage000020.htm ..." date="2025-08-01T17:49:11.082" /><!-- duration: 31ms -->
          <step title="Extracting to C:\local\Temp\zipdeploy\extracted\LogFiles\DetailedErrors\ErrorPage000028.htm ..." date="2025-08-01T17:49:11.128" /><!-- duration: 31ms -->
        </step><!-- duration: 1594ms -->
      </step><!-- duration: 1703ms -->
      <step title="None repository commit" date="2025-08-01T17:49:11.222" >
        <step title="Commit id: 131896f9c0af407389d12b99965a1035" date="2025-08-01T17:49:11.253" Message="Created via a push deployment" AuthorName="N/A" AuthorEmail="N/A" /><!-- duration: 16ms -->
      </step><!-- duration: 62ms -->
      <step title="Before sending BuildRequestReceived status to /api/updatedeploystatus" date="2025-08-01T17:49:11.316" /><!-- duration: 16ms -->
      <step title="DeploymentManager.Deploy(id:131896f9c0af407389d12b99965a1035)" date="2025-08-01T17:49:11.363" >
        <step title="Collecting changeset information" date="2025-08-01T17:49:11.410" /><!-- duration: 187ms -->
        <step title="Updating submodules" date="2025-08-01T17:49:11.613" >
          <step title="Updating submodules." date="2025-08-01T17:49:11.816" /><!-- duration: 33ms -->
        </step><!-- duration: 267ms -->
        <step title="Preparing deployment for commit id &apos;131896f9c0&apos;." date="2025-08-01T17:49:12.115" /><!-- duration: 31ms -->
        <step title="Determining deployment builder" date="2025-08-01T17:49:12.365" >
          <step title="UseMSBuild16: True" date="2025-08-01T17:49:12.381" /><!-- duration: 31ms -->
          <step title="Builder is FunctionBasicBuilder" date="2025-08-01T17:49:12.459" /><!-- duration: 31ms -->
        </step><!-- duration: 141ms -->
        <step title="Copying SSH keys" date="2025-08-01T17:49:12.631" /><!-- duration: 47ms -->
        <step title="Building" date="2025-08-01T17:49:12.709" >
          <step title="Generating deployment script." date="2025-08-01T17:49:12.912" /><!-- duration: 31ms -->
          <step title="Generating deployment script" date="2025-08-01T17:49:12.990" >
            <step title="Using cached version of the deployment script for command: -y --no-dot-deployment -r &quot;C:\local\Temp\zipdeploy\extracted&quot; -o &quot;C:\home\site\deployments\tools&quot; --functionApp --sitePath &quot;C:\local\Temp\zipdeploy\extracted&quot;" date="2025-08-01T17:49:13.084" /><!-- duration: 16ms -->
            <step title="Using cached version of deployment script (command: &apos;azure -y --no-dot-deployment -r &quot;C:\local\Temp\zipdeploy\extracted&quot; -o &quot;C:\home\site\deployments\tools&quot; --functionApp --sitePath &quot;C:\local\Temp\zipdeploy\extracted&quot;&apos;)." date="2025-08-01T17:49:13.147" /><!-- duration: 31ms -->
          </step><!-- duration: 234ms -->
          <step title="Running deployment command..." date="2025-08-01T17:49:13.443" /><!-- duration: 31ms -->
          <step title="Command: &quot;C:\home\site\deployments\tools\deploy.cmd&quot;" date="2025-08-01T17:49:13.537" /><!-- duration: 31ms -->
          <step title="Executing external process" date="2025-08-01T17:49:13.615" type="process" path="starter.cmd" arguments="&quot;C:\home\site\deployments\tools\deploy.cmd&quot;" >
            <step title="Handling function App deployment." date="2025-08-01T17:49:13.834" /><!-- duration: 31ms -->
            <step title="Not using funcpack because SCM_USE_FUNCPACK is not set to 1" date="2025-08-01T17:49:13.943" /><!-- duration: 31ms -->
            <step title="Installing function extensions from nuget" date="2025-08-01T17:49:14.037" /><!-- duration: 31ms -->
            <step title="Creating app_offline.htm" date="2025-08-01T17:49:18.826" /><!-- duration: 31ms -->
            <step title="KuduSync.NET from: &apos;C:\local\Temp\zipdeploy\extracted&apos; to: &apos;C:\home\site\wwwroot&apos;" date="2025-08-01T17:49:18.936" /><!-- duration: 31ms -->
            <step title="Copying file: &apos;package-lock.json&apos;" date="2025-08-01T17:49:19.029" /><!-- duration: 31ms -->
            <step title="Copying file: &apos;node_modules\.package-lock.json&apos;" date="2025-08-01T17:49:19.154" /><!-- duration: 16ms -->
            <step title="npm warn config production Use `--omit=dev` instead." date="2025-08-01T17:49:19.217" /><!-- duration: 16ms -->
            <step title="Copying file: &apos;src\functions\working_fixes.js&apos;" date="2025-08-01T17:49:19.264" /><!-- duration: 31ms -->
            <step title="Copying file: &apos;src\functions\working_fixes_backup.js&apos;" date="2025-08-01T17:49:19.420" /><!-- duration: 31ms -->
            <step title="Deleting app_offline.htm" date="2025-08-01T17:49:19.529" /><!-- duration: 31ms -->
            <step title="Restoring npm packages in &quot;C:\home\site\wwwroot&quot;" date="2025-08-01T17:49:19.654" /><!-- duration: 47ms -->
            <step title="up to date, audited 29 packages in 1s" date="2025-08-01T17:49:20.576" /><!-- duration: 16ms -->
            <step title="6 packages are looking for funding" date="2025-08-01T17:49:20.717" /><!-- duration: 31ms -->
            <step title="  run `npm fund` for details" date="2025-08-01T17:49:20.811" /><!-- duration: 31ms -->
            <step title="npm warn config production Use `--omit=dev` instead." date="2025-08-01T17:49:20.998"             <step title="3 vulnerabilities (2 low, 1 moderate)" date="2025-08-01T17:49:21.029" /><!-- duration: 31ms -->
/><!-- duration: 47ms -->
            <step title="To address all issues, run:" date="2025-08-01T17:49:21.264" /><!-- duration: 16ms -->
            <step title="  npm audit fix" date="2025-08-01T17:49:21.357" /><!-- duration: 47ms -->
            <step title="Run `npm audit` for details." date="2025-08-01T17:49:21.545" /><!-- duration: 31ms -->
            <step title="up to date, audited 29 packages in 1s" date="2025-08-01T17:49:22.014" /><!-- duration: 31ms -->
            <step title="6 packages are looking for funding" date="2025-08-01T17:49:22.186" /><!-- duration: 16ms -->
            <step title="  run `npm fund` for details" date="2025-08-01T17:49:22.264" /><!-- duration: 31ms -->
            <step title="found 0 vulnerabilities" date="2025-08-01T17:49:22.420" /><!-- duration: 31ms -->
            <step title="Finished successfully." date="2025-08-01T17:49:22.529" /><!-- duration: 16ms -->
          </step><!-- duration: 8977ms -->
          <step title="Running post deployment command(s)..." date="2025-08-01T17:49:22.811" /><!-- duration: 31ms -->
          <step title="Triggering recycle (preview mode disabled)." date="2025-08-01T17:49:23.107" /><!-- duration: 16ms -->
          <step title="Ignoring FS watcher based recycle request as this is a classic Windows app." date="2025-08-01T17:49:23.186" /><!-- duration: 16ms -->
          <step title="Deployment successful. DEPLOYMENTINFO: deploymentPath = Functions App ZipDeploy. Extract zip. Remote build. , deployer = ZipDeploy, os = windows, sku = Dynamic, language = node, siteName = aitm-func-1753463791, slotName = Production, siteHostName = aitm-func-1753463791.azurewebsites.net, deploymentStatus = Success" date="2025-08-01T17:49:23.404" /><!-- duration: 31ms -->
          <step title="Purge deployment items" date="2025-08-01T17:49:24.092" >
            <step title="Remove 0fda1cf6b, Success, received at 8/1/2025 2:40:19 PM" date="2025-08-01T17:49:24.373" /><!-- duration: 31ms -->
          </step><!-- duration: 328ms -->
        </step><!-- duration: 11820ms -->
      </step><!-- duration: 13198ms -->
      <step title="Cleaning up temp files" date="2025-08-01T17:49:24.592" /><!-- duration: 16ms -->
      <step title="Begin HttpPost https://aitm-func-1753463791.scm.azurewebsites.net/operations/settriggers, x-ms-request-id: 8eaf4d77-649f-471e-afb1-4746b123f21c" date="2025-08-01T17:49:24.670" /><!-- duration: 16ms -->
      <step title="End HttpPost, status: OK" date="2025-08-01T17:49:24.826" /><!-- duration: 16ms -->
      <step title="Scheduling background sync triggers after delay" date="2025-08-01T17:49:24.873" /><!-- duration: 16ms -->
    </step><!-- duration: 16324ms -->
    <step title="LockFile &apos;C:\home\site\locks\deployments.lock&apos; released" date="2025-08-01T17:49:25.202" /><!-- duration: 31ms -->
  </step><!-- duration: 17230ms -->
  <step title="Outgoing response" date="2025-08-01T17:49:25.311" type="response" statusCode="200" statusText="OK" Server="Microsoft-IIS/10.0" x-ms-request-id="8eaf4d77-649f-471e-afb1-4746b123f21c" Cache-Control="private" X-AspNet-Version="4.0.30319" /><!-- duration: 16ms -->
</step><!-- duration: 17433ms -->
