{"TimeStamp":"2025-08-01T08:36:49Z","SiteName":"aitm-func-1753463791","RequestId":"18e2a0a6-07ac-41ab-988f-715c32e90c10","Kind":"ZipDeploy","Status":"Success","Details":"{\"Id\":\"8b541c7504bd4fe3945280c5c3998363\",\"Status\":4,\"StatusText\":\"\",\"AuthorEmail\":\"N/A\",\"Author\":\"N/A\",\"Message\":\"Created via a push deployment\",\"Progress\":\"\",\"Deployer\":\"ZipDeploy\",\"ReceivedTime\":\"2025-08-01T08:36:46.8353604Z\",\"StartTime\":\"2025-08-01T08:36:47.6957754Z\",\"EndTime\":\"2025-08-01T08:36:49.4926541Z\",\"LastSuccessEndTime\":\"2025-08-01T08:36:49.4926541Z\",\"Complete\":true,\"IsTemporary\":false,\"IsReadOnly\":true,\"SiteName\":\"aitm-func-1753463791\",\"HostName\":\"aitm-func-1753463791.scm.azurewebsites.net\",\"ProjectType\":\"Run-From-Zip\",\"VsProjectId\":null}"}