﻿<?xml version="1.0" encoding="utf-8"?>
<deployment>
  <id>f0652e663827400aa1ffac86393d075f</id>
  <author>N/A</author>
  <deployer>ZipDeploy</deployer>
  <authorEmail>N/A</authorEmail>
  <message>Created via a push deployment</message>
  <progress></progress>
  <status>Success</status>
  <statusText></statusText>
  <lastSuccessEndTime>2025-08-01T20:32:20.0127743Z</lastSuccessEndTime>
  <receivedTime>2025-08-01T20:32:17.6994676Z</receivedTime>
  <startTime>2025-08-01T20:32:18.480717Z</startTime>
  <endTime>2025-08-01T20:32:20.0127743Z</endTime>
  <complete>True</complete>
  <is_temp>False</is_temp>
  <is_readonly>True</is_readonly>
  <project_type>Run-From-Zip</project_type>
  <vsproject_id></vsproject_id>
</deployment>