<step title="Incoming Request" date="2025-08-01T08:22:00.658" instance="813073" url="/api/publish?type=zip" method="POST" type="request" pid="4468,2,11" Cache-Control="no-cache" Content-Length="1286791" Content-Type="application/octet-stream" Accept="*/*" Accept-Encoding="gzip, deflate" Authorization="Bas..." Host="aitm-func-1753463791.scm.azurewebsites.net" User-Agent="AZURECLI/2.75.0 (DEB)" x-ms-client-request-id="9718d9a6-6eb0-11f0-9149-822b383dbcd0" X-ARR-LOG-ID="9718d9a6-6eb0-11f0-9149-822b383dbcd0" CLIENT-IP="18.215.86.88:36995" X-SITE-DEPLOYMENT-ID="aitm-func-1753463791" WAS-DEFAULT-HOSTNAME="aitm-func-1753463791.scm.azurewebsites.net" X-Forwarded-Proto="https" X-AppService-Proto="https" X-Forwarded-TlsVersion="1.3" X-WAWS-Unencoded-URL="/api/publish?type=zip" >
  <step title="Cleanup Xml Logs" date="2025-08-01T08:22:00.689" /><!-- duration: 47ms -->
  <step title="OneDeploy" date="2025-08-01T08:22:00.814" >
    <step title="Starting PushDeployAsync" date="2025-08-01T08:22:00.861" /><!-- duration: 47ms -->
    <step title="Updating shutdown sentinel last write time" date="2025-08-01T08:22:01.112" SemaphoreCount="7" /><!-- duration: 31ms -->
    <step title="LockFile &apos;C:\home\site\locks\deployments.lock&apos; acquired" date="2025-08-01T08:22:01.237" /><!-- duration: 31ms -->
    <step title="Deleting outdated zip file C:\home\data\SitePackages\20250801080941.zip" date="2025-08-01T08:22:01.330" /><!-- duration: 125ms -->
    <step title="Saving request content to C:\home\data\SitePackages\20250801082200.zip" date="2025-08-01T08:22:01.487" >
      <step title="Total 1,286,791 bytes written to C:\home\data\SitePackages\20250801082200.zip" date="2025-08-01T08:22:01.596" /><!-- duration: 47ms -->
    </step><!-- duration: 344ms -->
    <step title="LockFile &apos;C:\home\site\locks\deployments.lock&apos; released" date="2025-08-01T08:22:01.893" /><!-- duration: 47ms -->
    <step title="Deleting shutdown sentinel file" date="2025-08-01T08:22:02.096" SemaphoreCount="8" /><!-- duration: 47ms -->
    <step title="Starting FetchDeploy" date="2025-08-01T08:22:02.174" /><!-- duration: 47ms -->
    <step title="Attempting to fetch target branch HEAD" date="2025-08-01T08:22:02.252" /><!-- duration: 31ms -->
    <step title="Updating shutdown sentinel last write time" date="2025-08-01T08:22:02.346" SemaphoreCount="7" /><!-- duration: 31ms -->
    <step title="LockFile &apos;C:\home\site\locks\deployments.lock&apos; acquired" date="2025-08-01T08:22:02.408" /><!-- duration: 47ms -->
    <step title="Performing fetch based deployment" date="2025-08-01T08:22:02.487" >
      <step title="Creating temporary deployment" date="2025-08-01T08:22:02.533" /><!-- duration: 281ms -->
      <step title="Fetching changes." date="2025-08-01T08:22:03.174" /><!-- duration: 31ms -->
      <step title="Starting LocalZipHandler" date="2025-08-01T08:22:03.283" /><!-- duration: 31ms -->
      <step title="Starting ExtractTriggers" date="2025-08-01T08:22:03.346" /><!-- duration: 47ms -->
      <step title="None repository commit" date="2025-08-01T08:22:03.518" >
        <step title="Commit id: 288c1e2bf9f04031a8fcb203997a83c7" date="2025-08-01T08:22:03.549" Message="OneDeploy" AuthorName="N/A" AuthorEmail="N/A" /><!-- duration: 47ms -->
      </step><!-- duration: 125ms -->
      <step title="Before sending BuildRequestReceived status to /api/updatedeploystatus" date="2025-08-01T08:22:03.674" /><!-- duration: 31ms -->
      <step title="DeploymentManager.Deploy(id:288c1e2bf9f04031a8fcb203997a83c7)" date="2025-08-01T08:22:03.752" >
        <step title="Collecting changeset information" date="2025-08-01T08:22:03.830" /><!-- duration: 281ms -->
        <step title="Updating submodules" date="2025-08-01T08:22:04.205" >
          <step title="Updating submodules." date="2025-08-01T08:22:04.549" /><!-- duration: 31ms -->
        </step><!-- duration: 484ms -->
        <step title="Preparing deployment for commit id &apos;288c1e2bf9&apos;." date="2025-08-01T08:22:04.971" /><!-- duration: 63ms -->
        <step title="Determining deployment builder" date="2025-08-01T08:22:05.362" >
          <step title="Builder is RunFromZipSiteBuilder" date="2025-08-01T08:22:05.393" /><!-- duration: 47ms -->
        </step><!-- duration: 109ms -->
        <step title="Copying SSH keys" date="2025-08-01T08:22:05.596" /><!-- duration: 78ms -->
        <step title="Building" date="2025-08-01T08:22:05.705" >
          <step title="Skipping build. Project type: Run-From-Zip" date="2025-08-01T08:22:06.033" /><!-- duration: 47ms -->
          <step title="Skipping post build. Project type: Run-From-Zip" date="2025-08-01T08:22:06.440" /><!-- duration: 31ms -->
          <step title="Requesting site restart" date="2025-08-01T08:22:06.752" /><!-- duration: 31ms -->
          <step title="Requesting site restart" date="2025-08-01T08:22:06.862" /><!-- duration: 31ms -->
          <step title="Requesting site restart. Attempt #1" date="2025-08-01T08:22:07.221" /><!-- duration: 47ms -->
          <step title="Requesting site restart. Attempt #1" date="2025-08-01T08:22:07.330" /><!-- duration: 31ms -->
          <step title="Successfully requested a restart. Attempt #1" date="2025-08-01T08:22:07.987" /><!-- duration: 16ms -->
          <step title="Successfully requested a restart. Attempt #1" date="2025-08-01T08:22:08.080" /><!-- duration: 47ms -->
          <step title="Deployment successful. DEPLOYMENTINFO: deploymentPath = OneDeploy, deployer = OneDeploy, os = windows, sku = Dynamic, language = node, siteName = aitm-func-1753463791, slotName = Production, siteHostName = aitm-func-1753463791.azurewebsites.net, deploymentStatus = Success" date="2025-08-01T08:22:08.676" /><!-- duration: 31ms -->
          <step title="Purge deployment items" date="2025-08-01T08:22:09.911" >
            <step title="Remove 72a0b7414, Success, received at 8/1/2025 6:43:43 AM" date="2025-08-01T08:22:10.958" /><!-- duration: 47ms -->
          </step><!-- duration: 1125ms -->
        </step><!-- duration: 5612ms -->
      </step><!-- duration: 7627ms -->
      <step title="Cleaning up temp files" date="2025-08-01T08:22:11.427" /><!-- duration: 78ms -->
      <step title="Updating C:\home\data\SitePackages\packagename.txt with deployment 20250801082200.zip" date="2025-08-01T08:22:11.583" /><!-- duration: 156ms -->
      <step title="Begin HttpPost https://aitm-func-1753463791.scm.azurewebsites.net/operations/settriggers, x-ms-request-id: 9718d9a6-6eb0-11f0-9149-822b383dbcd0" date="2025-08-01T08:22:11.817" /><!-- duration: 47ms -->
      <step title="End HttpPost, status: OK" date="2025-08-01T08:22:11.973" /><!-- duration: 78ms -->
      <step title="Scheduling background sync triggers after delay" date="2025-08-01T08:22:12.114" /><!-- duration: 78ms -->
    </step><!-- duration: 10221ms -->
    <step title="LockFile &apos;C:\home\site\locks\deployments.lock&apos; released" date="2025-08-01T08:22:12.802" /><!-- duration: 47ms -->
  </step><!-- duration: 12113ms -->
  <step title="Outgoing response" date="2025-08-01T08:22:12.973" type="response" statusCode="200" statusText="OK" Server="Microsoft-IIS/10.0" x-ms-request-id="9718d9a6-6eb0-11f0-9149-822b383dbcd0" Cache-Control="private" X-AspNet-Version="4.0.30319" /><!-- duration: 62ms -->
</step><!-- duration: 12410ms -->
