﻿<?xml version="1.0" encoding="utf-8"?>
<deployment>
  <id>63599f329f23486abce2ec5303a2b84a</id>
  <author>N/A</author>
  <deployer>ZipDeploy</deployer>
  <authorEmail>N/A</authorEmail>
  <message>Created via a push deployment</message>
  <progress></progress>
  <status>Success</status>
  <statusText></statusText>
  <lastSuccessEndTime>2025-08-01T18:33:05.8392884Z</lastSuccessEndTime>
  <receivedTime>2025-08-01T18:32:51.2835461Z</receivedTime>
  <startTime>2025-08-01T18:32:52.1585693Z</startTime>
  <endTime>2025-08-01T18:33:05.8392884Z</endTime>
  <complete>True</complete>
  <is_temp>False</is_temp>
  <is_readonly>True</is_readonly>
  <project_type>BASIC FUNCTIONAPP</project_type>
  <vsproject_id></vsproject_id>
</deployment>