﻿<?xml version="1.0" encoding="utf-8"?>
<deployment>
  <id>65660087c85342d1b6163c991847ab4d</id>
  <author>N/A</author>
  <deployer>ZipDeploy</deployer>
  <authorEmail>N/A</authorEmail>
  <message>Created via a push deployment</message>
  <progress></progress>
  <status>Success</status>
  <statusText></statusText>
  <lastSuccessEndTime>2025-08-01T10:51:46.663416Z</lastSuccessEndTime>
  <receivedTime>2025-08-01T10:51:44.3588324Z</receivedTime>
  <startTime>2025-08-01T10:51:45.1244614Z</startTime>
  <endTime>2025-08-01T10:51:46.663416Z</endTime>
  <complete>True</complete>
  <is_temp>False</is_temp>
  <is_readonly>True</is_readonly>
  <project_type>Run-From-Zip</project_type>
  <vsproject_id></vsproject_id>
</deployment>