{"TimeStamp":"2025-08-01T10:43:55Z","SiteName":"aitm-func-1753463791","RequestId":"dc04b30e-0aa2-4d27-b424-3f4b660e6c4f","Kind":"ZipDeploy","Status":"Success","Details":"{\"Id\":\"b1f5b858fe0944b48a13e436d2eb8d88\",\"Status\":4,\"StatusText\":\"\",\"AuthorEmail\":\"N/A\",\"Author\":\"N/A\",\"Message\":\"Created via a push deployment\",\"Progress\":\"\",\"Deployer\":\"ZipDeploy\",\"ReceivedTime\":\"2025-08-01T10:43:52.0126586Z\",\"StartTime\":\"2025-08-01T10:43:53.2180217Z\",\"EndTime\":\"2025-08-01T10:43:55.4961174Z\",\"LastSuccessEndTime\":\"2025-08-01T10:43:55.4961174Z\",\"Complete\":true,\"IsTemporary\":false,\"IsReadOnly\":true,\"SiteName\":\"aitm-func-1753463791\",\"HostName\":\"aitm-func-1753463791.scm.azurewebsites.net\",\"ProjectType\":\"Run-From-Zip\",\"VsProjectId\":null}"}