{"TimeStamp":"2025-08-01T10:51:46Z","SiteName":"aitm-func-1753463791","RequestId":"d50ce716-7e33-4ff5-90f5-6ea3e9a9ab1e","Kind":"ZipDeploy","Status":"Success","Details":"{\"Id\":\"65660087c85342d1b6163c991847ab4d\",\"Status\":4,\"StatusText\":\"\",\"AuthorEmail\":\"N/A\",\"Author\":\"N/A\",\"Message\":\"Created via a push deployment\",\"Progress\":\"\",\"Deployer\":\"ZipDeploy\",\"ReceivedTime\":\"2025-08-01T10:51:44.3588324Z\",\"StartTime\":\"2025-08-01T10:51:45.1244614Z\",\"EndTime\":\"2025-08-01T10:51:46.663416Z\",\"LastSuccessEndTime\":\"2025-08-01T10:51:46.663416Z\",\"Complete\":true,\"IsTemporary\":false,\"IsReadOnly\":true,\"SiteName\":\"aitm-func-1753463791\",\"HostName\":\"aitm-func-1753463791.scm.azurewebsites.net\",\"ProjectType\":\"Run-From-Zip\",\"VsProjectId\":null}"}