﻿<?xml version="1.0" encoding="utf-8"?>
<deployment>
  <id>e2bb9a0662f6400fab8e18f191ff2cdb</id>
  <author>N/A</author>
  <deployer>OneDeploy</deployer>
  <authorEmail>N/A</authorEmail>
  <message>OneDeploy</message>
  <progress></progress>
  <status>Success</status>
  <statusText></statusText>
  <lastSuccessEndTime>2025-08-01T06:36:34.2973642Z</lastSuccessEndTime>
  <receivedTime>2025-08-01T06:36:30.2348302Z</receivedTime>
  <startTime>2025-08-01T06:36:31.2348296Z</startTime>
  <endTime>2025-08-01T06:36:34.2973642Z</endTime>
  <complete>True</complete>
  <is_temp>False</is_temp>
  <is_readonly>True</is_readonly>
  <project_type>Run-From-Zip</project_type>
  <vsproject_id></vsproject_id>
</deployment>