﻿<?xml version="1.0" encoding="utf-8"?>
<deployment>
  <id>4aaf522957e447c6a4c1c96d825e8154</id>
  <author>N/A</author>
  <deployer>ZipDeploy</deployer>
  <authorEmail>N/A</authorEmail>
  <message>Created via a push deployment</message>
  <progress></progress>
  <status>Success</status>
  <statusText></statusText>
  <lastSuccessEndTime>2025-08-01T10:47:38.7553792Z</lastSuccessEndTime>
  <receivedTime>2025-08-01T10:47:36.3291803Z</receivedTime>
  <startTime>2025-08-01T10:47:37.1452702Z</startTime>
  <endTime>2025-08-01T10:47:38.7553792Z</endTime>
  <complete>True</complete>
  <is_temp>False</is_temp>
  <is_readonly>True</is_readonly>
  <project_type>Run-From-Zip</project_type>
  <vsproject_id></vsproject_id>
</deployment>