﻿<?xml version="1.0" encoding="utf-8"?>
<deployment>
  <id>3ad4331050c5422f89be7e06f563b460</id>
  <author>N/A</author>
  <deployer>OneDeploy</deployer>
  <authorEmail>N/A</authorEmail>
  <message>OneDeploy</message>
  <progress></progress>
  <status>Success</status>
  <statusText></statusText>
  <lastSuccessEndTime>2025-08-01T07:45:19.6025522Z</lastSuccessEndTime>
  <receivedTime>2025-08-01T07:45:15.6181266Z</receivedTime>
  <startTime>2025-08-01T07:45:16.5400099Z</startTime>
  <endTime>2025-08-01T07:45:19.6025522Z</endTime>
  <complete>True</complete>
  <is_temp>False</is_temp>
  <is_readonly>True</is_readonly>
  <project_type>Run-From-Zip</project_type>
  <vsproject_id></vsproject_id>
</deployment>