﻿<?xml version="1.0" encoding="utf-8"?>
<deployment>
  <id>055fc80bfcae4bafbec58bd7af8d640c</id>
  <author>N/A</author>
  <deployer>OneDeploy</deployer>
  <authorEmail>N/A</authorEmail>
  <message>OneDeploy</message>
  <progress></progress>
  <status>Success</status>
  <statusText></statusText>
  <lastSuccessEndTime>2025-08-01T08:09:47.6884615Z</lastSuccessEndTime>
  <receivedTime>2025-08-01T08:09:43.8759243Z</receivedTime>
  <startTime>2025-08-01T08:09:44.8603119Z</startTime>
  <endTime>2025-08-01T08:09:47.6884615Z</endTime>
  <complete>True</complete>
  <is_temp>False</is_temp>
  <is_readonly>True</is_readonly>
  <project_type>Run-From-Zip</project_type>
  <vsproject_id></vsproject_id>
</deployment>