<step title="Incoming Request" date="2025-08-01T10:51:41.851" instance="05e116" url="/api/zipdeploy" method="POST" type="request" pid="2240,2,9" Content-Length="5297653" Content-Type="application/zip" Authorization="Bea..." Host="aitm-func-1753463791.scm.azurewebsites.net" If-Match="*" User-Agent="functions-core-tools/4.1.0" X-ARR-LOG-ID="d50ce716-7e33-4ff5-90f5-6ea3e9a9ab1e" CLIENT-IP="3.219.18.69:39484" X-SITE-DEPLOYMENT-ID="aitm-func-1753463791" WAS-DEFAULT-HOSTNAME="aitm-func-1753463791.scm.azurewebsites.net" X-Forwarded-Proto="https" X-AppService-Proto="https" X-Forwarded-TlsVersion="1.3" X-WAWS-Unencoded-URL="/api/zipdeploy" >
  <step title="ZipPushDeploy" date="2025-08-01T10:51:41.913" >
    <step title="Functions App ZipDeploy. Run from package." date="2025-08-01T10:51:41.960" /><!-- duration: 31ms -->
    <step title="Starting PushDeployAsync" date="2025-08-01T10:51:42.007" /><!-- duration: 31ms -->
    <step title="Updating shutdown sentinel last write time" date="2025-08-01T10:51:42.101" SemaphoreCount="7" /><!-- duration: 16ms -->
    <step title="LockFile &apos;C:\home\site\locks\deployments.lock&apos; acquired" date="2025-08-01T10:51:42.148" /><!-- duration: 16ms -->
    <step title="Deleting outdated zip file C:\home\data\SitePackages\20250801104300.zip" date="2025-08-01T10:51:42.195" /><!-- duration: 62ms -->
    <step title="Saving request content to C:\home\data\SitePackages\20250801105141.zip" date="2025-08-01T10:51:42.273" >
      <step title="Total 5,297,653 bytes written to C:\home\data\SitePackages\20250801105141.zip" date="2025-08-01T10:51:42.398" /><!-- duration: 31ms -->
    </step><!-- duration: 617ms -->
    <step title="LockFile &apos;C:\home\site\locks\deployments.lock&apos; released" date="2025-08-01T10:51:42.921" /><!-- duration: 31ms -->
    <step title="Deleting shutdown sentinel file" date="2025-08-01T10:51:42.999" SemaphoreCount="8" /><!-- duration: 31ms -->
    <step title="Starting FetchDeploy" date="2025-08-01T10:51:43.061" /><!-- duration: 16ms -->
    <step title="Attempting to fetch target branch HEAD" date="2025-08-01T10:51:43.108" /><!-- duration: 16ms -->
    <step title="Updating shutdown sentinel last write time" date="2025-08-01T10:51:43.171" SemaphoreCount="7" /><!-- duration: 16ms -->
    <step title="LockFile &apos;C:\home\site\locks\deployments.lock&apos; acquired" date="2025-08-01T10:51:43.218" /><!-- duration: 16ms -->
    <step title="Performing fetch based deployment" date="2025-08-01T10:51:43.265" >
      <step title="Creating temporary deployment" date="2025-08-01T10:51:43.280" /><!-- duration: 156ms -->
      <step title="Fetching changes." date="2025-08-01T10:51:43.671" /><!-- duration: 31ms -->
      <step title="Starting LocalZipHandler" date="2025-08-01T10:51:43.749" /><!-- duration: 16ms -->
      <step title="Starting ExtractTriggers" date="2025-08-01T10:51:43.811" /><!-- duration: 16ms -->
      <step title="None repository commit" date="2025-08-01T10:51:44.046" >
        <step title="Commit id: 65660087c85342d1b6163c991847ab4d" date="2025-08-01T10:51:44.077" Message="Created via a push deployment" AuthorName="N/A" AuthorEmail="N/A" /><!-- duration: 31ms -->
      </step><!-- duration: 78ms -->
      <step title="Before sending BuildRequestReceived status to /api/updatedeploystatus" date="2025-08-01T10:51:44.155" /><!-- duration: 16ms -->
      <step title="DeploymentManager.Deploy(id:65660087c85342d1b6163c991847ab4d)" date="2025-08-01T10:51:44.204" >
        <step title="Collecting changeset information" date="2025-08-01T10:51:44.249" /><!-- duration: 203ms -->
        <step title="Updating submodules" date="2025-08-01T10:51:44.483" >
          <step title="Updating submodules." date="2025-08-01T10:51:44.686" /><!-- duration: 31ms -->
        </step><!-- duration: 266ms -->
        <step title="Preparing deployment for commit id &apos;65660087c8&apos;." date="2025-08-01T10:51:44.968" /><!-- duration: 31ms -->
        <step title="Determining deployment builder" date="2025-08-01T10:51:45.233" >
          <step title="Builder is RunFromZipSiteBuilder" date="2025-08-01T10:51:45.249" /><!-- duration: 31ms -->
        </step><!-- duration: 63ms -->
        <step title="Copying SSH keys" date="2025-08-01T10:51:45.374" /><!-- duration: 47ms -->
        <step title="Building" date="2025-08-01T10:51:45.436" >
          <step title="Skipping build. Project type: Run-From-Zip" date="2025-08-01T10:51:45.658" /><!-- duration: 47ms -->
          <step title="Skipping post build. Project type: Run-From-Zip" date="2025-08-01T10:51:45.939" /><!-- duration: 16ms -->
          <step title="Triggering recycle (preview mode disabled)." date="2025-08-01T10:51:46.205" /><!-- duration: 31ms -->
          <step title="Ignoring FS watcher based recycle request as this is a classic Windows app." date="2025-08-01T10:51:46.283" /><!-- duration: 31ms -->
          <step title="Deployment successful. DEPLOYMENTINFO: deploymentPath = Functions App ZipDeploy. Run from package., deployer = ZipDeploy, os = windows, sku = Dynamic, language = node, siteName = aitm-func-1753463791, slotName = Production, siteHostName = aitm-func-1753463791.azurewebsites.net, deploymentStatus = Success" date="2025-08-01T10:51:46.538" /><!-- duration: 16ms -->
          <step title="Purge deployment items" date="2025-08-01T10:51:47.273" >
            <step title="Remove 903965084, Success, received at 8/1/2025 10:03:12 AM" date="2025-08-01T10:51:47.590" /><!-- duration: 31ms -->
          </step><!-- duration: 364ms -->
        </step><!-- duration: 2341ms -->
      </step><!-- duration: 3605ms -->
      <step title="Cleaning up temp files" date="2025-08-01T10:51:47.825" /><!-- duration: 31ms -->
      <step title="Updating C:\home\data\SitePackages\packagename.txt with deployment 20250801105141.zip" date="2025-08-01T10:51:47.872" /><!-- duration: 78ms -->
      <step title="Begin HttpPost https://aitm-func-1753463791.scm.azurewebsites.net/operations/settriggers, x-ms-request-id: d50ce716-7e33-4ff5-90f5-6ea3e9a9ab1e" date="2025-08-01T10:51:47.981" /><!-- duration: 16ms -->
      <step title="End HttpPost, status: OK" date="2025-08-01T10:51:48.189" /><!-- duration: 31ms -->
      <step title="Scheduling background sync triggers after delay" date="2025-08-01T10:51:48.236" /><!-- duration: 47ms -->
    </step><!-- duration: 5315ms -->
    <step title="LockFile &apos;C:\home\site\locks\deployments.lock&apos; released" date="2025-08-01T10:51:48.627" /><!-- duration: 16ms -->
    <step title="Deleting shutdown sentinel file" date="2025-08-01T10:51:48.689" SemaphoreCount="8" /><!-- duration: 47ms -->
  </step><!-- duration: 6838ms -->
  <step title="Outgoing response" date="2025-08-01T10:51:48.892" type="response" statusCode="200" statusText="OK" Server="Microsoft-IIS/10.0" x-ms-request-id="d50ce716-7e33-4ff5-90f5-6ea3e9a9ab1e" Cache-Control="private" X-AspNet-Version="4.0.30319" /><!-- duration: 31ms -->
</step><!-- duration: 7104ms -->
