<step title="BackgroundTrace" date="2025-08-01T10:43:57.223" instance="05e116" url="synctriggers-operation" method="POST" >
  <step title="Updating shutdown sentinel last write time" date="2025-08-01T10:43:57.255" SemaphoreCount="5" /><!-- duration: 16ms -->
  <step title="Delaying &apos;00:01:00&apos; for Functions site to restart." date="2025-08-01T10:43:57.302" /><!-- duration: 16ms -->
  <step title="Begin HttpPost https://aitm-func-1753463791.azurewebsites.net/admin/host/synctriggers, x-ms-request-id: 7f7bd139-cc2c-4d3f-b8e0-f220831c4bd6" date="2025-08-01T10:44:08.417" /><!-- duration: 62ms -->
  <step title="End HttpPost, status: OK" date="2025-08-01T10:44:10.839" /><!-- duration: 31ms -->
  <step title="Syncing function triggers by calling the functions runtime site successful." date="2025-08-01T10:44:10.901" /><!-- duration: 16ms -->
  <step title="Begin HttpPost https://aitm-func-1753463791.azurewebsites.net/admin/host/synctriggers, x-ms-request-id: dc04b30e-0aa2-4d27-b424-3f4b660e6c4f" date="2025-08-01T10:44:57.374" /><!-- duration: 31ms -->
  <step title="End HttpPost, status: OK" date="2025-08-01T10:44:57.749" /><!-- duration: 31ms -->
  <step title="Syncing function triggers by calling the functions runtime site successful." date="2025-08-01T10:44:57.812" /><!-- duration: 31ms -->
  <step title="Deleting shutdown sentinel file" date="2025-08-01T10:44:57.894" SemaphoreCount="8" /><!-- duration: 63ms -->
</step><!-- duration: 60748ms -->
