<step title="Incoming Request" date="2025-08-01T10:43:00.149" instance="05e116" url="/api/zipdeploy" method="POST" type="request" pid="6260,2,9" Content-Length="5116277" Content-Type="application/zip" Authorization="Bea..." Host="aitm-func-1753463791.scm.azurewebsites.net" If-Match="*" User-Agent="functions-core-tools/4.1.0" X-ARR-LOG-ID="7f7bd139-cc2c-4d3f-b8e0-f220831c4bd6" CLIENT-IP="3.219.18.69:20021" X-SITE-DEPLOYMENT-ID="aitm-func-1753463791" WAS-DEFAULT-HOSTNAME="aitm-func-1753463791.scm.azurewebsites.net" X-Forwarded-Proto="https" X-AppService-Proto="https" X-Forwarded-TlsVersion="1.3" X-WAWS-Unencoded-URL="/api/zipdeploy" >
  <step title="ZipPushDeploy" date="2025-08-01T10:43:00.228" >
    <step title="Functions App ZipDeploy. Run from package." date="2025-08-01T10:43:00.260" /><!-- duration: 31ms -->
    <step title="Starting PushDeployAsync" date="2025-08-01T10:43:00.323" /><!-- duration: 16ms -->
    <step title="Updating shutdown sentinel last write time" date="2025-08-01T10:43:00.511" SemaphoreCount="6" /><!-- duration: 31ms -->
    <step title="LockFile &apos;C:\home\site\locks\deployments.lock&apos; acquired" date="2025-08-01T10:43:00.573" /><!-- duration: 31ms -->
    <step title="Deleting outdated zip file C:\home\data\SitePackages\20250801103541.zip" date="2025-08-01T10:43:00.667" /><!-- duration: 47ms -->
    <step title="Saving request content to C:\home\data\SitePackages\20250801104300.zip" date="2025-08-01T10:43:00.745" >
      <step title="Total 5,116,277 bytes written to C:\home\data\SitePackages\20250801104300.zip" date="2025-08-01T10:43:00.886" /><!-- duration: 47ms -->
    </step><!-- duration: 601ms -->
    <step title="LockFile &apos;C:\home\site\locks\deployments.lock&apos; released" date="2025-08-01T10:43:01.377" /><!-- duration: 31ms -->
    <step title="Starting FetchDeploy" date="2025-08-01T10:43:01.471" /><!-- duration: 33ms -->
    <step title="Attempting to fetch target branch HEAD" date="2025-08-01T10:43:01.518" /><!-- duration: 31ms -->
    <step title="Updating shutdown sentinel last write time" date="2025-08-01T10:43:01.597" SemaphoreCount="6" /><!-- duration: 31ms -->
    <step title="LockFile &apos;C:\home\site\locks\deployments.lock&apos; acquired" date="2025-08-01T10:43:01.660" /><!-- duration: 15ms -->
    <step title="Performing fetch based deployment" date="2025-08-01T10:43:01.707" >
      <step title="Creating temporary deployment" date="2025-08-01T10:43:01.738" /><!-- duration: 172ms -->
      <step title="Fetching changes." date="2025-08-01T10:43:02.207" /><!-- duration: 31ms -->
      <step title="Starting LocalZipHandler" date="2025-08-01T10:43:02.301" /><!-- duration: 16ms -->
      <step title="Starting ExtractTriggers" date="2025-08-01T10:43:02.348" /><!-- duration: 172ms -->
      <step title="None repository commit" date="2025-08-01T10:43:02.692" >
        <step title="Commit id: 8af79cc726174f8bb737fd3109011990" date="2025-08-01T10:43:02.723" Message="Created via a push deployment" AuthorName="N/A" AuthorEmail="N/A" /><!-- duration: 16ms -->
      </step><!-- duration: 78ms -->
      <step title="Before sending BuildRequestReceived status to /api/updatedeploystatus" date="2025-08-01T10:43:02.801" /><!-- duration: 16ms -->
      <step title="DeploymentManager.Deploy(id:8af79cc726174f8bb737fd3109011990)" date="2025-08-01T10:43:02.848" >
        <step title="Collecting changeset information" date="2025-08-01T10:43:02.895" /><!-- duration: 234ms -->
        <step title="Updating submodules" date="2025-08-01T10:43:03.179" >
          <step title="Updating submodules." date="2025-08-01T10:43:03.476" /><!-- duration: 31ms -->
        </step><!-- duration: 391ms -->
        <step title="Preparing deployment for commit id &apos;8af79cc726&apos;." date="2025-08-01T10:43:03.820" /><!-- duration: 31ms -->
        <step title="Determining deployment builder" date="2025-08-01T10:43:04.304" >
          <step title="Builder is RunFromZipSiteBuilder" date="2025-08-01T10:43:04.336" /><!-- duration: 31ms -->
        </step><!-- duration: 78ms -->
        <step title="Copying SSH keys" date="2025-08-01T10:43:04.508" /><!-- duration: 47ms -->
        <step title="Building" date="2025-08-01T10:43:04.633" >
          <step title="Skipping build. Project type: Run-From-Zip" date="2025-08-01T10:43:04.916" /><!-- duration: 31ms -->
          <step title="Skipping post build. Project type: Run-From-Zip" date="2025-08-01T10:43:05.307" /><!-- duration: 31ms -->
          <step title="Triggering recycle (preview mode disabled)." date="2025-08-01T10:43:05.619" /><!-- duration: 16ms -->
          <step title="Ignoring FS watcher based recycle request as this is a classic Windows app." date="2025-08-01T10:43:05.697" /><!-- duration: 16ms -->
          <step title="Deployment successful. DEPLOYMENTINFO: deploymentPath = Functions App ZipDeploy. Run from package., deployer = ZipDeploy, os = windows, sku = Dynamic, language = node, siteName = aitm-func-1753463791, slotName = Production, siteHostName = aitm-func-1753463791.azurewebsites.net, deploymentStatus = Success" date="2025-08-01T10:43:05.980" /><!-- duration: 31ms -->
          <step title="Purge deployment items" date="2025-08-01T10:43:07.054" >
            <step title="Remove 1655e68e0, Success, received at 8/1/2025 9:43:14 AM" date="2025-08-01T10:43:07.478" /><!-- duration: 31ms -->
          </step><!-- duration: 471ms -->
        </step><!-- duration: 3002ms -->
      </step><!-- duration: 4802ms -->
      <step title="Cleaning up temp files" date="2025-08-01T10:43:07.748" /><!-- duration: 31ms -->
      <step title="Updating C:\home\data\SitePackages\packagename.txt with deployment 20250801104300.zip" date="2025-08-01T10:43:07.811" /><!-- duration: 47ms -->
      <step title="Begin HttpPost https://aitm-func-1753463791.scm.azurewebsites.net/operations/settriggers, x-ms-request-id: 7f7bd139-cc2c-4d3f-b8e0-f220831c4bd6" date="2025-08-01T10:43:07.920" /><!-- duration: 31ms -->
      <step title="End HttpPost, status: OK" date="2025-08-01T10:43:08.124" /><!-- duration: 47ms -->
      <step title="Scheduling background sync triggers after delay" date="2025-08-01T10:43:08.203" /><!-- duration: 16ms -->
    </step><!-- duration: 6765ms -->
    <step title="LockFile &apos;C:\home\site\locks\deployments.lock&apos; released" date="2025-08-01T10:43:08.503" /><!-- duration: 31ms -->
  </step><!-- duration: 8353ms -->
  <step title="Outgoing response" date="2025-08-01T10:43:08.613" type="response" statusCode="200" statusText="OK" Server="Microsoft-IIS/10.0" x-ms-request-id="7f7bd139-cc2c-4d3f-b8e0-f220831c4bd6" Cache-Control="private" X-AspNet-Version="4.0.30319" /><!-- duration: 16ms -->
</step><!-- duration: 8510ms -->
