<step title="Incoming Request" date="2025-08-01T10:30:19.033" instance="05e116" url="/api/zipdeploy" method="POST" type="request" pid="6672,2,11" Content-Length="5113719" Content-Type="application/zip" Authorization="Bea..." Host="aitm-func-1753463791.scm.azurewebsites.net" If-Match="*" User-Agent="functions-core-tools/4.1.0" X-ARR-LOG-ID="81334afb-682e-40b1-8ab9-6fd429920f88" CLIENT-IP="34.224.177.102:55723" X-SITE-DEPLOYMENT-ID="aitm-func-1753463791" WAS-DEFAULT-HOSTNAME="aitm-func-1753463791.scm.azurewebsites.net" X-Forwarded-Proto="https" X-AppService-Proto="https" X-Forwarded-TlsVersion="1.3" X-WAWS-Unencoded-URL="/api/zipdeploy" >
  <step title="ZipPushDeploy" date="2025-08-01T10:30:19.111" >
    <step title="Functions App ZipDeploy. Run from package." date="2025-08-01T10:30:19.144" /><!-- duration: 31ms -->
    <step title="Starting PushDeployAsync" date="2025-08-01T10:30:19.191" /><!-- duration: 31ms -->
    <step title="Updating shutdown sentinel last write time" date="2025-08-01T10:30:19.316" SemaphoreCount="7" /><!-- duration: 31ms -->
    <step title="LockFile &apos;C:\home\site\locks\deployments.lock&apos; acquired" date="2025-08-01T10:30:19.379" /><!-- duration: 16ms -->
    <step title="Deleting outdated zip file C:\home\data\SitePackages\20250801100309.zip" date="2025-08-01T10:30:19.457" /><!-- duration: 47ms -->
    <step title="Saving request content to C:\home\data\SitePackages\20250801103019.zip" date="2025-08-01T10:30:19.519" >
      <step title="Total 5,113,719 bytes written to C:\home\data\SitePackages\20250801103019.zip" date="2025-08-01T10:30:19.675" /><!-- duration: 16ms -->
    </step><!-- duration: 520ms -->
    <step title="LockFile &apos;C:\home\site\locks\deployments.lock&apos; released" date="2025-08-01T10:30:20.086" /><!-- duration: 16ms -->
    <step title="Deleting shutdown sentinel file" date="2025-08-01T10:30:20.149" SemaphoreCount="8" /><!-- duration: 31ms -->
    <step title="Starting FetchDeploy" date="2025-08-01T10:30:20.211" /><!-- duration: 16ms -->
    <step title="Attempting to fetch target branch HEAD" date="2025-08-01T10:30:20.258" /><!-- duration: 16ms -->
    <step title="Updating shutdown sentinel last write time" date="2025-08-01T10:30:20.321" SemaphoreCount="7" /><!-- duration: 31ms -->
    <step title="LockFile &apos;C:\home\site\locks\deployments.lock&apos; acquired" date="2025-08-01T10:30:20.387" /><!-- duration: 12ms -->
    <step title="Performing fetch based deployment" date="2025-08-01T10:30:20.430" >
      <step title="Creating temporary deployment" date="2025-08-01T10:30:20.461" /><!-- duration: 156ms -->
      <step title="Fetching changes." date="2025-08-01T10:30:20.868" /><!-- duration: 16ms -->
      <step title="Starting LocalZipHandler" date="2025-08-01T10:30:20.946" /><!-- duration: 31ms -->
      <step title="Starting ExtractTriggers" date="2025-08-01T10:30:21.008" /><!-- duration: 33ms -->
      <step title="None repository commit" date="2025-08-01T10:30:21.277" >
        <step title="Commit id: 4a7299be97d34272a742d56245113b47" date="2025-08-01T10:30:21.308" Message="Created via a push deployment" AuthorName="N/A" AuthorEmail="N/A" /><!-- duration: 31ms -->
      </step><!-- duration: 78ms -->
      <step title="Before sending BuildRequestReceived status to /api/updatedeploystatus" date="2025-08-01T10:30:21.386" /><!-- duration: 31ms -->
      <step title="DeploymentManager.Deploy(id:4a7299be97d34272a742d56245113b47)" date="2025-08-01T10:30:21.448" >
        <step title="Collecting changeset information" date="2025-08-01T10:30:21.511" /><!-- duration: 234ms -->
        <step title="Updating submodules" date="2025-08-01T10:30:21.777" >
          <step title="Updating submodules." date="2025-08-01T10:30:21.995" /><!-- duration: 31ms -->
        </step><!-- duration: 312ms -->
        <step title="Preparing deployment for commit id &apos;4a7299be97&apos;." date="2025-08-01T10:30:22.323" /><!-- duration: 16ms -->
        <step title="Determining deployment builder" date="2025-08-01T10:30:22.573" >
          <step title="Builder is RunFromZipSiteBuilder" date="2025-08-01T10:30:22.605" /><!-- duration: 16ms -->
        </step><!-- duration: 78ms -->
        <step title="Copying SSH keys" date="2025-08-01T10:30:22.730" /><!-- duration: 47ms -->
        <step title="Building" date="2025-08-01T10:30:22.808" >
          <step title="Skipping build. Project type: Run-From-Zip" date="2025-08-01T10:30:23.014" /><!-- duration: 31ms -->
          <step title="Skipping post build. Project type: Run-From-Zip" date="2025-08-01T10:30:23.311" /><!-- duration: 32ms -->
          <step title="Triggering recycle (preview mode disabled)." date="2025-08-01T10:30:23.658" /><!-- duration: 32ms -->
          <step title="Ignoring FS watcher based recycle request as this is a classic Windows app." date="2025-08-01T10:30:23.736" /><!-- duration: 32ms -->
          <step title="Deployment successful. DEPLOYMENTINFO: deploymentPath = Functions App ZipDeploy. Run from package., deployer = ZipDeploy, os = windows, sku = Dynamic, language = node, siteName = aitm-func-1753463791, slotName = Production, siteHostName = aitm-func-1753463791.azurewebsites.net, deploymentStatus = Success" date="2025-08-01T10:30:23.988" /><!-- duration: 31ms -->
          <step title="Purge deployment items" date="2025-08-01T10:30:24.790" >
            <step title="Remove 8c61ac745, Success, received at 8/1/2025 9:04:52 AM" date="2025-08-01T10:30:25.133" /><!-- duration: 31ms -->
          </step><!-- duration: 391ms -->
        </step><!-- duration: 2498ms -->
      </step><!-- duration: 3888ms -->
      <step title="Cleaning up temp files" date="2025-08-01T10:30:25.368" /><!-- duration: 47ms -->
      <step title="Updating C:\home\data\SitePackages\packagename.txt with deployment 20250801103019.zip" date="2025-08-01T10:30:25.446" /><!-- duration: 63ms -->
      <step title="Begin HttpPost https://aitm-func-1753463791.scm.azurewebsites.net/operations/settriggers, x-ms-request-id: 81334afb-682e-40b1-8ab9-6fd429920f88" date="2025-08-01T10:30:25.555" /><!-- duration: 19ms -->
      <step title="End HttpPost, status: OK" date="2025-08-01T10:30:25.699" /><!-- duration: 31ms -->
      <step title="Scheduling background sync triggers after delay" date="2025-08-01T10:30:25.746" /><!-- duration: 47ms -->
    </step><!-- duration: 5613ms -->
    <step title="LockFile &apos;C:\home\site\locks\deployments.lock&apos; released" date="2025-08-01T10:30:26.106" /><!-- duration: 16ms -->
  </step><!-- duration: 7073ms -->
  <step title="Outgoing response" date="2025-08-01T10:30:26.199" type="response" statusCode="200" statusText="OK" Server="Microsoft-IIS/10.0" x-ms-request-id="81334afb-682e-40b1-8ab9-6fd429920f88" Cache-Control="private" X-AspNet-Version="4.0.30319" /><!-- duration: 31ms -->
</step><!-- duration: 7229ms -->
