<step title="Incoming Request" date="2025-08-01T10:37:16.883" instance="05e116" url="/api/zipdeploy" method="POST" type="request" pid="1652,2,9" Content-Length="5114014" Content-Type="application/zip" Authorization="Bea..." Host="aitm-func-1753463791.scm.azurewebsites.net" If-Match="*" User-Agent="functions-core-tools/4.1.0" X-ARR-LOG-ID="0d82c4b5-c7e1-462e-b538-4196b9e7d9f0" CLIENT-IP="34.224.177.102:63315" X-SITE-DEPLOYMENT-ID="aitm-func-1753463791" WAS-DEFAULT-HOSTNAME="aitm-func-1753463791.scm.azurewebsites.net" X-Forwarded-Proto="https" X-AppService-Proto="https" X-Forwarded-TlsVersion="1.3" X-WAWS-Unencoded-URL="/api/zipdeploy" >
  <step title="ZipPushDeploy" date="2025-08-01T10:37:16.976" >
    <step title="Functions App ZipDeploy. Run from package." date="2025-08-01T10:37:17.039" /><!-- duration: 31ms -->
    <step title="Starting PushDeployAsync" date="2025-08-01T10:37:17.101" /><!-- duration: 47ms -->
    <step title="Updating shutdown sentinel last write time" date="2025-08-01T10:37:17.228" SemaphoreCount="7" /><!-- duration: 32ms -->
    <step title="LockFile &apos;C:\home\site\locks\deployments.lock&apos; acquired" date="2025-08-01T10:37:17.306" /><!-- duration: 31ms -->
    <step title="Deleting outdated zip file C:\home\data\SitePackages\20250801102636.zip" date="2025-08-01T10:37:17.400" /><!-- duration: 63ms -->
    <step title="Saving request content to C:\home\data\SitePackages\20250801103717.zip" date="2025-08-01T10:37:17.509" >
      <step title="Total 5,114,014 bytes written to C:\home\data\SitePackages\20250801103717.zip" date="2025-08-01T10:37:17.681" /><!-- duration: 31ms -->
    </step><!-- duration: 672ms -->
    <step title="LockFile &apos;C:\home\site\locks\deployments.lock&apos; released" date="2025-08-01T10:37:18.259" /><!-- duration: 31ms -->
    <step title="Deleting shutdown sentinel file" date="2025-08-01T10:37:18.353" SemaphoreCount="8" /><!-- duration: 31ms -->
    <step title="Starting FetchDeploy" date="2025-08-01T10:37:18.431" /><!-- duration: 31ms -->
    <step title="Attempting to fetch target branch HEAD" date="2025-08-01T10:37:18.493" /><!-- duration: 31ms -->
    <step title="Updating shutdown sentinel last write time" date="2025-08-01T10:37:18.587" SemaphoreCount="7" /><!-- duration: 31ms -->
    <step title="LockFile &apos;C:\home\site\locks\deployments.lock&apos; acquired" date="2025-08-01T10:37:18.681" /><!-- duration: 47ms -->
    <step title="Performing fetch based deployment" date="2025-08-01T10:37:18.775" >
      <step title="Creating temporary deployment" date="2025-08-01T10:37:18.790" /><!-- duration: 203ms -->
      <step title="Fetching changes." date="2025-08-01T10:37:19.326" /><!-- duration: 31ms -->
      <step title="Starting LocalZipHandler" date="2025-08-01T10:37:19.420" /><!-- duration: 31ms -->
      <step title="Starting ExtractTriggers" date="2025-08-01T10:37:19.498" /><!-- duration: 31ms -->
      <step title="None repository commit" date="2025-08-01T10:37:19.857" >
        <step title="Commit id: bcd9a51f49584510affcd9555e09b818" date="2025-08-01T10:37:19.873" Message="Created via a push deployment" AuthorName="N/A" AuthorEmail="N/A" /><!-- duration: 47ms -->
      </step><!-- duration: 94ms -->
      <step title="Before sending BuildRequestReceived status to /api/updatedeploystatus" date="2025-08-01T10:37:19.982" /><!-- duration: 47ms -->
      <step title="DeploymentManager.Deploy(id:bcd9a51f49584510affcd9555e09b818)" date="2025-08-01T10:37:20.060" >
        <step title="Collecting changeset information" date="2025-08-01T10:37:20.139" /><!-- duration: 234ms -->
        <step title="Updating submodules" date="2025-08-01T10:37:20.404" >
          <step title="Updating submodules." date="2025-08-01T10:37:20.670" /><!-- duration: 16ms -->
        </step><!-- duration: 344ms -->
        <step title="Preparing deployment for commit id &apos;bcd9a51f49&apos;." date="2025-08-01T10:37:20.967" /><!-- duration: 32ms -->
        <step title="Determining deployment builder" date="2025-08-01T10:37:21.264" >
          <step title="Builder is RunFromZipSiteBuilder" date="2025-08-01T10:37:21.295" /><!-- duration: 31ms -->
        </step><!-- duration: 78ms -->
        <step title="Copying SSH keys" date="2025-08-01T10:37:21.451" /><!-- duration: 62ms -->
        <step title="Building" date="2025-08-01T10:37:21.546" >
          <step title="Skipping build. Project type: Run-From-Zip" date="2025-08-01T10:37:21.788" /><!-- duration: 47ms -->
          <step title="Skipping post build. Project type: Run-From-Zip" date="2025-08-01T10:37:22.132" /><!-- duration: 31ms -->
          <step title="Triggering recycle (preview mode disabled)." date="2025-08-01T10:37:22.525" /><!-- duration: 31ms -->
          <step title="Ignoring FS watcher based recycle request as this is a classic Windows app." date="2025-08-01T10:37:22.619" /><!-- duration: 31ms -->
          <step title="Deployment successful. DEPLOYMENTINFO: deploymentPath = Functions App ZipDeploy. Run from package., deployer = ZipDeploy, os = windows, sku = Dynamic, language = node, siteName = aitm-func-1753463791, slotName = Production, siteHostName = aitm-func-1753463791.azurewebsites.net, deploymentStatus = Success" date="2025-08-01T10:37:22.887" /><!-- duration: 16ms -->
          <step title="Purge deployment items" date="2025-08-01T10:37:23.825" >
            <step title="Remove 259224677, Success, received at 8/1/2025 9:24:19 AM" date="2025-08-01T10:37:24.154" /><!-- duration: 31ms -->
          </step><!-- duration: 391ms -->
        </step><!-- duration: 2779ms -->
      </step><!-- duration: 4296ms -->
      <step title="Cleaning up temp files" date="2025-08-01T10:37:24.372" /><!-- duration: 31ms -->
      <step title="Updating C:\home\data\SitePackages\packagename.txt with deployment 20250801103717.zip" date="2025-08-01T10:37:24.435" /><!-- duration: 62ms -->
      <step title="Begin HttpPost https://aitm-func-1753463791.scm.azurewebsites.net/operations/settriggers, x-ms-request-id: 0d82c4b5-c7e1-462e-b538-4196b9e7d9f0" date="2025-08-01T10:37:24.560" /><!-- duration: 31ms -->
      <step title="End HttpPost, status: OK" date="2025-08-01T10:37:24.732" /><!-- duration: 16ms -->
      <step title="Scheduling background sync triggers after delay" date="2025-08-01T10:37:24.778" /><!-- duration: 16ms -->
    </step><!-- duration: 6316ms -->
    <step title="LockFile &apos;C:\home\site\locks\deployments.lock&apos; released" date="2025-08-01T10:37:25.138" /><!-- duration: 16ms -->
  </step><!-- duration: 8240ms -->
  <step title="Outgoing response" date="2025-08-01T10:37:25.232" type="response" statusCode="200" statusText="OK" Server="Microsoft-IIS/10.0" x-ms-request-id="0d82c4b5-c7e1-462e-b538-4196b9e7d9f0" Cache-Control="private" X-AspNet-Version="4.0.30319" /><!-- duration: 31ms -->
</step><!-- duration: 8412ms -->
