<step title="Incoming Request" date="2025-08-01T09:43:11.725" instance="05e116" url="/api/zipdeploy" method="POST" type="request" pid="6908,2,9" Content-Length="4202138" Content-Type="application/zip" Authorization="Bea..." Host="aitm-func-1753463791.scm.azurewebsites.net" If-Match="*" User-Agent="functions-core-tools/4.1.0" X-ARR-LOG-ID="d472c0ad-b3e6-443e-9181-7a9893c23b51" CLIENT-IP="107.21.235.172:20829" X-SITE-DEPLOYMENT-ID="aitm-func-1753463791" WAS-DEFAULT-HOSTNAME="aitm-func-1753463791.scm.azurewebsites.net" X-Forwarded-Proto="https" X-AppService-Proto="https" X-Forwarded-TlsVersion="1.3" X-WAWS-Unencoded-URL="/api/zipdeploy" >
  <step title="ZipPushDeploy" date="2025-08-01T09:43:11.788" >
    <step title="Functions App ZipDeploy. Run from package." date="2025-08-01T09:43:11.850" /><!-- duration: 16ms -->
    <step title="Starting PushDeployAsync" date="2025-08-01T09:43:11.897" /><!-- duration: 31ms -->
    <step title="Updating shutdown sentinel last write time" date="2025-08-01T09:43:11.975" SemaphoreCount="7" /><!-- duration: 31ms -->
    <step title="LockFile &apos;C:\home\site\locks\deployments.lock&apos; acquired" date="2025-08-01T09:43:12.038" /><!-- duration: 31ms -->
    <step title="Deleting outdated zip file C:\home\data\SitePackages\20250801091440.zip" date="2025-08-01T09:43:12.116" /><!-- duration: 51ms -->
    <step title="Saving request content to C:\home\data\SitePackages\20250801094311.zip" date="2025-08-01T09:43:12.195" >
      <step title="Total 4,202,138 bytes written to C:\home\data\SitePackages\20250801094311.zip" date="2025-08-01T09:43:12.304" /><!-- duration: 31ms -->
    </step><!-- duration: 343ms -->
    <step title="LockFile &apos;C:\home\site\locks\deployments.lock&apos; released" date="2025-08-01T09:43:12.585" /><!-- duration: 18ms -->
    <step title="Deleting shutdown sentinel file" date="2025-08-01T09:43:12.728" SemaphoreCount="8" /><!-- duration: 16ms -->
    <step title="Starting FetchDeploy" date="2025-08-01T09:43:12.776" /><!-- duration: 31ms -->
    <step title="Attempting to fetch target branch HEAD" date="2025-08-01T09:43:12.838" /><!-- duration: 16ms -->
    <step title="Updating shutdown sentinel last write time" date="2025-08-01T09:43:12.901" SemaphoreCount="7" /><!-- duration: 16ms -->
    <step title="LockFile &apos;C:\home\site\locks\deployments.lock&apos; acquired" date="2025-08-01T09:43:12.948" /><!-- duration: 16ms -->
    <step title="Performing fetch based deployment" date="2025-08-01T09:43:12.994" >
      <step title="Creating temporary deployment" date="2025-08-01T09:43:13.010" /><!-- duration: 188ms -->
      <step title="Fetching changes." date="2025-08-01T09:43:13.479" /><!-- duration: 31ms -->
      <step title="Starting LocalZipHandler" date="2025-08-01T09:43:13.557" /><!-- duration: 31ms -->
      <step title="Starting ExtractTriggers" date="2025-08-01T09:43:13.619" /><!-- duration: 16ms -->
      <step title="None repository commit" date="2025-08-01T09:43:13.791" >
        <step title="Commit id: 1655e68e0727431ab20f9e31e828e010" date="2025-08-01T09:43:13.823" Message="Created via a push deployment" AuthorName="N/A" AuthorEmail="N/A" /><!-- duration: 16ms -->
      </step><!-- duration: 78ms -->
      <step title="Before sending BuildRequestReceived status to /api/updatedeploystatus" date="2025-08-01T09:43:13.901" /><!-- duration: 16ms -->
      <step title="DeploymentManager.Deploy(id:1655e68e0727431ab20f9e31e828e010)" date="2025-08-01T09:43:13.948" >
        <step title="Collecting changeset information" date="2025-08-01T09:43:14.010" /><!-- duration: 219ms -->
        <step title="Updating submodules" date="2025-08-01T09:43:14.244" >
          <step title="Updating submodules." date="2025-08-01T09:43:14.573" /><!-- duration: 16ms -->
        </step><!-- duration: 406ms -->
        <step title="Preparing deployment for commit id &apos;1655e68e07&apos;." date="2025-08-01T09:43:14.885" /><!-- duration: 31ms -->
        <step title="Determining deployment builder" date="2025-08-01T09:43:15.151" >
          <step title="Builder is RunFromZipSiteBuilder" date="2025-08-01T09:43:15.182" /><!-- duration: 31ms -->
        </step><!-- duration: 78ms -->
        <step title="Copying SSH keys" date="2025-08-01T09:43:15.354" /><!-- duration: 47ms -->
        <step title="Building" date="2025-08-01T09:43:15.432" >
          <step title="Skipping build. Project type: Run-From-Zip" date="2025-08-01T09:43:15.682" /><!-- duration: 31ms -->
          <step title="Skipping post build. Project type: Run-From-Zip" date="2025-08-01T09:43:16.011" /><!-- duration: 31ms -->
          <step title="Triggering recycle (preview mode disabled)." date="2025-08-01T09:43:16.323" /><!-- duration: 31ms -->
          <step title="Ignoring FS watcher based recycle request as this is a classic Windows app." date="2025-08-01T09:43:16.401" /><!-- duration: 16ms -->
          <step title="Deployment successful. DEPLOYMENTINFO: deploymentPath = Functions App ZipDeploy. Run from package., deployer = ZipDeploy, os = windows, sku = Dynamic, language = node, siteName = aitm-func-1753463791, slotName = Production, siteHostName = aitm-func-1753463791.azurewebsites.net, deploymentStatus = Success" date="2025-08-01T09:43:16.651" /><!-- duration: 16ms -->
          <step title="Purge deployment items" date="2025-08-01T09:43:17.610" >
            <step title="Remove 288c1e2bf, Success, received at 8/1/2025 8:22:03 AM" date="2025-08-01T09:43:17.939" /><!-- duration: 16ms -->
          </step><!-- duration: 375ms -->
        </step><!-- duration: 2711ms -->
      </step><!-- duration: 4321ms -->
      <step title="Cleaning up temp files" date="2025-08-01T09:43:18.300" /><!-- duration: 31ms -->
      <step title="Updating C:\home\data\SitePackages\packagename.txt with deployment 20250801094311.zip" date="2025-08-01T09:43:18.363" /><!-- duration: 78ms -->
      <step title="Begin HttpPost https://aitm-func-1753463791.scm.azurewebsites.net/operations/settriggers, x-ms-request-id: d472c0ad-b3e6-443e-9181-7a9893c23b51" date="2025-08-01T09:43:18.488" /><!-- duration: 31ms -->
      <step title="End HttpPost, status: OK" date="2025-08-01T09:43:18.675" /><!-- duration: 31ms -->
      <step title="Scheduling background sync triggers after delay" date="2025-08-01T09:43:18.738" /><!-- duration: 31ms -->
    </step><!-- duration: 6025ms -->
    <step title="LockFile &apos;C:\home\site\locks\deployments.lock&apos; released" date="2025-08-01T09:43:19.052" /><!-- duration: 31ms -->
  </step><!-- duration: 7359ms -->
  <step title="Outgoing response" date="2025-08-01T09:43:19.161" type="response" statusCode="200" statusText="OK" Server="Microsoft-IIS/10.0" x-ms-request-id="d472c0ad-b3e6-443e-9181-7a9893c23b51" Cache-Control="private" X-AspNet-Version="4.0.30319" /><!-- duration: 31ms -->
</step><!-- duration: 7499ms -->
