<step title="Incoming Request" date="2025-08-01T10:43:49.397" instance="05e116" url="/api/zipdeploy" method="POST" type="request" pid="6260,2,18" Content-Length="5116329" Content-Type="application/zip" Authorization="Bea..." Host="aitm-func-1753463791.scm.azurewebsites.net" If-Match="*" User-Agent="functions-core-tools/4.1.0" X-ARR-LOG-ID="dc04b30e-0aa2-4d27-b424-3f4b660e6c4f" CLIENT-IP="3.219.18.69:8279" X-SITE-DEPLOYMENT-ID="aitm-func-1753463791" WAS-DEFAULT-HOSTNAME="aitm-func-1753463791.scm.azurewebsites.net" X-Forwarded-Proto="https" X-AppService-Proto="https" X-Forwarded-TlsVersion="1.3" X-WAWS-Unencoded-URL="/api/zipdeploy" >
  <step title="ZipPushDeploy" date="2025-08-01T10:43:49.459" >
    <step title="Functions App ZipDeploy. Run from package." date="2025-08-01T10:43:49.490" /><!-- duration: 31ms -->
    <step title="Starting PushDeployAsync" date="2025-08-01T10:43:49.553" /><!-- duration: 31ms -->
    <step title="Updating shutdown sentinel last write time" date="2025-08-01T10:43:49.631" SemaphoreCount="6" /><!-- duration: 16ms -->
    <step title="LockFile &apos;C:\home\site\locks\deployments.lock&apos; acquired" date="2025-08-01T10:43:49.678" /><!-- duration: 31ms -->
    <step title="Deleting outdated zip file C:\home\data\SitePackages\20250801103717.zip" date="2025-08-01T10:43:49.756" /><!-- duration: 47ms -->
    <step title="Saving request content to C:\home\data\SitePackages\20250801104349.zip" date="2025-08-01T10:43:49.818" >
      <step title="Total 5,116,329 bytes written to C:\home\data\SitePackages\20250801104349.zip" date="2025-08-01T10:43:49.943" /><!-- duration: 31ms -->
    </step><!-- duration: 549ms -->
    <step title="LockFile &apos;C:\home\site\locks\deployments.lock&apos; released" date="2025-08-01T10:43:50.399" /><!-- duration: 31ms -->
    <step title="Starting FetchDeploy" date="2025-08-01T10:43:50.477" /><!-- duration: 31ms -->
    <step title="Attempting to fetch target branch HEAD" date="2025-08-01T10:43:50.524" /><!-- duration: 31ms -->
    <step title="Updating shutdown sentinel last write time" date="2025-08-01T10:43:50.602" SemaphoreCount="6" /><!-- duration: 31ms -->
    <step title="LockFile &apos;C:\home\site\locks\deployments.lock&apos; acquired" date="2025-08-01T10:43:50.664" /><!-- duration: 16ms -->
    <step title="Performing fetch based deployment" date="2025-08-01T10:43:50.711" >
      <step title="Creating temporary deployment" date="2025-08-01T10:43:50.743" /><!-- duration: 281ms -->
      <step title="Fetching changes." date="2025-08-01T10:43:51.305" /><!-- duration: 16ms -->
      <step title="Starting LocalZipHandler" date="2025-08-01T10:43:51.368" /><!-- duration: 31ms -->
      <step title="Starting ExtractTriggers" date="2025-08-01T10:43:51.430" /><!-- duration: 31ms -->
      <step title="None repository commit" date="2025-08-01T10:43:51.649" >
        <step title="Commit id: b1f5b858fe0944b48a13e436d2eb8d88" date="2025-08-01T10:43:51.665" Message="Created via a push deployment" AuthorName="N/A" AuthorEmail="N/A" /><!-- duration: 31ms -->
      </step><!-- duration: 78ms -->
      <step title="Before sending BuildRequestReceived status to /api/updatedeploystatus" date="2025-08-01T10:43:51.758" /><!-- duration: 31ms -->
      <step title="DeploymentManager.Deploy(id:b1f5b858fe0944b48a13e436d2eb8d88)" date="2025-08-01T10:43:51.805" >
        <step title="Collecting changeset information" date="2025-08-01T10:43:51.868" /><!-- duration: 254ms -->
        <step title="Updating submodules" date="2025-08-01T10:43:52.153" >
          <step title="Updating submodules." date="2025-08-01T10:43:52.593" /><!-- duration: 31ms -->
        </step><!-- duration: 549ms -->
        <step title="Preparing deployment for commit id &apos;b1f5b858fe&apos;." date="2025-08-01T10:43:53.077" /><!-- duration: 16ms -->
        <step title="Determining deployment builder" date="2025-08-01T10:43:53.327" >
          <step title="Builder is RunFromZipSiteBuilder" date="2025-08-01T10:43:53.358" /><!-- duration: 31ms -->
        </step><!-- duration: 94ms -->
        <step title="Copying SSH keys" date="2025-08-01T10:43:53.514" /><!-- duration: 47ms -->
        <step title="Building" date="2025-08-01T10:43:53.593" >
          <step title="Skipping build. Project type: Run-From-Zip" date="2025-08-01T10:43:53.892" /><!-- duration: 31ms -->
          <step title="Skipping post build. Project type: Run-From-Zip" date="2025-08-01T10:43:54.252" /><!-- duration: 31ms -->
          <step title="Triggering recycle (preview mode disabled)." date="2025-08-01T10:43:54.690" /><!-- duration: 16ms -->
          <step title="Ignoring FS watcher based recycle request as this is a classic Windows app." date="2025-08-01T10:43:54.768" /><!-- duration: 31ms -->
          <step title="Deployment successful. DEPLOYMENTINFO: deploymentPath = Functions App ZipDeploy. Run from package., deployer = ZipDeploy, os = windows, sku = Dynamic, language = node, siteName = aitm-func-1753463791, slotName = Production, siteHostName = aitm-func-1753463791.azurewebsites.net, deploymentStatus = Success" date="2025-08-01T10:43:55.226" /><!-- duration: 32ms -->
          <step title="Purge deployment items" date="2025-08-01T10:43:56.128" >
            <step title="Remove d7bf5ebc1, Success, received at 8/1/2025 9:48:31 AM" date="2025-08-01T10:43:56.458" /><!-- duration: 31ms -->
          </step><!-- duration: 392ms -->
        </step><!-- duration: 3037ms -->
      </step><!-- duration: 4855ms -->
      <step title="Cleaning up temp files" date="2025-08-01T10:43:56.676" /><!-- duration: 31ms -->
      <step title="Updating C:\home\data\SitePackages\packagename.txt with deployment 20250801104349.zip" date="2025-08-01T10:43:56.833" /><!-- duration: 62ms -->
      <step title="Begin HttpPost https://aitm-func-1753463791.scm.azurewebsites.net/operations/settriggers, x-ms-request-id: dc04b30e-0aa2-4d27-b424-3f4b660e6c4f" date="2025-08-01T10:43:56.926" /><!-- duration: 31ms -->
      <step title="End HttpPost, status: OK" date="2025-08-01T10:43:57.052" /><!-- duration: 31ms -->
      <step title="Scheduling background sync triggers after delay" date="2025-08-01T10:43:57.177" /><!-- duration: 31ms -->
    </step><!-- duration: 6747ms -->
    <step title="LockFile &apos;C:\home\site\locks\deployments.lock&apos; released" date="2025-08-01T10:43:57.552" /><!-- duration: 16ms -->
  </step><!-- duration: 8202ms -->
  <step title="Outgoing response" date="2025-08-01T10:43:57.692" type="response" statusCode="200" statusText="OK" Server="Microsoft-IIS/10.0" x-ms-request-id="dc04b30e-0aa2-4d27-b424-3f4b660e6c4f" Cache-Control="private" X-AspNet-Version="4.0.30319" /><!-- duration: 16ms -->
</step><!-- duration: 8342ms -->
