<step title="Incoming Request" date="2025-08-01T10:47:33.899" instance="05e116" url="/api/zipdeploy" method="POST" type="request" pid="4268,2,9" Content-Length="5297640" Content-Type="application/zip" Authorization="Bea..." Host="aitm-func-1753463791.scm.azurewebsites.net" If-Match="*" User-Agent="functions-core-tools/4.1.0" X-ARR-LOG-ID="d0438e82-c743-4c89-8fd9-eb4888284673" CLIENT-IP="184.72.222.69:2705" X-SITE-DEPLOYMENT-ID="aitm-func-1753463791" WAS-DEFAULT-HOSTNAME="aitm-func-1753463791.scm.azurewebsites.net" X-Forwarded-Proto="https" X-AppService-Proto="https" X-Forwarded-TlsVersion="1.3" X-WAWS-Unencoded-URL="/api/zipdeploy" >
  <step title="ZipPushDeploy" date="2025-08-01T10:47:33.961" >
    <step title="Functions App ZipDeploy. Run from package." date="2025-08-01T10:47:34.024" /><!-- duration: 16ms -->
    <step title="Starting PushDeployAsync" date="2025-08-01T10:47:34.070" /><!-- duration: 31ms -->
    <step title="Updating shutdown sentinel last write time" date="2025-08-01T10:47:34.149" SemaphoreCount="7" /><!-- duration: 31ms -->
    <step title="LockFile &apos;C:\home\site\locks\deployments.lock&apos; acquired" date="2025-08-01T10:47:34.227" /><!-- duration: 31ms -->
    <step title="Deleting outdated zip file C:\home\data\SitePackages\20250801104155.zip" date="2025-08-01T10:47:34.289" /><!-- duration: 47ms -->
    <step title="Saving request content to C:\home\data\SitePackages\20250801104734.zip" date="2025-08-01T10:47:34.368" >
      <step title="Total 5,297,640 bytes written to C:\home\data\SitePackages\20250801104734.zip" date="2025-08-01T10:47:34.509" /><!-- duration: 17ms -->
    </step><!-- duration: 413ms -->
    <step title="LockFile &apos;C:\home\site\locks\deployments.lock&apos; released" date="2025-08-01T10:47:34.828" /><!-- duration: 31ms -->
    <step title="Deleting shutdown sentinel file" date="2025-08-01T10:47:34.906" SemaphoreCount="8" /><!-- duration: 16ms -->
    <step title="Starting FetchDeploy" date="2025-08-01T10:47:34.953" /><!-- duration: 31ms -->
    <step title="Attempting to fetch target branch HEAD" date="2025-08-01T10:47:35.016" /><!-- duration: 31ms -->
    <step title="Updating shutdown sentinel last write time" date="2025-08-01T10:47:35.109" SemaphoreCount="7" /><!-- duration: 16ms -->
    <step title="LockFile &apos;C:\home\site\locks\deployments.lock&apos; acquired" date="2025-08-01T10:47:35.156" /><!-- duration: 31ms -->
    <step title="Performing fetch based deployment" date="2025-08-01T10:47:35.203" >
      <step title="Creating temporary deployment" date="2025-08-01T10:47:35.234" /><!-- duration: 172ms -->
      <step title="Fetching changes." date="2025-08-01T10:47:35.625" /><!-- duration: 31ms -->
      <step title="Starting LocalZipHandler" date="2025-08-01T10:47:35.703" /><!-- duration: 16ms -->
      <step title="Starting ExtractTriggers" date="2025-08-01T10:47:35.750" /><!-- duration: 31ms -->
      <step title="None repository commit" date="2025-08-01T10:47:36.047" >
        <step title="Commit id: 4aaf522957e447c6a4c1c96d825e8154" date="2025-08-01T10:47:36.078" Message="Created via a push deployment" AuthorName="N/A" AuthorEmail="N/A" /><!-- duration: 16ms -->
      </step><!-- duration: 78ms -->
      <step title="Before sending BuildRequestReceived status to /api/updatedeploystatus" date="2025-08-01T10:47:36.141" /><!-- duration: 31ms -->
      <step title="DeploymentManager.Deploy(id:4aaf522957e447c6a4c1c96d825e8154)" date="2025-08-01T10:47:36.203" >
        <step title="Collecting changeset information" date="2025-08-01T10:47:36.250" /><!-- duration: 189ms -->
        <step title="Updating submodules" date="2025-08-01T10:47:36.454" >
          <step title="Updating submodules." date="2025-08-01T10:47:36.689" /><!-- duration: 31ms -->
        </step><!-- duration: 313ms -->
        <step title="Preparing deployment for commit id &apos;4aaf522957&apos;." date="2025-08-01T10:47:36.988" /><!-- duration: 31ms -->
        <step title="Determining deployment builder" date="2025-08-01T10:47:37.270" >
          <step title="Builder is RunFromZipSiteBuilder" date="2025-08-01T10:47:37.285" /><!-- duration: 31ms -->
        </step><!-- duration: 63ms -->
        <step title="Copying SSH keys" date="2025-08-01T10:47:37.442" /><!-- duration: 31ms -->
        <step title="Building" date="2025-08-01T10:47:37.504" >
          <step title="Skipping build. Project type: Run-From-Zip" date="2025-08-01T10:47:37.724" /><!-- duration: 31ms -->
          <step title="Skipping post build. Project type: Run-From-Zip" date="2025-08-01T10:47:37.989" /><!-- duration: 31ms -->
          <step title="Triggering recycle (preview mode disabled)." date="2025-08-01T10:47:38.286" /><!-- duration: 31ms -->
          <step title="Ignoring FS watcher based recycle request as this is a classic Windows app." date="2025-08-01T10:47:38.364" /><!-- duration: 16ms -->
          <step title="Deployment successful. DEPLOYMENTINFO: deploymentPath = Functions App ZipDeploy. Run from package., deployer = ZipDeploy, os = windows, sku = Dynamic, language = node, siteName = aitm-func-1753463791, slotName = Production, siteHostName = aitm-func-1753463791.azurewebsites.net, deploymentStatus = Success" date="2025-08-01T10:47:38.614" /><!-- duration: 16ms -->
          <step title="Purge deployment items" date="2025-08-01T10:47:39.364" >
            <step title="Remove b79c4c1fb, Success, received at 8/1/2025 9:57:00 AM" date="2025-08-01T10:47:39.695" /><!-- duration: 31ms -->
          </step><!-- duration: 393ms -->
        </step><!-- duration: 2363ms -->
      </step><!-- duration: 3696ms -->
      <step title="Cleaning up temp files" date="2025-08-01T10:47:39.930" /><!-- duration: 16ms -->
      <step title="Updating C:\home\data\SitePackages\packagename.txt with deployment 20250801104734.zip" date="2025-08-01T10:47:39.977" /><!-- duration: 78ms -->
      <step title="Begin HttpPost https://aitm-func-1753463791.scm.azurewebsites.net/operations/settriggers, x-ms-request-id: d0438e82-c743-4c89-8fd9-eb4888284673" date="2025-08-01T10:47:40.102" /><!-- duration: 31ms -->
      <step title="End HttpPost, status: OK" date="2025-08-01T10:47:40.290" /><!-- duration: 31ms -->
      <step title="Scheduling background sync triggers after delay" date="2025-08-01T10:47:40.352" /><!-- duration: 16ms -->
    </step><!-- duration: 5493ms -->
    <step title="LockFile &apos;C:\home\site\locks\deployments.lock&apos; released" date="2025-08-01T10:47:40.727" /><!-- duration: 31ms -->
  </step><!-- duration: 6844ms -->
  <step title="Outgoing response" date="2025-08-01T10:47:40.836" type="response" statusCode="200" statusText="OK" Server="Microsoft-IIS/10.0" x-ms-request-id="d0438e82-c743-4c89-8fd9-eb4888284673" Cache-Control="private" X-AspNet-Version="4.0.30319" /><!-- duration: 31ms -->
</step><!-- duration: 6985ms -->
