﻿<?xml version="1.0" encoding="utf-8"?>
<deployment>
  <id>1861e3048a504f3a95c0a088ad1d70e2</id>
  <author>N/A</author>
  <deployer>ZipDeploy</deployer>
  <authorEmail>N/A</authorEmail>
  <message>Created via a push deployment</message>
  <progress></progress>
  <status>Success</status>
  <statusText></statusText>
  <lastSuccessEndTime>2025-08-01T19:01:39.8793334Z</lastSuccessEndTime>
  <receivedTime>2025-08-01T19:01:37.7699413Z</receivedTime>
  <startTime>2025-08-01T19:01:38.4730754Z</startTime>
  <endTime>2025-08-01T19:01:39.8793334Z</endTime>
  <complete>True</complete>
  <is_temp>False</is_temp>
  <is_readonly>True</is_readonly>
  <project_type>Run-From-Zip</project_type>
  <vsproject_id></vsproject_id>
</deployment>