{
  "IsEncrypted": false,
  "Values": {
    "FUNCTIONS_WORKER_RUNTIME": "node",
    "AzureWebJobsStorage": "DefaultEndpointsProtocol=https;EndpointSuffix=core.windows.net;AccountName=aitmstorage1753463795;AccountKey=cRAyMiB5WKrrDFruNVdp5dJ9sDTw8J223y+//rPRh9NGOhSr2ZaSvyeUpb7UJB1Cj3jgoX2HCnOD+AStgthbqw==",
    "AZURE_CLIENT_ID": "56a6494b-90c8-4056-9c3e-ee5a7f209195",
    "AZURE_CLIENT_SECRET": "tt_8Q~maNT8n4PVRPdSrmDzj3_ph4pvcfklTJbVE",
    "AZURE_TENANT_ID": "f544b97b-dab1-4bae-8114-c7dd29990284",
    "TEAMS_WEBHOOK_URI": "",
    "FUNCTIONS_EXTENSION_VERSION": "~4"
  },
  "Host": {
    "CORS": "*",
    "CORSCredentials": true
  }
}
