﻿<?xml version="1.0" encoding="utf-8"?>
<deployment>
  <id>0cf2584301e3445d82ef1aaf2555db35</id>
  <author>N/A</author>
  <deployer>ZipDeploy</deployer>
  <authorEmail>N/A</authorEmail>
  <message>Created via a push deployment</message>
  <progress></progress>
  <status>Success</status>
  <statusText></statusText>
  <lastSuccessEndTime>2025-08-01T20:46:41.7604618Z</lastSuccessEndTime>
  <receivedTime>2025-08-01T20:46:39.6822254Z</receivedTime>
  <startTime>2025-08-01T20:46:40.3541392Z</startTime>
  <endTime>2025-08-01T20:46:41.7604618Z</endTime>
  <complete>True</complete>
  <is_temp>False</is_temp>
  <is_readonly>True</is_readonly>
  <project_type>Run-From-Zip</project_type>
  <vsproject_id></vsproject_id>
</deployment>