﻿<?xml version="1.0" encoding="utf-8"?>
<deployment>
  <id>72a0b7414e1f4ba4bc5ea07b051cda03</id>
  <author>N/A</author>
  <deployer>OneDeploy</deployer>
  <authorEmail>N/A</authorEmail>
  <message>OneDeploy</message>
  <progress></progress>
  <status>Success</status>
  <statusText></statusText>
  <lastSuccessEndTime>2025-08-01T06:43:46.7857677Z</lastSuccessEndTime>
  <receivedTime>2025-08-01T06:43:43.1919888Z</receivedTime>
  <startTime>2025-08-01T06:43:44.0694549Z</startTime>
  <endTime>2025-08-01T06:43:46.7857677Z</endTime>
  <complete>True</complete>
  <is_temp>False</is_temp>
  <is_readonly>True</is_readonly>
  <project_type>Run-From-Zip</project_type>
  <vsproject_id></vsproject_id>
</deployment>