﻿<?xml version="1.0" encoding="utf-8"?>
<deployment>
  <id>288c1e2bf9f04031a8fcb203997a83c7</id>
  <author>N/A</author>
  <deployer>OneDeploy</deployer>
  <authorEmail>N/A</authorEmail>
  <message>OneDeploy</message>
  <progress></progress>
  <status>Success</status>
  <statusText></statusText>
  <lastSuccessEndTime>2025-08-01T08:22:08.8645052Z</lastSuccessEndTime>
  <receivedTime>2025-08-01T08:22:03.9558313Z</receivedTime>
  <startTime>2025-08-01T08:22:05.2058404Z</startTime>
  <endTime>2025-08-01T08:22:08.8645052Z</endTime>
  <complete>True</complete>
  <is_temp>False</is_temp>
  <is_readonly>True</is_readonly>
  <project_type>Run-From-Zip</project_type>
  <vsproject_id></vsproject_id>
</deployment>