﻿<?xml version="1.0" encoding="utf-8"?>
<deployment>
  <id>357950570ecc4209b358b7ba2dd70a73</id>
  <author>N/A</author>
  <deployer>ZipDeploy</deployer>
  <authorEmail>N/A</authorEmail>
  <message>Created via a push deployment</message>
  <progress></progress>
  <status>Success</status>
  <statusText></statusText>
  <lastSuccessEndTime>2025-08-01T18:59:04.9196945Z</lastSuccessEndTime>
  <receivedTime>2025-08-01T18:59:02.9509375Z</receivedTime>
  <startTime>2025-08-01T18:59:03.6228235Z</startTime>
  <endTime>2025-08-01T18:59:04.9196945Z</endTime>
  <complete>True</complete>
  <is_temp>False</is_temp>
  <is_readonly>True</is_readonly>
  <project_type>Run-From-Zip</project_type>
  <vsproject_id></vsproject_id>
</deployment>