<step title="Incoming Request" date="2025-08-01T09:56:57.557" instance="05e116" url="/api/zipdeploy" method="POST" type="request" pid="5696,2,9" Content-Length="4397887" Content-Type="application/zip" Authorization="Bea..." Host="aitm-func-1753463791.scm.azurewebsites.net" If-Match="*" User-Agent="functions-core-tools/4.1.0" X-ARR-LOG-ID="ba5831c0-dd0f-4c44-8ec7-89e742f5cd00" CLIENT-IP="3.219.18.69:34414" X-SITE-DEPLOYMENT-ID="aitm-func-1753463791" WAS-DEFAULT-HOSTNAME="aitm-func-1753463791.scm.azurewebsites.net" X-Forwarded-Proto="https" X-AppService-Proto="https" X-Forwarded-TlsVersion="1.3" X-WAWS-Unencoded-URL="/api/zipdeploy" >
  <step title="ZipPushDeploy" date="2025-08-01T09:56:57.620" >
    <step title="Functions App ZipDeploy. Run from package." date="2025-08-01T09:56:57.666" /><!-- duration: 31ms -->
    <step title="Starting PushDeployAsync" date="2025-08-01T09:56:57.729" /><!-- duration: 16ms -->
    <step title="Updating shutdown sentinel last write time" date="2025-08-01T09:56:57.807" SemaphoreCount="7" /><!-- duration: 33ms -->
    <step title="LockFile &apos;C:\home\site\locks\deployments.lock&apos; acquired" date="2025-08-01T09:56:57.854" /><!-- duration: 31ms -->
    <step title="Deleting outdated zip file C:\home\data\SitePackages\20250801093311.zip" date="2025-08-01T09:56:57.916" /><!-- duration: 47ms -->
    <step title="Saving request content to C:\home\data\SitePackages\20250801095657.zip" date="2025-08-01T09:56:57.995" >
      <step title="Total 4,397,887 bytes written to C:\home\data\SitePackages\20250801095657.zip" date="2025-08-01T09:56:58.151" /><!-- duration: 16ms -->
    </step><!-- duration: 469ms -->
    <step title="LockFile &apos;C:\home\site\locks\deployments.lock&apos; released" date="2025-08-01T09:56:58.495" /><!-- duration: 31ms -->
    <step title="Deleting shutdown sentinel file" date="2025-08-01T09:56:58.573" SemaphoreCount="8" /><!-- duration: 31ms -->
    <step title="Starting FetchDeploy" date="2025-08-01T09:56:58.620" /><!-- duration: 31ms -->
    <step title="Attempting to fetch target branch HEAD" date="2025-08-01T09:56:58.682" /><!-- duration: 31ms -->
    <step title="Updating shutdown sentinel last write time" date="2025-08-01T09:56:58.776" SemaphoreCount="7" /><!-- duration: 31ms -->
    <step title="LockFile &apos;C:\home\site\locks\deployments.lock&apos; acquired" date="2025-08-01T09:56:58.823" /><!-- duration: 32ms -->
    <step title="Performing fetch based deployment" date="2025-08-01T09:56:58.886" >
      <step title="Creating temporary deployment" date="2025-08-01T09:56:58.901" /><!-- duration: 173ms -->
      <step title="Fetching changes." date="2025-08-01T09:56:59.354" /><!-- duration: 31ms -->
      <step title="Starting LocalZipHandler" date="2025-08-01T09:56:59.511" /><!-- duration: 31ms -->
      <step title="Starting ExtractTriggers" date="2025-08-01T09:56:59.573" /><!-- duration: 31ms -->
      <step title="None repository commit" date="2025-08-01T09:56:59.761" >
        <step title="Commit id: b79c4c1fb3c149aab2f5d5297d99fbd6" date="2025-08-01T09:56:59.776" Message="Created via a push deployment" AuthorName="N/A" AuthorEmail="N/A" /><!-- duration: 31ms -->
      </step><!-- duration: 78ms -->
      <step title="Before sending BuildRequestReceived status to /api/updatedeploystatus" date="2025-08-01T09:56:59.854" /><!-- duration: 31ms -->
      <step title="DeploymentManager.Deploy(id:b79c4c1fb3c149aab2f5d5297d99fbd6)" date="2025-08-01T09:56:59.917" >
        <step title="Collecting changeset information" date="2025-08-01T09:56:59.979" /><!-- duration: 234ms -->
        <step title="Updating submodules" date="2025-08-01T09:57:00.231" >
          <step title="Updating submodules." date="2025-08-01T09:57:00.542" /><!-- duration: 31ms -->
        </step><!-- duration: 436ms -->
        <step title="Preparing deployment for commit id &apos;b79c4c1fb3&apos;." date="2025-08-01T09:57:00.966" /><!-- duration: 16ms -->
        <step title="Determining deployment builder" date="2025-08-01T09:57:01.278" >
          <step title="Builder is RunFromZipSiteBuilder" date="2025-08-01T09:57:01.309" /><!-- duration: 31ms -->
        </step><!-- duration: 94ms -->
        <step title="Copying SSH keys" date="2025-08-01T09:57:01.484" /><!-- duration: 63ms -->
        <step title="Building" date="2025-08-01T09:57:01.578" >
          <step title="Skipping build. Project type: Run-From-Zip" date="2025-08-01T09:57:01.844" /><!-- duration: 31ms -->
          <step title="Skipping post build. Project type: Run-From-Zip" date="2025-08-01T09:57:02.203" /><!-- duration: 16ms -->
          <step title="Triggering recycle (preview mode disabled)." date="2025-08-01T09:57:02.516" /><!-- duration: 47ms -->
          <step title="Ignoring FS watcher based recycle request as this is a classic Windows app." date="2025-08-01T09:57:02.609" /><!-- duration: 31ms -->
          <step title="Deployment successful. DEPLOYMENTINFO: deploymentPath = Functions App ZipDeploy. Run from package., deployer = ZipDeploy, os = windows, sku = Dynamic, language = node, siteName = aitm-func-1753463791, slotName = Production, siteHostName = aitm-func-1753463791.azurewebsites.net, deploymentStatus = Success" date="2025-08-01T09:57:02.907" /><!-- duration: 31ms -->
          <step title="Purge deployment items" date="2025-08-01T09:57:03.845" >
            <step title="Remove c9dc3d474, Success, received at 8/1/2025 8:35:26 AM" date="2025-08-01T09:57:04.220" /><!-- duration: 31ms -->
          </step><!-- duration: 437ms -->
        </step><!-- duration: 2814ms -->
      </step><!-- duration: 4506ms -->
      <step title="Cleaning up temp files" date="2025-08-01T09:57:04.454" /><!-- duration: 31ms -->
      <step title="Updating C:\home\data\SitePackages\packagename.txt with deployment 20250801095657.zip" date="2025-08-01T09:57:04.564" /><!-- duration: 94ms -->
      <step title="Begin HttpPost https://aitm-func-1753463791.scm.azurewebsites.net/operations/settriggers, x-ms-request-id: ba5831c0-dd0f-4c44-8ec7-89e742f5cd00" date="2025-08-01T09:57:04.706" /><!-- duration: 31ms -->
      <step title="End HttpPost, status: OK" date="2025-08-01T09:57:04.924" /><!-- duration: 31ms -->
      <step title="Scheduling background sync triggers after delay" date="2025-08-01T09:57:04.971" /><!-- duration: 31ms -->
    </step><!-- duration: 6383ms -->
    <step title="LockFile &apos;C:\home\site\locks\deployments.lock&apos; released" date="2025-08-01T09:57:05.315" /><!-- duration: 31ms -->
  </step><!-- duration: 7774ms -->
  <step title="Outgoing response" date="2025-08-01T09:57:05.424" type="response" statusCode="200" statusText="OK" Server="Microsoft-IIS/10.0" x-ms-request-id="ba5831c0-dd0f-4c44-8ec7-89e742f5cd00" Cache-Control="private" X-AspNet-Version="4.0.30319" /><!-- duration: 16ms -->
</step><!-- duration: 7914ms -->
