<step title="Incoming Request" date="2025-08-01T08:35:24.401" instance="58cc8d" url="/api/zipdeploy" method="POST" type="request" pid="7372,2,7" Content-Length="3782642" Content-Type="application/zip" Authorization="Bea..." Host="aitm-func-1753463791.scm.azurewebsites.net" If-Match="*" User-Agent="functions-core-tools/4.1.0" X-ARR-LOG-ID="66a05474-7c1c-497e-96f4-a96e01305c97" CLIENT-IP="18.215.86.88:3929" X-SITE-DEPLOYMENT-ID="aitm-func-1753463791" WAS-DEFAULT-HOSTNAME="aitm-func-1753463791.scm.azurewebsites.net" X-Forwarded-Proto="https" X-AppService-Proto="https" X-Forwarded-TlsVersion="1.3" X-WAWS-Unencoded-URL="/api/zipdeploy" >
  <step title="ZipPushDeploy" date="2025-08-01T08:35:24.479" >
    <step title="Functions App ZipDeploy. Run from package." date="2025-08-01T08:35:24.511" /><!-- duration: 31ms -->
    <step title="Starting PushDeployAsync" date="2025-08-01T08:35:24.573" /><!-- duration: 31ms -->
    <step title="Updating shutdown sentinel last write time" date="2025-08-01T08:35:24.683" SemaphoreCount="7" /><!-- duration: 31ms -->
    <step title="LockFile &apos;C:\home\site\locks\deployments.lock&apos; acquired" date="2025-08-01T08:35:24.729" /><!-- duration: 31ms -->
    <step title="Deleting outdated zip file C:\home\data\SitePackages\20250801082035.zip" date="2025-08-01T08:35:24.807" /><!-- duration: 47ms -->
    <step title="Saving request content to C:\home\data\SitePackages\20250801083524.zip" date="2025-08-01T08:35:24.870" >
      <step title="Total 3,782,642 bytes written to C:\home\data\SitePackages\20250801083524.zip" date="2025-08-01T08:35:24.995" /><!-- duration: 16ms -->
    </step><!-- duration: 406ms -->
    <step title="LockFile &apos;C:\home\site\locks\deployments.lock&apos; released" date="2025-08-01T08:35:25.307" /><!-- duration: 31ms -->
    <step title="Deleting shutdown sentinel file" date="2025-08-01T08:35:25.386" SemaphoreCount="8" /><!-- duration: 16ms -->
    <step title="Starting FetchDeploy" date="2025-08-01T08:35:25.432" /><!-- duration: 32ms -->
    <step title="Attempting to fetch target branch HEAD" date="2025-08-01T08:35:25.480" /><!-- duration: 31ms -->
    <step title="Updating shutdown sentinel last write time" date="2025-08-01T08:35:25.558" SemaphoreCount="7" /><!-- duration: 16ms -->
    <step title="LockFile &apos;C:\home\site\locks\deployments.lock&apos; acquired" date="2025-08-01T08:35:25.589" /><!-- duration: 16ms -->
    <step title="Performing fetch based deployment" date="2025-08-01T08:35:25.636" >
      <step title="Creating temporary deployment" date="2025-08-01T08:35:25.667" /><!-- duration: 156ms -->
      <step title="Fetching changes." date="2025-08-01T08:35:26.058" /><!-- duration: 31ms -->
      <step title="Starting LocalZipHandler" date="2025-08-01T08:35:26.136" /><!-- duration: 31ms -->
      <step title="Starting ExtractTriggers" date="2025-08-01T08:35:26.198" /><!-- duration: 16ms -->
      <step title="None repository commit" date="2025-08-01T08:35:26.339" >
        <step title="Commit id: c9dc3d47450c43fb98e36e7689f6aa98" date="2025-08-01T08:35:26.401" Message="Created via a push deployment" AuthorName="N/A" AuthorEmail="N/A" /><!-- duration: 31ms -->
      </step><!-- duration: 109ms -->
      <step title="Before sending BuildRequestReceived status to /api/updatedeploystatus" date="2025-08-01T08:35:26.464" /><!-- duration: 31ms -->
      <step title="DeploymentManager.Deploy(id:c9dc3d47450c43fb98e36e7689f6aa98)" date="2025-08-01T08:35:26.511" >
        <step title="Collecting changeset information" date="2025-08-01T08:35:26.558" /><!-- duration: 172ms -->
        <step title="Updating submodules" date="2025-08-01T08:35:26.761" >
          <step title="Updating submodules." date="2025-08-01T08:35:26.995" /><!-- duration: 16ms -->
        </step><!-- duration: 328ms -->
        <step title="Preparing deployment for commit id &apos;c9dc3d4745&apos;." date="2025-08-01T08:35:27.323" /><!-- duration: 31ms -->
        <step title="Determining deployment builder" date="2025-08-01T08:35:27.573" >
          <step title="Builder is RunFromZipSiteBuilder" date="2025-08-01T08:35:27.605" /><!-- duration: 16ms -->
        </step><!-- duration: 78ms -->
        <step title="Copying SSH keys" date="2025-08-01T08:35:27.730" /><!-- duration: 31ms -->
        <step title="Building" date="2025-08-01T08:35:27.792" >
          <step title="Skipping build. Project type: Run-From-Zip" date="2025-08-01T08:35:27.995" /><!-- duration: 31ms -->
          <step title="Skipping post build. Project type: Run-From-Zip" date="2025-08-01T08:35:28.464" /><!-- duration: 31ms -->
          <step title="Triggering recycle (preview mode disabled)." date="2025-08-01T08:35:28.714" /><!-- duration: 31ms -->
          <step title="Ignoring FS watcher based recycle request as this is a classic Windows app." date="2025-08-01T08:35:28.776" /><!-- duration: 31ms -->
          <step title="Deployment successful. DEPLOYMENTINFO: deploymentPath = Functions App ZipDeploy. Run from package., deployer = ZipDeploy, os = windows, sku = Dynamic, language = node, siteName = aitm-func-1753463791, slotName = Production, siteHostName = aitm-func-1753463791.azurewebsites.net, deploymentStatus = Success" date="2025-08-01T08:35:29.011" /><!-- duration: 16ms -->
          <step title="Purge deployment items" date="2025-08-01T08:35:29.745" >
            <step title="Remove 367dee349, Success, received at 8/1/2025 7:26:01 AM" date="2025-08-01T08:35:30.027" /><!-- duration: 47ms -->
          </step><!-- duration: 375ms -->
        </step><!-- duration: 2453ms -->
      </step><!-- duration: 3766ms -->
      <step title="Cleaning up temp files" date="2025-08-01T08:35:30.308" /><!-- duration: 31ms -->
      <step title="Updating C:\home\data\SitePackages\packagename.txt with deployment 20250801083524.zip" date="2025-08-01T08:35:30.355" /><!-- duration: 62ms -->
      <step title="Begin HttpPost https://aitm-func-1753463791.scm.azurewebsites.net/operations/settriggers, x-ms-request-id: 66a05474-7c1c-497e-96f4-a96e01305c97" date="2025-08-01T08:35:30.495" /><!-- duration: 31ms -->
      <step title="End HttpPost, status: OK" date="2025-08-01T08:35:30.698" /><!-- duration: 16ms -->
      <step title="Scheduling background sync triggers after delay" date="2025-08-01T08:35:30.745" /><!-- duration: 16ms -->
    </step><!-- duration: 5375ms -->
    <step title="LockFile &apos;C:\home\site\locks\deployments.lock&apos; released" date="2025-08-01T08:35:31.089" /><!-- duration: 16ms -->
    <step title="Deleting shutdown sentinel file" date="2025-08-01T08:35:31.152" SemaphoreCount="8" /><!-- duration: 31ms -->
  </step><!-- duration: 6719ms -->
  <step title="Outgoing response" date="2025-08-01T08:35:31.370" type="response" statusCode="200" statusText="OK" Server="Microsoft-IIS/10.0" x-ms-request-id="66a05474-7c1c-497e-96f4-a96e01305c97" Cache-Control="private" X-AspNet-Version="4.0.30319" /><!-- duration: 31ms -->
</step><!-- duration: 7016ms -->
