<step title="Incoming Request" date="2025-08-01T10:03:09.610" instance="05e116" url="/api/zipdeploy" method="POST" type="request" pid="6840,2,9" Content-Length="4554929" Content-Type="application/zip" Authorization="Bea..." Host="aitm-func-1753463791.scm.azurewebsites.net" If-Match="*" User-Agent="functions-core-tools/4.1.0" X-ARR-LOG-ID="05a51f10-d7b9-42d5-8dae-8d9e0e6cbe37" CLIENT-IP="34.224.177.102:29639" X-SITE-DEPLOYMENT-ID="aitm-func-1753463791" WAS-DEFAULT-HOSTNAME="aitm-func-1753463791.scm.azurewebsites.net" X-Forwarded-Proto="https" X-AppService-Proto="https" X-Forwarded-TlsVersion="1.3" X-WAWS-Unencoded-URL="/api/zipdeploy" >
  <step title="ZipPushDeploy" date="2025-08-01T10:03:09.672" >
    <step title="Functions App ZipDeploy. Run from package." date="2025-08-01T10:03:09.735" /><!-- duration: 31ms -->
    <step title="Starting PushDeployAsync" date="2025-08-01T10:03:09.797" /><!-- duration: 62ms -->
    <step title="Updating shutdown sentinel last write time" date="2025-08-01T10:03:09.907" SemaphoreCount="7" /><!-- duration: 16ms -->
    <step title="LockFile &apos;C:\home\site\locks\deployments.lock&apos; acquired" date="2025-08-01T10:03:09.954" /><!-- duration: 16ms -->
    <step title="Deleting outdated zip file C:\home\data\SitePackages\20250801094311.zip" date="2025-08-01T10:03:10.016" /><!-- duration: 63ms -->
    <step title="Saving request content to C:\home\data\SitePackages\20250801100309.zip" date="2025-08-01T10:03:10.094" >
      <step title="Total 4,554,929 bytes written to C:\home\data\SitePackages\20250801100309.zip" date="2025-08-01T10:03:10.235" /><!-- duration: 31ms -->
    </step><!-- duration: 712ms -->
    <step title="LockFile &apos;C:\home\site\locks\deployments.lock&apos; released" date="2025-08-01T10:03:10.853" /><!-- duration: 16ms -->
    <step title="Deleting shutdown sentinel file" date="2025-08-01T10:03:10.931" SemaphoreCount="8" /><!-- duration: 31ms -->
    <step title="Starting FetchDeploy" date="2025-08-01T10:03:10.978" /><!-- duration: 33ms -->
    <step title="Attempting to fetch target branch HEAD" date="2025-08-01T10:03:11.043" /><!-- duration: 16ms -->
    <step title="Updating shutdown sentinel last write time" date="2025-08-01T10:03:11.136" SemaphoreCount="7" /><!-- duration: 31ms -->
    <step title="LockFile &apos;C:\home\site\locks\deployments.lock&apos; acquired" date="2025-08-01T10:03:11.183" /><!-- duration: 62ms -->
    <step title="Performing fetch based deployment" date="2025-08-01T10:03:11.277" >
      <step title="Creating temporary deployment" date="2025-08-01T10:03:11.293" /><!-- duration: 188ms -->
      <step title="Fetching changes." date="2025-08-01T10:03:11.731" /><!-- duration: 31ms -->
      <step title="Starting LocalZipHandler" date="2025-08-01T10:03:11.809" /><!-- duration: 16ms -->
      <step title="Starting ExtractTriggers" date="2025-08-01T10:03:11.858" /><!-- duration: 30ms -->
      <step title="None repository commit" date="2025-08-01T10:03:12.045" >
        <step title="Commit id: 903965084ec645a89842e1ecebe7ce12" date="2025-08-01T10:03:12.078" Message="Created via a push deployment" AuthorName="N/A" AuthorEmail="N/A" /><!-- duration: 13ms -->
      </step><!-- duration: 78ms -->
      <step title="Before sending BuildRequestReceived status to /api/updatedeploystatus" date="2025-08-01T10:03:12.154" /><!-- duration: 16ms -->
      <step title="DeploymentManager.Deploy(id:903965084ec645a89842e1ecebe7ce12)" date="2025-08-01T10:03:12.185" >
        <step title="Collecting changeset information" date="2025-08-01T10:03:12.248" /><!-- duration: 266ms -->
        <step title="Updating submodules" date="2025-08-01T10:03:12.533" >
          <step title="Updating submodules." date="2025-08-01T10:03:12.763" /><!-- duration: 31ms -->
        </step><!-- duration: 309ms -->
        <step title="Preparing deployment for commit id &apos;903965084e&apos;." date="2025-08-01T10:03:13.139" /><!-- duration: 31ms -->
        <step title="Determining deployment builder" date="2025-08-01T10:03:13.487" >
          <step title="Builder is RunFromZipSiteBuilder" date="2025-08-01T10:03:13.503" /><!-- duration: 32ms -->
        </step><!-- duration: 79ms -->
        <step title="Copying SSH keys" date="2025-08-01T10:03:13.644" /><!-- duration: 48ms -->
        <step title="Building" date="2025-08-01T10:03:13.708" >
          <step title="Skipping build. Project type: Run-From-Zip" date="2025-08-01T10:03:13.928" /><!-- duration: 31ms -->
          <step title="Skipping post build. Project type: Run-From-Zip" date="2025-08-01T10:03:14.209" /><!-- duration: 31ms -->
          <step title="Triggering recycle (preview mode disabled)." date="2025-08-01T10:03:14.490" /><!-- duration: 31ms -->
          <step title="Ignoring FS watcher based recycle request as this is a classic Windows app." date="2025-08-01T10:03:14.584" /><!-- duration: 16ms -->
          <step title="Deployment successful. DEPLOYMENTINFO: deploymentPath = Functions App ZipDeploy. Run from package., deployer = ZipDeploy, os = windows, sku = Dynamic, language = node, siteName = aitm-func-1753463791, slotName = Production, siteHostName = aitm-func-1753463791.azurewebsites.net, deploymentStatus = Success" date="2025-08-01T10:03:14.835" /><!-- duration: 31ms -->
          <step title="Purge deployment items" date="2025-08-01T10:03:15.616" >
            <step title="Remove 8b541c750, Success, received at 8/1/2025 8:36:46 AM" date="2025-08-01T10:03:16.153" /><!-- duration: 31ms -->
          </step><!-- duration: 599ms -->
        </step><!-- duration: 2632ms -->
      </step><!-- duration: 4170ms -->
      <step title="Cleaning up temp files" date="2025-08-01T10:03:16.387" /><!-- duration: 47ms -->
      <step title="Updating C:\home\data\SitePackages\packagename.txt with deployment 20250801100309.zip" date="2025-08-01T10:03:16.465" /><!-- duration: 94ms -->
      <step title="Begin HttpPost https://aitm-func-1753463791.scm.azurewebsites.net/operations/settriggers, x-ms-request-id: 05a51f10-d7b9-42d5-8dae-8d9e0e6cbe37" date="2025-08-01T10:03:16.606" /><!-- duration: 16ms -->
      <step title="End HttpPost, status: OK" date="2025-08-01T10:03:16.793" /><!-- duration: 31ms -->
      <step title="Scheduling background sync triggers after delay" date="2025-08-01T10:03:16.840" /><!-- duration: 31ms -->
    </step><!-- duration: 5876ms -->
    <step title="LockFile &apos;C:\home\site\locks\deployments.lock&apos; released" date="2025-08-01T10:03:17.184" /><!-- duration: 31ms -->
  </step><!-- duration: 7621ms -->
  <step title="Outgoing response" date="2025-08-01T10:03:17.341" type="response" statusCode="200" statusText="OK" Server="Microsoft-IIS/10.0" x-ms-request-id="05a51f10-d7b9-42d5-8dae-8d9e0e6cbe37" Cache-Control="private" X-AspNet-Version="4.0.30319" /><!-- duration: 31ms -->
</step><!-- duration: 7794ms -->
