<step title="Incoming Request" date="2025-08-01T06:36:16.725" instance="fa2c8d" url="/api/publish?type=zip" method="POST" type="request" pid="5328,2,9" Cache-Control="no-cache" Content-Length="1287754" Content-Type="application/octet-stream" Accept="*/*" Accept-Encoding="gzip, deflate" Authorization="Bas..." Host="aitm-func-1753463791.scm.azurewebsites.net" User-Agent="AZURECLI/2.75.0 (DEB)" x-ms-client-request-id="d1307d88-6ea1-11f0-915a-822b383dbcd0" X-ARR-LOG-ID="d1307d88-6ea1-11f0-915a-822b383dbcd0" CLIENT-IP="54.85.64.19:56388" X-SITE-DEPLOYMENT-ID="aitm-func-1753463791" WAS-DEFAULT-HOSTNAME="aitm-func-1753463791.scm.azurewebsites.net" X-Forwarded-Proto="https" X-AppService-Proto="https" X-Forwarded-TlsVersion="1.3" X-WAWS-Unencoded-URL="/api/publish?type=zip" >
  <step title="Cleanup Xml Logs" date="2025-08-01T06:36:16.756" /><!-- duration: 31ms -->
  <step title="OneDeploy" date="2025-08-01T06:36:16.866" >
    <step title="Starting PushDeployAsync" date="2025-08-01T06:36:16.913" /><!-- duration: 31ms -->
    <step title="Updating shutdown sentinel last write time" date="2025-08-01T06:36:17.022" SemaphoreCount="7" /><!-- duration: 31ms -->
    <step title="LockFile &apos;C:\home\site\locks\deployments.lock&apos; acquired" date="2025-08-01T06:36:17.084" /><!-- duration: 16ms -->
    <step title="Deleting outdated zip file C:\home\data\SitePackages\20250801061039.zip" date="2025-08-01T06:36:17.163" /><!-- duration: 47ms -->
    <step title="Saving request content to C:\home\data\SitePackages\20250801063616.zip" date="2025-08-01T06:36:17.241" >
      <step title="Total 1,287,754 bytes written to C:\home\data\SitePackages\20250801063616.zip" date="2025-08-01T06:36:17.319" /><!-- duration: 31ms -->
    </step><!-- duration: 219ms -->
    <step title="LockFile &apos;C:\home\site\locks\deployments.lock&apos; released" date="2025-08-01T06:36:17.491" /><!-- duration: 31ms -->
    <step title="Deleting shutdown sentinel file" date="2025-08-01T06:36:17.584" SemaphoreCount="8" /><!-- duration: 31ms -->
    <step title="Starting FetchDeploy" date="2025-08-01T06:36:17.647" /><!-- duration: 31ms -->
    <step title="Attempting to fetch target branch HEAD" date="2025-08-01T06:36:17.709" /><!-- duration: 31ms -->
    <step title="Updating shutdown sentinel last write time" date="2025-08-01T06:36:17.772" SemaphoreCount="7" /><!-- duration: 31ms -->
    <step title="LockFile &apos;C:\home\site\locks\deployments.lock&apos; acquired" date="2025-08-01T06:36:17.834" /><!-- duration: 94ms -->
    <step title="Performing fetch based deployment" date="2025-08-01T06:36:17.959" >
      <step title="Creating temporary deployment" date="2025-08-01T06:36:18.038" /><!-- duration: 203ms -->
      <step title="Fetching changes." date="2025-08-01T06:36:18.506" /><!-- duration: 31ms -->
      <step title="Starting LocalZipHandler" date="2025-08-01T06:36:18.600" /><!-- duration: 16ms -->
      <step title="Starting ExtractTriggers" date="2025-08-01T06:36:18.647" /><!-- duration: 31ms -->
      <step title="None repository commit" date="2025-08-01T06:36:18.772" >
        <step title="Commit id: ab9d871ee1064dbb843fc85015c4e991" date="2025-08-01T06:36:18.803" Message="OneDeploy" AuthorName="N/A" AuthorEmail="N/A" /><!-- duration: 16ms -->
      </step><!-- duration: 78ms -->
      <step title="Before sending BuildRequestReceived status to /api/updatedeploystatus" date="2025-08-01T06:36:18.866" /><!-- duration: 31ms -->
      <step title="DeploymentManager.Deploy(id:ab9d871ee1064dbb843fc85015c4e991)" date="2025-08-01T06:36:18.928" >
        <step title="Collecting changeset information" date="2025-08-01T06:36:18.975" /><!-- duration: 203ms -->
        <step title="Updating submodules" date="2025-08-01T06:36:19.209" >
          <step title="Updating submodules." date="2025-08-01T06:36:19.444" /><!-- duration: 47ms -->
        </step><!-- duration: 328ms -->
        <step title="Preparing deployment for commit id &apos;ab9d871ee1&apos;." date="2025-08-01T06:36:19.788" /><!-- duration: 31ms -->
        <step title="Determining deployment builder" date="2025-08-01T06:36:20.069" >
          <step title="Builder is RunFromZipSiteBuilder" date="2025-08-01T06:36:20.116" /><!-- duration: 47ms -->
        </step><!-- duration: 125ms -->
        <step title="Copying SSH keys" date="2025-08-01T06:36:20.288" /><!-- duration: 47ms -->
        <step title="Building" date="2025-08-01T06:36:20.366" >
          <step title="Skipping build. Project type: Run-From-Zip" date="2025-08-01T06:36:20.584" /><!-- duration: 31ms -->
          <step title="Skipping post build. Project type: Run-From-Zip" date="2025-08-01T06:36:20.866" /><!-- duration: 31ms -->
          <step title="Requesting site restart" date="2025-08-01T06:36:21.163" /><!-- duration: 31ms -->
          <step title="Requesting site restart" date="2025-08-01T06:36:21.256" /><!-- duration: 16ms -->
          <step title="Requesting site restart. Attempt #1" date="2025-08-01T06:36:21.506" /><!-- duration: 47ms -->
          <step title="Requesting site restart. Attempt #1" date="2025-08-01T06:36:21.600" /><!-- duration: 31ms -->
          <step title="Successfully requested a restart. Attempt #1" date="2025-08-01T06:36:22.178" /><!-- duration: 31ms -->
          <step title="Successfully requested a restart. Attempt #1" date="2025-08-01T06:36:22.256" /><!-- duration: 31ms -->
          <step title="Deployment successful. DEPLOYMENTINFO: deploymentPath = OneDeploy, deployer = OneDeploy, os = windows, sku = Dynamic, language = node, siteName = aitm-func-1753463791, slotName = Production, siteHostName = aitm-func-1753463791.azurewebsites.net, deploymentStatus = Success" date="2025-08-01T06:36:22.569" /><!-- duration: 31ms -->
        </step><!-- duration: 3000ms -->
      </step><!-- duration: 4453ms -->
      <step title="Cleaning up temp files" date="2025-08-01T06:36:23.413" /><!-- duration: 16ms -->
      <step title="Updating C:\home\data\SitePackages\packagename.txt with deployment 20250801063616.zip" date="2025-08-01T06:36:23.459" /><!-- duration: 63ms -->
      <step title="Begin HttpPost https://aitm-func-1753463791.scm.azurewebsites.net/operations/settriggers, x-ms-request-id: d1307d88-6ea1-11f0-915a-822b383dbcd0" date="2025-08-01T06:36:23.553" /><!-- duration: 31ms -->
      <step title="End HttpPost, status: OK" date="2025-08-01T06:36:23.663" /><!-- duration: 47ms -->
      <step title="Scheduling background sync triggers after delay" date="2025-08-01T06:36:23.741" /><!-- duration: 31ms -->
    </step><!-- duration: 6078ms -->
    <step title="LockFile &apos;C:\home\site\locks\deployments.lock&apos; released" date="2025-08-01T06:36:24.100" /><!-- duration: 31ms -->
  </step><!-- duration: 7313ms -->
  <step title="Outgoing response" date="2025-08-01T06:36:24.209" type="response" statusCode="200" statusText="OK" Server="Microsoft-IIS/10.0" x-ms-request-id="d1307d88-6ea1-11f0-915a-822b383dbcd0" Cache-Control="private" X-AspNet-Version="4.0.30319" /><!-- duration: 31ms -->
</step><!-- duration: 7531ms -->
