<step title="Incoming Request" date="2025-08-01T08:20:35.528" instance="813073" url="/api/publish?type=zip" method="POST" type="request" pid="4468,2,9" Cache-Control="no-cache" Content-Length="1294216" Content-Type="application/octet-stream" Accept="*/*" Accept-Encoding="gzip, deflate" Authorization="Bas..." Host="aitm-func-1753463791.scm.azurewebsites.net" User-Agent="AZURECLI/2.75.0 (DEB)" x-ms-client-request-id="633b533e-6eb0-11f0-b7e0-822b383dbcd0" X-ARR-LOG-ID="633b533e-6eb0-11f0-b7e0-822b383dbcd0" CLIENT-IP="44.197.134.194:13029" X-SITE-DEPLOYMENT-ID="aitm-func-1753463791" WAS-DEFAULT-HOSTNAME="aitm-func-1753463791.scm.azurewebsites.net" X-Forwarded-Proto="https" X-AppService-Proto="https" X-Forwarded-TlsVersion="1.3" X-WAWS-Unencoded-URL="/api/publish?type=zip" >
  <step title="OneDeploy" date="2025-08-01T08:20:35.746" >
    <step title="Starting PushDeployAsync" date="2025-08-01T08:20:35.793" /><!-- duration: 31ms -->
    <step title="Updating shutdown sentinel last write time" date="2025-08-01T08:20:35.903" SemaphoreCount="7" /><!-- duration: 31ms -->
    <step title="LockFile &apos;C:\home\site\locks\deployments.lock&apos; acquired" date="2025-08-01T08:20:35.965" /><!-- duration: 94ms -->
    <step title="Deleting outdated zip file C:\home\data\SitePackages\20250801080409.zip" date="2025-08-01T08:20:36.106" /><!-- duration: 62ms -->
    <step title="Saving request content to C:\home\data\SitePackages\20250801082035.zip" date="2025-08-01T08:20:36.199" >
      <step title="Total 1,294,216 bytes written to C:\home\data\SitePackages\20250801082035.zip" date="2025-08-01T08:20:36.293" /><!-- duration: 31ms -->
    </step><!-- duration: 250ms -->
    <step title="LockFile &apos;C:\home\site\locks\deployments.lock&apos; released" date="2025-08-01T08:20:36.481" /><!-- duration: 47ms -->
    <step title="Deleting shutdown sentinel file" date="2025-08-01T08:20:36.574" SemaphoreCount="8" /><!-- duration: 31ms -->
    <step title="Starting FetchDeploy" date="2025-08-01T08:20:36.637" /><!-- duration: 31ms -->
    <step title="Attempting to fetch target branch HEAD" date="2025-08-01T08:20:36.699" /><!-- duration: 31ms -->
    <step title="Updating shutdown sentinel last write time" date="2025-08-01T08:20:36.778" SemaphoreCount="7" /><!-- duration: 31ms -->
    <step title="LockFile &apos;C:\home\site\locks\deployments.lock&apos; acquired" date="2025-08-01T08:20:36.840" /><!-- duration: 31ms -->
    <step title="Performing fetch based deployment" date="2025-08-01T08:20:36.903" >
      <step title="Creating temporary deployment" date="2025-08-01T08:20:36.934" /><!-- duration: 203ms -->
      <step title="Fetching changes." date="2025-08-01T08:20:37.434" /><!-- duration: 31ms -->
      <step title="Starting LocalZipHandler" date="2025-08-01T08:20:37.512" /><!-- duration: 31ms -->
      <step title="Starting ExtractTriggers" date="2025-08-01T08:20:37.574" /><!-- duration: 16ms -->
      <step title="None repository commit" date="2025-08-01T08:20:37.684" >
        <step title="Commit id: 600cb5d1f958422291bde6a6fa747952" date="2025-08-01T08:20:37.731" Message="OneDeploy" AuthorName="N/A" AuthorEmail="N/A" /><!-- duration: 31ms -->
      </step><!-- duration: 94ms -->
      <step title="Before sending BuildRequestReceived status to /api/updatedeploystatus" date="2025-08-01T08:20:37.809" /><!-- duration: 31ms -->
      <step title="DeploymentManager.Deploy(id:600cb5d1f958422291bde6a6fa747952)" date="2025-08-01T08:20:37.871" >
        <step title="Collecting changeset information" date="2025-08-01T08:20:37.934" /><!-- duration: 219ms -->
        <step title="Updating submodules" date="2025-08-01T08:20:38.168" >
          <step title="Updating submodules." date="2025-08-01T08:20:38.483" /><!-- duration: 31ms -->
        </step><!-- duration: 409ms -->
        <step title="Preparing deployment for commit id &apos;600cb5d1f9&apos;." date="2025-08-01T08:20:38.827" /><!-- duration: 16ms -->
        <step title="Determining deployment builder" date="2025-08-01T08:20:39.457" >
          <step title="Builder is RunFromZipSiteBuilder" date="2025-08-01T08:20:39.489" /><!-- duration: 31ms -->
        </step><!-- duration: 94ms -->
        <step title="Copying SSH keys" date="2025-08-01T08:20:39.692" /><!-- duration: 47ms -->
        <step title="Building" date="2025-08-01T08:20:39.754" >
          <step title="Skipping build. Project type: Run-From-Zip" date="2025-08-01T08:20:40.004" /><!-- duration: 16ms -->
          <step title="Skipping post build. Project type: Run-From-Zip" date="2025-08-01T08:20:40.348" /><!-- duration: 31ms -->
          <step title="Requesting site restart" date="2025-08-01T08:20:40.661" /><!-- duration: 16ms -->
          <step title="Requesting site restart" date="2025-08-01T08:20:40.723" /><!-- duration: 47ms -->
          <step title="Requesting site restart. Attempt #1" date="2025-08-01T08:20:41.004" /><!-- duration: 31ms -->
          <step title="Requesting site restart. Attempt #1" date="2025-08-01T08:20:41.098" /><!-- duration: 31ms -->
          <step title="Successfully requested a restart. Attempt #1" date="2025-08-01T08:20:41.567" /><!-- duration: 31ms -->
          <step title="Successfully requested a restart. Attempt #1" date="2025-08-01T08:20:41.645" /><!-- duration: 31ms -->
          <step title="Deployment successful. DEPLOYMENTINFO: deploymentPath = OneDeploy, deployer = OneDeploy, os = windows, sku = Dynamic, language = node, siteName = aitm-func-1753463791, slotName = Production, siteHostName = aitm-func-1753463791.azurewebsites.net, deploymentStatus = Success" date="2025-08-01T08:20:41.973" /><!-- duration: 31ms -->
          <step title="Purge deployment items" date="2025-08-01T08:20:43.004" >
            <step title="Remove e2bb9a066, Success, received at 8/1/2025 6:36:30 AM" date="2025-08-01T08:20:43.379" /><!-- duration: 31ms -->
          </step><!-- duration: 438ms -->
        </step><!-- duration: 3813ms -->
      </step><!-- duration: 5727ms -->
      <step title="Cleaning up temp files" date="2025-08-01T08:20:43.629" /><!-- duration: 31ms -->
      <step title="Updating C:\home\data\SitePackages\packagename.txt with deployment 20250801082035.zip" date="2025-08-01T08:20:43.692" /><!-- duration: 78ms -->
      <step title="Begin HttpPost https://aitm-func-1753463791.scm.azurewebsites.net/operations/settriggers, x-ms-request-id: 633b533e-6eb0-11f0-b7e0-822b383dbcd0" date="2025-08-01T08:20:43.801" /><!-- duration: 16ms -->
      <step title="End HttpPost, status: OK" date="2025-08-01T08:20:43.926" /><!-- duration: 31ms -->
      <step title="Scheduling background sync triggers after delay" date="2025-08-01T08:20:44.004" /><!-- duration: 31ms -->
    </step><!-- duration: 7633ms -->
    <step title="LockFile &apos;C:\home\site\locks\deployments.lock&apos; released" date="2025-08-01T08:20:44.567" /><!-- duration: 47ms -->
  </step><!-- duration: 8930ms -->
  <step title="Outgoing response" date="2025-08-01T08:20:44.801" type="response" statusCode="200" statusText="OK" Server="Microsoft-IIS/10.0" x-ms-request-id="633b533e-6eb0-11f0-b7e0-822b383dbcd0" Cache-Control="private" X-AspNet-Version="4.0.30319" /><!-- duration: 31ms -->
</step><!-- duration: 9352ms -->
