<step title="Incoming Request" date="2025-08-01T09:04:49.397" instance="05e116" url="/api/zipdeploy" method="POST" type="request" pid="2992,2,9" Content-Length="4202749" Content-Type="application/zip" Authorization="Bea..." Host="aitm-func-1753463791.scm.azurewebsites.net" If-Match="*" User-Agent="functions-core-tools/4.1.0" X-ARR-LOG-ID="02243496-321c-47e6-9311-0ea852e92417" CLIENT-IP="44.197.134.194:53309" X-SITE-DEPLOYMENT-ID="aitm-func-1753463791" WAS-DEFAULT-HOSTNAME="aitm-func-1753463791.scm.azurewebsites.net" X-Forwarded-Proto="https" X-AppService-Proto="https" X-Forwarded-TlsVersion="1.3" X-WAWS-Unencoded-URL="/api/zipdeploy" >
  <step title="ZipPushDeploy" date="2025-08-01T09:04:49.459" >
    <step title="Functions App ZipDeploy. Run from package." date="2025-08-01T09:04:49.506" /><!-- duration: 31ms -->
    <step title="Starting PushDeployAsync" date="2025-08-01T09:04:49.568" /><!-- duration: 31ms -->
    <step title="Updating shutdown sentinel last write time" date="2025-08-01T09:04:49.678" SemaphoreCount="7" /><!-- duration: 47ms -->
    <step title="LockFile &apos;C:\home\site\locks\deployments.lock&apos; acquired" date="2025-08-01T09:04:49.740" /><!-- duration: 31ms -->
    <step title="Deleting outdated zip file C:\home\data\SitePackages\20250801083644.zip" date="2025-08-01T09:04:49.818" /><!-- duration: 47ms -->
    <step title="Saving request content to C:\home\data\SitePackages\20250801090449.zip" date="2025-08-01T09:04:49.897" >
      <step title="Total 4,202,749 bytes written to C:\home\data\SitePackages\20250801090449.zip" date="2025-08-01T09:04:50.022" /><!-- duration: 31ms -->
    </step><!-- duration: 547ms -->
    <step title="LockFile &apos;C:\home\site\locks\deployments.lock&apos; released" date="2025-08-01T09:04:50.491" /><!-- duration: 31ms -->
    <step title="Deleting shutdown sentinel file" date="2025-08-01T09:04:50.569" SemaphoreCount="8" /><!-- duration: 31ms -->
    <step title="Starting FetchDeploy" date="2025-08-01T09:04:50.616" /><!-- duration: 31ms -->
    <step title="Attempting to fetch target branch HEAD" date="2025-08-01T09:04:50.678" /><!-- duration: 16ms -->
    <step title="Updating shutdown sentinel last write time" date="2025-08-01T09:04:50.756" SemaphoreCount="7" /><!-- duration: 47ms -->
    <step title="LockFile &apos;C:\home\site\locks\deployments.lock&apos; acquired" date="2025-08-01T09:04:50.834" /><!-- duration: 31ms -->
    <step title="Performing fetch based deployment" date="2025-08-01T09:04:50.897" >
      <step title="Creating temporary deployment" date="2025-08-01T09:04:50.928" /><!-- duration: 203ms -->
      <step title="Fetching changes." date="2025-08-01T09:04:51.397" /><!-- duration: 31ms -->
      <step title="Starting LocalZipHandler" date="2025-08-01T09:04:51.491" /><!-- duration: 31ms -->
      <step title="Starting ExtractTriggers" date="2025-08-01T09:04:51.553" /><!-- duration: 31ms -->
      <step title="None repository commit" date="2025-08-01T09:04:51.743" >
        <step title="Commit id: 8c61ac74532d489f9607eea5ca02c622" date="2025-08-01T09:04:51.790" Message="Created via a push deployment" AuthorName="N/A" AuthorEmail="N/A" /><!-- duration: 16ms -->
      </step><!-- duration: 94ms -->
      <step title="Before sending BuildRequestReceived status to /api/updatedeploystatus" date="2025-08-01T09:04:51.853" /><!-- duration: 31ms -->
      <step title="DeploymentManager.Deploy(id:8c61ac74532d489f9607eea5ca02c622)" date="2025-08-01T09:04:51.915" >
        <step title="Collecting changeset information" date="2025-08-01T09:04:51.962" /><!-- duration: 281ms -->
        <step title="Updating submodules" date="2025-08-01T09:04:52.274" >
          <step title="Updating submodules." date="2025-08-01T09:04:52.556" /><!-- duration: 16ms -->
        </step><!-- duration: 375ms -->
        <step title="Preparing deployment for commit id &apos;8c61ac7453&apos;." date="2025-08-01T09:04:52.931" /><!-- duration: 31ms -->
        <step title="Determining deployment builder" date="2025-08-01T09:04:53.243" >
          <step title="Builder is RunFromZipSiteBuilder" date="2025-08-01T09:04:53.274" /><!-- duration: 31ms -->
        </step><!-- duration: 94ms -->
        <step title="Copying SSH keys" date="2025-08-01T09:04:53.446" /><!-- duration: 62ms -->
        <step title="Building" date="2025-08-01T09:04:53.540" >
          <step title="Skipping build. Project type: Run-From-Zip" date="2025-08-01T09:04:53.806" /><!-- duration: 16ms -->
          <step title="Skipping post build. Project type: Run-From-Zip" date="2025-08-01T09:04:54.167" /><!-- duration: 48ms -->
          <step title="Triggering recycle (preview mode disabled)." date="2025-08-01T09:04:54.497" /><!-- duration: 31ms -->
          <step title="Ignoring FS watcher based recycle request as this is a classic Windows app." date="2025-08-01T09:04:54.591" /><!-- duration: 31ms -->
          <step title="Deployment successful. DEPLOYMENTINFO: deploymentPath = Functions App ZipDeploy. Run from package., deployer = ZipDeploy, os = windows, sku = Dynamic, language = node, siteName = aitm-func-1753463791, slotName = Production, siteHostName = aitm-func-1753463791.azurewebsites.net, deploymentStatus = Success" date="2025-08-01T09:04:54.872" /><!-- duration: 16ms -->
          <step title="Purge deployment items" date="2025-08-01T09:04:55.716" >
            <step title="Remove 377838bf6, Success, received at 8/1/2025 8:04:11 AM" date="2025-08-01T09:04:56.060" /><!-- duration: 31ms -->
          </step><!-- duration: 408ms -->
        </step><!-- duration: 2725ms -->
      </step><!-- duration: 4381ms -->
      <step title="Cleaning up temp files" date="2025-08-01T09:04:56.312" /><!-- duration: 31ms -->
      <step title="Updating C:\home\data\SitePackages\packagename.txt with deployment 20250801090449.zip" date="2025-08-01T09:04:56.375" /><!-- duration: 125ms -->
      <step title="Begin HttpPost https://aitm-func-1753463791.scm.azurewebsites.net/operations/settriggers, x-ms-request-id: 02243496-321c-47e6-9311-0ea852e92417" date="2025-08-01T09:04:56.547" /><!-- duration: 31ms -->
      <step title="End HttpPost, status: OK" date="2025-08-01T09:04:56.719" /><!-- duration: 16ms -->
      <step title="Scheduling background sync triggers after delay" date="2025-08-01T09:04:56.766" /><!-- duration: 31ms -->
    </step><!-- duration: 6166ms -->
    <step title="LockFile &apos;C:\home\site\locks\deployments.lock&apos; released" date="2025-08-01T09:04:57.110" /><!-- duration: 47ms -->
    <step title="Deleting shutdown sentinel file" date="2025-08-01T09:04:57.203" SemaphoreCount="8" /><!-- duration: 16ms -->
  </step><!-- duration: 7791ms -->
  <step title="Outgoing response" date="2025-08-01T09:04:57.422" type="response" statusCode="200" statusText="OK" Server="Microsoft-IIS/10.0" x-ms-request-id="02243496-321c-47e6-9311-0ea852e92417" Cache-Control="private" X-AspNet-Version="4.0.30319" /><!-- duration: 16ms -->
</step><!-- duration: 8088ms -->
