﻿<?xml version="1.0" encoding="utf-8"?>
<deployment>
  <id>776d70e8958e471b973d58afc79d4807</id>
  <author>N/A</author>
  <deployer>ZipDeploy</deployer>
  <authorEmail>N/A</authorEmail>
  <message>Created via a push deployment</message>
  <progress></progress>
  <status>Success</status>
  <statusText></statusText>
  <lastSuccessEndTime>2025-08-01T20:36:10.6904615Z</lastSuccessEndTime>
  <receivedTime>2025-08-01T20:36:08.08104Z</receivedTime>
  <startTime>2025-08-01T20:36:08.9872958Z</startTime>
  <endTime>2025-08-01T20:36:10.6904615Z</endTime>
  <complete>True</complete>
  <is_temp>False</is_temp>
  <is_readonly>True</is_readonly>
  <project_type>Run-From-Zip</project_type>
  <vsproject_id></vsproject_id>
</deployment>