{"TimeStamp":"2025-08-01T20:50:52Z","SiteName":"aitm-func-1753463791","RequestId":"5d987a3e-6922-4a92-974b-ca97d8b6ae6d","Kind":"ZipDeploy","Status":"Success","Details":"{\"Id\":\"2b85fe2c7f954830b1088b19ee2176e6\",\"Status\":4,\"StatusText\":\"\",\"AuthorEmail\":\"N/A\",\"Author\":\"N/A\",\"Message\":\"Created via a push deployment\",\"Progress\":\"\",\"Deployer\":\"ZipDeploy\",\"ReceivedTime\":\"2025-08-01T20:50:49.7076825Z\",\"StartTime\":\"2025-08-01T20:50:50.4420759Z\",\"EndTime\":\"2025-08-01T20:50:52.035865Z\",\"LastSuccessEndTime\":\"2025-08-01T20:50:52.035865Z\",\"Complete\":true,\"IsTemporary\":false,\"IsReadOnly\":true,\"SiteName\":\"aitm-func-1753463791\",\"HostName\":\"aitm-func-1753463791.scm.azurewebsites.net\",\"ProjectType\":\"Run-From-Zip\",\"VsProjectId\":null}"}