{"TimeStamp":"2025-08-01T20:38:45Z","SiteName":"aitm-func-1753463791","RequestId":"9c7c73c4-8e51-4759-8913-0bb0edcd529f","Kind":"ZipDeploy","Status":"Success","Details":"{\"Id\":\"e38b0976516d49c4ab4f525821bcf31b\",\"Status\":4,\"StatusText\":\"\",\"AuthorEmail\":\"N/A\",\"Author\":\"N/A\",\"Message\":\"Created via a push deployment\",\"Progress\":\"\",\"Deployer\":\"ZipDeploy\",\"ReceivedTime\":\"2025-08-01T20:38:42.8943873Z\",\"StartTime\":\"2025-08-01T20:38:43.7069006Z\",\"EndTime\":\"2025-08-01T20:38:45.4569123Z\",\"LastSuccessEndTime\":\"2025-08-01T20:38:45.4569123Z\",\"Complete\":true,\"IsTemporary\":false,\"IsReadOnly\":true,\"SiteName\":\"aitm-func-1753463791\",\"HostName\":\"aitm-func-1753463791.scm.azurewebsites.net\",\"ProjectType\":\"Run-From-Zip\",\"VsProjectId\":null}"}