{"TimeStamp":"2025-08-01T20:36:10Z","SiteName":"aitm-func-1753463791","RequestId":"e5463783-203a-4cb7-9c0f-070d12f23b55","Kind":"ZipDeploy","Status":"Success","Details":"{\"Id\":\"776d70e8958e471b973d58afc79d4807\",\"Status\":4,\"StatusText\":\"\",\"AuthorEmail\":\"N/A\",\"Author\":\"N/A\",\"Message\":\"Created via a push deployment\",\"Progress\":\"\",\"Deployer\":\"ZipDeploy\",\"ReceivedTime\":\"2025-08-01T20:36:08.08104Z\",\"StartTime\":\"2025-08-01T20:36:08.9872958Z\",\"EndTime\":\"2025-08-01T20:36:10.6904615Z\",\"LastSuccessEndTime\":\"2025-08-01T20:36:10.6904615Z\",\"Complete\":true,\"IsTemporary\":false,\"IsReadOnly\":true,\"SiteName\":\"aitm-func-1753463791\",\"HostName\":\"aitm-func-1753463791.scm.azurewebsites.net\",\"ProjectType\":\"Run-From-Zip\",\"VsProjectId\":null}"}