﻿<?xml version="1.0" encoding="utf-8"?>
<deployment>
  <id>b07628f187fe41f085f53b1129faf046</id>
  <author>N/A</author>
  <deployer>ZipDeploy</deployer>
  <authorEmail>N/A</authorEmail>
  <message>Created via a push deployment</message>
  <progress></progress>
  <status>Success</status>
  <statusText></statusText>
  <lastSuccessEndTime>2025-08-01T08:29:45.6552994Z</lastSuccessEndTime>
  <receivedTime>2025-08-01T08:29:43.1084053Z</receivedTime>
  <startTime>2025-08-01T08:29:43.9209173Z</startTime>
  <endTime>2025-08-01T08:29:45.6552994Z</endTime>
  <complete>True</complete>
  <is_temp>False</is_temp>
  <is_readonly>True</is_readonly>
  <project_type>Run-From-Zip</project_type>
  <vsproject_id></vsproject_id>
</deployment>