<step title="BackgroundTrace" date="2025-08-01T06:36:35.641" instance="fa2c8d" url="synctriggers-operation" method="POST" >
  <step title="Updating shutdown sentinel last write time" date="2025-08-01T06:36:35.672" SemaphoreCount="5" /><!-- duration: 16ms -->
  <step title="Delaying &apos;00:01:00&apos; for Functions site to restart." date="2025-08-01T06:36:35.719" /><!-- duration: 31ms -->
  <step title="Begin HttpPost https://aitm-func-1753463791.azurewebsites.net/admin/host/synctriggers, x-ms-request-id: d1307d88-6ea1-11f0-915a-822b383dbcd0" date="2025-08-01T06:37:24.010" /><!-- duration: 31ms -->
  <step title="End HttpPost, status: OK" date="2025-08-01T06:37:24.698" /><!-- duration: 31ms -->
  <step title="Syncing function triggers by calling the functions runtime site successful." date="2025-08-01T06:37:24.761" /><!-- duration: 16ms -->
  <step title="Begin HttpPost https://aitm-func-1753463791.azurewebsites.net/admin/host/synctriggers, x-ms-request-id: d875c3c8-6ea1-11f0-acc2-822b383dbcd0" date="2025-08-01T06:37:35.812" /><!-- duration: 31ms -->
  <step title="End HttpPost, status: OK" date="2025-08-01T06:37:36.187" /><!-- duration: 31ms -->
  <step title="Syncing function triggers by calling the functions runtime site successful." date="2025-08-01T06:37:36.234" /><!-- duration: 31ms -->
  <step title="Deleting shutdown sentinel file" date="2025-08-01T06:37:36.297" SemaphoreCount="8" /><!-- duration: 31ms -->
</step><!-- duration: 60718ms -->
