<step title="Incoming Request" date="2025-08-01T06:16:19.090" instance="fa2c8d" url="/api/publish?type=zip" method="POST" type="request" pid="7356,2,7" Cache-Control="no-cache" Content-Length="1287754" Content-Type="application/octet-stream" Accept="*/*" Accept-Encoding="gzip, deflate" Authorization="Bas..." Host="aitm-func-1753463791.scm.azurewebsites.net" User-Agent="AZURECLI/2.75.0 (DEB)" x-ms-client-request-id="07476452-6e9f-11f0-8555-822b383dbcd0" X-ARR-LOG-ID="07476452-6e9f-11f0-8555-822b383dbcd0" CLIENT-IP="3.219.18.69:1566" X-SITE-DEPLOYMENT-ID="aitm-func-1753463791" WAS-DEFAULT-HOSTNAME="aitm-func-1753463791.scm.azurewebsites.net" X-Forwarded-Proto="https" X-AppService-Proto="https" X-Forwarded-TlsVersion="1.3" X-WAWS-Unencoded-URL="/api/publish?type=zip" >
  <step title="Cleanup Xml Logs" date="2025-08-01T06:16:19.122" /><!-- duration: 78ms -->
  <step title="OneDeploy" date="2025-08-01T06:16:19.528" >
    <step title="Starting PushDeployAsync" date="2025-08-01T06:16:19.575" /><!-- duration: 31ms -->
    <step title="Updating shutdown sentinel last write time" date="2025-08-01T06:16:19.700" SemaphoreCount="7" /><!-- duration: 31ms -->
    <step title="LockFile &apos;C:\home\site\locks\deployments.lock&apos; acquired" date="2025-08-01T06:16:19.762" /><!-- duration: 47ms -->
    <step title="Deleting outdated zip file C:\home\data\SitePackages\20250731215051.zip" date="2025-08-01T06:16:19.872" /><!-- duration: 109ms -->
    <step title="Saving request content to C:\home\data\SitePackages\20250801061619.zip" date="2025-08-01T06:16:20.044" >
      <step title="Total 1,287,754 bytes written to C:\home\data\SitePackages\20250801061619.zip" date="2025-08-01T06:16:20.184" /><!-- duration: 47ms -->
    </step><!-- duration: 331ms -->
    <step title="LockFile &apos;C:\home\site\locks\deployments.lock&apos; released" date="2025-08-01T06:16:20.437" /><!-- duration: 31ms -->
    <step title="Deleting shutdown sentinel file" date="2025-08-01T06:16:20.515" SemaphoreCount="8" /><!-- duration: 47ms -->
    <step title="Starting FetchDeploy" date="2025-08-01T06:16:20.593" /><!-- duration: 47ms -->
    <step title="Attempting to fetch target branch HEAD" date="2025-08-01T06:16:20.671" /><!-- duration: 47ms -->
    <step title="Updating shutdown sentinel last write time" date="2025-08-01T06:16:20.780" SemaphoreCount="7" /><!-- duration: 47ms -->
    <step title="LockFile &apos;C:\home\site\locks\deployments.lock&apos; acquired" date="2025-08-01T06:16:20.859" /><!-- duration: 31ms -->
    <step title="Performing fetch based deployment" date="2025-08-01T06:16:20.921" >
      <step title="Creating temporary deployment" date="2025-08-01T06:16:20.968" /><!-- duration: 203ms -->
      <step title="Fetching changes." date="2025-08-01T06:16:21.468" /><!-- duration: 63ms -->
      <step title="Starting LocalZipHandler" date="2025-08-01T06:16:21.609" /><!-- duration: 31ms -->
      <step title="Starting ExtractTriggers" date="2025-08-01T06:16:21.671" /><!-- duration: 47ms -->
      <step title="None repository commit" date="2025-08-01T06:16:21.812" >
        <step title="Commit id: 7bacfedb5130400689a5ffd95e854623" date="2025-08-01T06:16:21.859" Message="OneDeploy" AuthorName="N/A" AuthorEmail="N/A" /><!-- duration: 16ms -->
      </step><!-- duration: 109ms -->
      <step title="Before sending BuildRequestReceived status to /api/updatedeploystatus" date="2025-08-01T06:16:21.937" /><!-- duration: 47ms -->
      <step title="DeploymentManager.Deploy(id:7bacfedb5130400689a5ffd95e854623)" date="2025-08-01T06:16:22.015" >
        <step title="Collecting changeset information" date="2025-08-01T06:16:22.109" /><!-- duration: 219ms -->
        <step title="Updating submodules" date="2025-08-01T06:16:22.359" >
          <step title="Updating submodules." date="2025-08-01T06:16:22.609" /><!-- duration: 31ms -->
        </step><!-- duration: 359ms -->
        <step title="Preparing deployment for commit id &apos;7bacfedb51&apos;." date="2025-08-01T06:16:22.968" /><!-- duration: 47ms -->
        <step title="Determining deployment builder" date="2025-08-01T06:16:23.280" >
          <step title="Builder is RunFromZipSiteBuilder" date="2025-08-01T06:16:23.312" /><!-- duration: 47ms -->
        </step><!-- duration: 109ms -->
        <step title="Copying SSH keys" date="2025-08-01T06:16:23.499" /><!-- duration: 62ms -->
        <step title="Building" date="2025-08-01T06:16:23.609" >
          <step title="Skipping build. Project type: Run-From-Zip" date="2025-08-01T06:16:23.843" /><!-- duration: 47ms -->
          <step title="Skipping post build. Project type: Run-From-Zip" date="2025-08-01T06:16:24.187" /><!-- duration: 47ms -->
          <step title="Requesting site restart" date="2025-08-01T06:16:24.577" /><!-- duration: 47ms -->
          <step title="Requesting site restart" date="2025-08-01T06:16:24.687" /><!-- duration: 47ms -->
          <step title="Requesting site restart. Attempt #1" date="2025-08-01T06:16:24.984" /><!-- duration: 31ms -->
          <step title="Requesting site restart. Attempt #1" date="2025-08-01T06:16:25.109" /><!-- duration: 47ms -->
          <step title="Successfully requested a restart. Attempt #1" date="2025-08-01T06:16:25.609" /><!-- duration: 31ms -->
          <step title="Successfully requested a restart. Attempt #1" date="2025-08-01T06:16:25.734" /><!-- duration: 47ms -->
          <step title="Deployment successful. DEPLOYMENTINFO: deploymentPath = OneDeploy, deployer = OneDeploy, os = windows, sku = Dynamic, language = node, siteName = aitm-func-1753463791, slotName = Production, siteHostName = aitm-func-1753463791.azurewebsites.net, deploymentStatus = Success" date="2025-08-01T06:16:26.031" /><!-- duration: 63ms -->
        </step><!-- duration: 3391ms -->
      </step><!-- duration: 5016ms -->
      <step title="Cleaning up temp files" date="2025-08-01T06:16:27.079" /><!-- duration: 45ms -->
      <step title="Updating C:\home\data\SitePackages\packagename.txt with deployment 20250801061619.zip" date="2025-08-01T06:16:27.156" /><!-- duration: 63ms -->
      <step title="Begin HttpPost https://aitm-func-1753463791.scm.azurewebsites.net/operations/settriggers, x-ms-request-id: 07476452-6e9f-11f0-8555-822b383dbcd0" date="2025-08-01T06:16:27.265" /><!-- duration: 47ms -->
      <step title="End HttpPost, status: OK" date="2025-08-01T06:16:27.421" /><!-- duration: 31ms -->
      <step title="Scheduling background sync triggers after delay" date="2025-08-01T06:16:27.484" /><!-- duration: 31ms -->
    </step><!-- duration: 6859ms -->
    <step title="LockFile &apos;C:\home\site\locks\deployments.lock&apos; released" date="2025-08-01T06:16:27.827" /><!-- duration: 31ms -->
  </step><!-- duration: 8393ms -->
  <step title="Outgoing response" date="2025-08-01T06:16:27.984" type="response" statusCode="200" statusText="OK" Server="Microsoft-IIS/10.0" x-ms-request-id="07476452-6e9f-11f0-8555-822b383dbcd0" Cache-Control="private" X-AspNet-Version="4.0.30319" /><!-- duration: 47ms -->
</step><!-- duration: 8956ms -->
