<step title="Incoming Request" date="2025-08-01T06:36:28.156" instance="fa2c8d" url="/api/publish?type=zip" method="POST" type="request" pid="5328,2,11" Cache-Control="no-cache" Content-Length="1287754" Content-Type="application/octet-stream" Accept="*/*" Accept-Encoding="gzip, deflate" Authorization="Bas..." Host="aitm-func-1753463791.scm.azurewebsites.net" User-Agent="AZURECLI/2.75.0 (DEB)" x-ms-client-request-id="d875c3c8-6ea1-11f0-acc2-822b383dbcd0" X-ARR-LOG-ID="d875c3c8-6ea1-11f0-acc2-822b383dbcd0" CLIENT-IP="34.224.177.102:33248" X-SITE-DEPLOYMENT-ID="aitm-func-1753463791" WAS-DEFAULT-HOSTNAME="aitm-func-1753463791.scm.azurewebsites.net" X-Forwarded-Proto="https" X-AppService-Proto="https" X-Forwarded-TlsVersion="1.3" X-WAWS-Unencoded-URL="/api/publish?type=zip" >
  <step title="Cleanup Xml Logs" date="2025-08-01T06:36:28.187" /><!-- duration: 31ms -->
  <step title="OneDeploy" date="2025-08-01T06:36:28.266" >
    <step title="Starting PushDeployAsync" date="2025-08-01T06:36:28.297" /><!-- duration: 16ms -->
    <step title="Updating shutdown sentinel last write time" date="2025-08-01T06:36:28.359" SemaphoreCount="6" /><!-- duration: 31ms -->
    <step title="LockFile &apos;C:\home\site\locks\deployments.lock&apos; acquired" date="2025-08-01T06:36:28.422" /><!-- duration: 16ms -->
    <step title="Deleting outdated zip file C:\home\data\SitePackages\20250801061619.zip" date="2025-08-01T06:36:28.484" /><!-- duration: 47ms -->
    <step title="Saving request content to C:\home\data\SitePackages\20250801063628.zip" date="2025-08-01T06:36:28.562" >
      <step title="Total 1,287,754 bytes written to C:\home\data\SitePackages\20250801063628.zip" date="2025-08-01T06:36:28.641" /><!-- duration: 16ms -->
    </step><!-- duration: 250ms -->
    <step title="LockFile &apos;C:\home\site\locks\deployments.lock&apos; released" date="2025-08-01T06:36:28.844" /><!-- duration: 31ms -->
    <step title="Starting FetchDeploy" date="2025-08-01T06:36:28.922" /><!-- duration: 31ms -->
    <step title="Attempting to fetch target branch HEAD" date="2025-08-01T06:36:28.969" /><!-- duration: 31ms -->
    <step title="Updating shutdown sentinel last write time" date="2025-08-01T06:36:29.047" SemaphoreCount="6" /><!-- duration: 36ms -->
    <step title="LockFile &apos;C:\home\site\locks\deployments.lock&apos; acquired" date="2025-08-01T06:36:29.109" /><!-- duration: 78ms -->
    <step title="Performing fetch based deployment" date="2025-08-01T06:36:29.219" >
      <step title="Creating temporary deployment" date="2025-08-01T06:36:29.250" /><!-- duration: 172ms -->
      <step title="Fetching changes." date="2025-08-01T06:36:29.656" /><!-- duration: 31ms -->
      <step title="Starting LocalZipHandler" date="2025-08-01T06:36:29.750" /><!-- duration: 16ms -->
      <step title="Starting ExtractTriggers" date="2025-08-01T06:36:29.797" /><!-- duration: 31ms -->
      <step title="None repository commit" date="2025-08-01T06:36:29.922" >
        <step title="Commit id: e2bb9a0662f6400fab8e18f191ff2cdb" date="2025-08-01T06:36:29.953" Message="OneDeploy" AuthorName="N/A" AuthorEmail="N/A" /><!-- duration: 31ms -->
      </step><!-- duration: 78ms -->
      <step title="Before sending BuildRequestReceived status to /api/updatedeploystatus" date="2025-08-01T06:36:30.031" /><!-- duration: 31ms -->
      <step title="DeploymentManager.Deploy(id:e2bb9a0662f6400fab8e18f191ff2cdb)" date="2025-08-01T06:36:30.094" >
        <step title="Collecting changeset information" date="2025-08-01T06:36:30.141" /><!-- duration: 266ms -->
        <step title="Updating submodules" date="2025-08-01T06:36:30.422" >
          <step title="Updating submodules." date="2025-08-01T06:36:30.687" /><!-- duration: 31ms -->
        </step><!-- duration: 359ms -->
        <step title="Preparing deployment for commit id &apos;e2bb9a0662&apos;." date="2025-08-01T06:36:31.062" /><!-- duration: 31ms -->
        <step title="Determining deployment builder" date="2025-08-01T06:36:31.359" >
          <step title="Builder is RunFromZipSiteBuilder" date="2025-08-01T06:36:31.375" /><!-- duration: 31ms -->
        </step><!-- duration: 94ms -->
        <step title="Copying SSH keys" date="2025-08-01T06:36:31.531" /><!-- duration: 47ms -->
        <step title="Building" date="2025-08-01T06:36:31.609" >
          <step title="Skipping build. Project type: Run-From-Zip" date="2025-08-01T06:36:31.906" /><!-- duration: 31ms -->
          <step title="Skipping post build. Project type: Run-From-Zip" date="2025-08-01T06:36:32.266" /><!-- duration: 31ms -->
          <step title="Requesting site restart" date="2025-08-01T06:36:32.687" /><!-- duration: 16ms -->
          <step title="Requesting site restart" date="2025-08-01T06:36:32.766" /><!-- duration: 31ms -->
          <step title="Requesting site restart. Attempt #1" date="2025-08-01T06:36:33.062" /><!-- duration: 31ms -->
          <step title="Requesting site restart. Attempt #1" date="2025-08-01T06:36:33.156" /><!-- duration: 16ms -->
          <step title="Successfully requested a restart. Attempt #1" date="2025-08-01T06:36:33.609" /><!-- duration: 31ms -->
          <step title="Successfully requested a restart. Attempt #1" date="2025-08-01T06:36:33.719" /><!-- duration: 31ms -->
          <step title="Deployment successful. DEPLOYMENTINFO: deploymentPath = OneDeploy, deployer = OneDeploy, os = windows, sku = Dynamic, language = node, siteName = aitm-func-1753463791, slotName = Production, siteHostName = aitm-func-1753463791.azurewebsites.net, deploymentStatus = Success" date="2025-08-01T06:36:34.156" /><!-- duration: 31ms -->
        </step><!-- duration: 3453ms -->
      </step><!-- duration: 5016ms -->
      <step title="Cleaning up temp files" date="2025-08-01T06:36:35.141" /><!-- duration: 31ms -->
      <step title="Updating C:\home\data\SitePackages\packagename.txt with deployment 20250801063628.zip" date="2025-08-01T06:36:35.203" /><!-- duration: 203ms -->
      <step title="Begin HttpPost https://aitm-func-1753463791.scm.azurewebsites.net/operations/settriggers, x-ms-request-id: d875c3c8-6ea1-11f0-acc2-822b383dbcd0" date="2025-08-01T06:36:35.437" /><!-- duration: 16ms -->
      <step title="End HttpPost, status: OK" date="2025-08-01T06:36:35.531" /><!-- duration: 16ms -->
      <step title="Scheduling background sync triggers after delay" date="2025-08-01T06:36:35.578" /><!-- duration: 31ms -->
    </step><!-- duration: 6656ms -->
    <step title="LockFile &apos;C:\home\site\locks\deployments.lock&apos; released" date="2025-08-01T06:36:35.922" /><!-- duration: 31ms -->
  </step><!-- duration: 7735ms -->
  <step title="Outgoing response" date="2025-08-01T06:36:36.031" type="response" statusCode="200" statusText="OK" Server="Microsoft-IIS/10.0" x-ms-request-id="d875c3c8-6ea1-11f0-acc2-822b383dbcd0" Cache-Control="private" X-AspNet-Version="4.0.30319" /><!-- duration: 33ms -->
</step><!-- duration: 7938ms -->
