﻿<?xml version="1.0" encoding="utf-8"?>
<deployment>
  <id>1655e68e0727431ab20f9e31e828e010</id>
  <author>N/A</author>
  <deployer>ZipDeploy</deployer>
  <authorEmail>N/A</authorEmail>
  <message>Created via a push deployment</message>
  <progress></progress>
  <status>Success</status>
  <statusText></statusText>
  <lastSuccessEndTime>2025-08-01T09:43:16.8106245Z</lastSuccessEndTime>
  <receivedTime>2025-08-01T09:43:14.1042982Z</receivedTime>
  <startTime>2025-08-01T09:43:15.0261659Z</startTime>
  <endTime>2025-08-01T09:43:16.8106245Z</endTime>
  <complete>True</complete>
  <is_temp>False</is_temp>
  <is_readonly>True</is_readonly>
  <project_type>Run-From-Zip</project_type>
  <vsproject_id></vsproject_id>
</deployment>