<step title="Incoming Request" date="2025-08-01T09:14:40.257" instance="05e116" url="/api/zipdeploy" method="POST" type="request" pid="520,2,9" Content-Length="4200239" Content-Type="application/zip" Authorization="Bea..." Host="aitm-func-1753463791.scm.azurewebsites.net" If-Match="*" User-Agent="functions-core-tools/4.1.0" X-ARR-LOG-ID="b0c9a11c-8ee6-435f-8894-4dfe3889d178" CLIENT-IP="54.85.64.19:51446" X-SITE-DEPLOYMENT-ID="aitm-func-1753463791" WAS-DEFAULT-HOSTNAME="aitm-func-1753463791.scm.azurewebsites.net" X-Forwarded-Proto="https" X-AppService-Proto="https" X-Forwarded-TlsVersion="1.3" X-WAWS-Unencoded-URL="/api/zipdeploy" >
  <step title="ZipPushDeploy" date="2025-08-01T09:14:40.319" >
    <step title="Functions App ZipDeploy. Run from package." date="2025-08-01T09:14:40.382" /><!-- duration: 16ms -->
    <step title="Starting PushDeployAsync" date="2025-08-01T09:14:40.429" /><!-- duration: 16ms -->
    <step title="Updating shutdown sentinel last write time" date="2025-08-01T09:14:40.507" SemaphoreCount="7" /><!-- duration: 31ms -->
    <step title="LockFile &apos;C:\home\site\locks\deployments.lock&apos; acquired" date="2025-08-01T09:14:40.569" /><!-- duration: 31ms -->
    <step title="Deleting outdated zip file C:\home\data\SitePackages\20250801084703.zip" date="2025-08-01T09:14:40.647" /><!-- duration: 63ms -->
    <step title="Saving request content to C:\home\data\SitePackages\20250801091440.zip" date="2025-08-01T09:14:40.741" >
      <step title="Total 4,200,239 bytes written to C:\home\data\SitePackages\20250801091440.zip" date="2025-08-01T09:14:41.048" /><!-- duration: 31ms -->
    </step><!-- duration: 641ms -->
    <step title="LockFile &apos;C:\home\site\locks\deployments.lock&apos; released" date="2025-08-01T09:14:41.429" /><!-- duration: 31ms -->
    <step title="Deleting shutdown sentinel file" date="2025-08-01T09:14:41.507" SemaphoreCount="8" /><!-- duration: 31ms -->
    <step title="Starting FetchDeploy" date="2025-08-01T09:14:41.569" /><!-- duration: 31ms -->
    <step title="Attempting to fetch target branch HEAD" date="2025-08-01T09:14:41.632" /><!-- duration: 16ms -->
    <step title="Updating shutdown sentinel last write time" date="2025-08-01T09:14:41.694" SemaphoreCount="7" /><!-- duration: 31ms -->
    <step title="LockFile &apos;C:\home\site\locks\deployments.lock&apos; acquired" date="2025-08-01T09:14:41.757" /><!-- duration: 31ms -->
    <step title="Performing fetch based deployment" date="2025-08-01T09:14:41.819" >
      <step title="Creating temporary deployment" date="2025-08-01T09:14:41.835" /><!-- duration: 227ms -->
      <step title="Fetching changes." date="2025-08-01T09:14:42.341" /><!-- duration: 29ms -->
      <step title="Starting LocalZipHandler" date="2025-08-01T09:14:42.417" /><!-- duration: 31ms -->
      <step title="Starting ExtractTriggers" date="2025-08-01T09:14:42.480" /><!-- duration: 16ms -->
      <step title="None repository commit" date="2025-08-01T09:14:42.636" >
        <step title="Commit id: 9e0084f9a9fc4cb6a8780cdd68086114" date="2025-08-01T09:14:42.745" Message="Created via a push deployment" AuthorName="N/A" AuthorEmail="N/A" /><!-- duration: 31ms -->
      </step><!-- duration: 156ms -->
      <step title="Before sending BuildRequestReceived status to /api/updatedeploystatus" date="2025-08-01T09:14:42.823" /><!-- duration: 16ms -->
      <step title="DeploymentManager.Deploy(id:9e0084f9a9fc4cb6a8780cdd68086114)" date="2025-08-01T09:14:42.870" >
        <step title="Collecting changeset information" date="2025-08-01T09:14:42.933" /><!-- duration: 219ms -->
        <step title="Updating submodules" date="2025-08-01T09:14:43.183" >
          <step title="Updating submodules." date="2025-08-01T09:14:43.512" /><!-- duration: 16ms -->
        </step><!-- duration: 407ms -->
        <step title="Preparing deployment for commit id &apos;9e0084f9a9&apos;." date="2025-08-01T09:14:43.973" /><!-- duration: 48ms -->
        <step title="Determining deployment builder" date="2025-08-01T09:14:44.320" >
          <step title="Builder is RunFromZipSiteBuilder" date="2025-08-01T09:14:44.351" /><!-- duration: 31ms -->
        </step><!-- duration: 94ms -->
        <step title="Copying SSH keys" date="2025-08-01T09:14:44.524" /><!-- duration: 62ms -->
        <step title="Building" date="2025-08-01T09:14:44.620" >
          <step title="Skipping build. Project type: Run-From-Zip" date="2025-08-01T09:14:44.961" /><!-- duration: 16ms -->
          <step title="Skipping post build. Project type: Run-From-Zip" date="2025-08-01T09:14:45.274" /><!-- duration: 31ms -->
          <step title="Triggering recycle (preview mode disabled)." date="2025-08-01T09:14:45.727" /><!-- duration: 62ms -->
          <step title="Ignoring FS watcher based recycle request as this is a classic Windows app." date="2025-08-01T09:14:45.852" /><!-- duration: 16ms -->
          <step title="Deployment successful. DEPLOYMENTINFO: deploymentPath = Functions App ZipDeploy. Run from package., deployer = ZipDeploy, os = windows, sku = Dynamic, language = node, siteName = aitm-func-1753463791, slotName = Production, siteHostName = aitm-func-1753463791.azurewebsites.net, deploymentStatus = Success" date="2025-08-01T09:14:46.149" /><!-- duration: 31ms -->
          <step title="Purge deployment items" date="2025-08-01T09:14:47.025" >
            <step title="Remove 055fc80bf, Success, received at 8/1/2025 8:09:43 AM" date="2025-08-01T09:14:47.400" /><!-- duration: 16ms -->
          </step><!-- duration: 438ms -->
        </step><!-- duration: 2953ms -->
      </step><!-- duration: 4733ms -->
      <step title="Cleaning up temp files" date="2025-08-01T09:14:47.619" /><!-- duration: 31ms -->
      <step title="Updating C:\home\data\SitePackages\packagename.txt with deployment 20250801091440.zip" date="2025-08-01T09:14:47.682" /><!-- duration: 94ms -->
      <step title="Begin HttpPost https://aitm-func-1753463791.scm.azurewebsites.net/operations/settriggers, x-ms-request-id: b0c9a11c-8ee6-435f-8894-4dfe3889d178" date="2025-08-01T09:14:47.822" /><!-- duration: 31ms -->
      <step title="End HttpPost, status: OK" date="2025-08-01T09:14:48.013" /><!-- duration: 31ms -->
      <step title="Scheduling background sync triggers after delay" date="2025-08-01T09:14:48.076" /><!-- duration: 16ms -->
    </step><!-- duration: 6538ms -->
    <step title="LockFile &apos;C:\home\site\locks\deployments.lock&apos; released" date="2025-08-01T09:14:48.404" /><!-- duration: 16ms -->
    <step title="Deleting shutdown sentinel file" date="2025-08-01T09:14:48.482" SemaphoreCount="8" /><!-- duration: 16ms -->
  </step><!-- duration: 8211ms -->
  <step title="Outgoing response" date="2025-08-01T09:14:48.749" type="response" statusCode="200" statusText="OK" Server="Microsoft-IIS/10.0" x-ms-request-id="b0c9a11c-8ee6-435f-8894-4dfe3889d178" Cache-Control="private" X-AspNet-Version="4.0.30319" /><!-- duration: 31ms -->
</step><!-- duration: 8555ms -->
