﻿<?xml version="1.0" encoding="utf-8"?>
<deployment>
  <id>40d8a2293b954931b9c3b20f34c938eb</id>
  <author>N/A</author>
  <deployer>ZipDeploy</deployer>
  <authorEmail>N/A</authorEmail>
  <message>Created via a push deployment</message>
  <progress></progress>
  <status>Success</status>
  <statusText></statusText>
  <lastSuccessEndTime>2025-08-01T18:39:53.458255Z</lastSuccessEndTime>
  <receivedTime>2025-08-01T18:39:30.8263691Z</receivedTime>
  <startTime>2025-08-01T18:39:31.4982568Z</startTime>
  <endTime>2025-08-01T18:39:53.458255Z</endTime>
  <complete>True</complete>
  <is_temp>False</is_temp>
  <is_readonly>True</is_readonly>
  <project_type>BASIC FUNCTIONAPP</project_type>
  <vsproject_id></vsproject_id>
</deployment>