<step title="Incoming Request" date="2025-08-01T06:43:40.770" instance="fa2c8d" url="/api/publish?type=zip" method="POST" type="request" pid="6988,2,9" Cache-Control="no-cache" Content-Length="1297887" Content-Type="application/octet-stream" Accept="*/*" Accept-Encoding="gzip, deflate" Authorization="Bas..." Host="aitm-func-1753463791.scm.azurewebsites.net" User-Agent="AZURECLI/2.75.0 (DEB)" x-ms-client-request-id="d895690c-6ea2-11f0-a120-822b383dbcd0" X-ARR-LOG-ID="d895690c-6ea2-11f0-a120-822b383dbcd0" CLIENT-IP="13.219.48.175:65244" X-SITE-DEPLOYMENT-ID="aitm-func-1753463791" WAS-DEFAULT-HOSTNAME="aitm-func-1753463791.scm.azurewebsites.net" X-Forwarded-Proto="https" X-AppService-Proto="https" X-Forwarded-TlsVersion="1.3" X-WAWS-Unencoded-URL="/api/publish?type=zip" >
  <step title="OneDeploy" date="2025-08-01T06:43:40.941" >
    <step title="Starting PushDeployAsync" date="2025-08-01T06:43:40.988" /><!-- duration: 31ms -->
    <step title="Updating shutdown sentinel last write time" date="2025-08-01T06:43:41.113" SemaphoreCount="7" /><!-- duration: 31ms -->
    <step title="LockFile &apos;C:\home\site\locks\deployments.lock&apos; acquired" date="2025-08-01T06:43:41.160" /><!-- duration: 31ms -->
    <step title="Deleting outdated zip file C:\home\data\SitePackages\20250801063342.zip" date="2025-08-01T06:43:41.238" /><!-- duration: 47ms -->
    <step title="Saving request content to C:\home\data\SitePackages\20250801064340.zip" date="2025-08-01T06:43:41.316" >
      <step title="Total 1,297,887 bytes written to C:\home\data\SitePackages\20250801064340.zip" date="2025-08-01T06:43:41.410" /><!-- duration: 31ms -->
    </step><!-- duration: 250ms -->
    <step title="LockFile &apos;C:\home\site\locks\deployments.lock&apos; released" date="2025-08-01T06:43:41.613" /><!-- duration: 47ms -->
    <step title="Deleting shutdown sentinel file" date="2025-08-01T06:43:41.707" SemaphoreCount="8" /><!-- duration: 31ms -->
    <step title="Starting FetchDeploy" date="2025-08-01T06:43:41.770" /><!-- duration: 16ms -->
    <step title="Attempting to fetch target branch HEAD" date="2025-08-01T06:43:41.816" /><!-- duration: 31ms -->
    <step title="Updating shutdown sentinel last write time" date="2025-08-01T06:43:41.895" SemaphoreCount="7" /><!-- duration: 31ms -->
    <step title="LockFile &apos;C:\home\site\locks\deployments.lock&apos; acquired" date="2025-08-01T06:43:41.957" /><!-- duration: 31ms -->
    <step title="Performing fetch based deployment" date="2025-08-01T06:43:42.020" >
      <step title="Creating temporary deployment" date="2025-08-01T06:43:42.035" /><!-- duration: 203ms -->
      <step title="Fetching changes." date="2025-08-01T06:43:42.566" /><!-- duration: 31ms -->
      <step title="Starting LocalZipHandler" date="2025-08-01T06:43:42.660" /><!-- duration: 31ms -->
      <step title="Starting ExtractTriggers" date="2025-08-01T06:43:42.723" /><!-- duration: 16ms -->
      <step title="None repository commit" date="2025-08-01T06:43:42.863" >
        <step title="Commit id: 72a0b7414e1f4ba4bc5ea07b051cda03" date="2025-08-01T06:43:42.895" Message="OneDeploy" AuthorName="N/A" AuthorEmail="N/A" /><!-- duration: 31ms -->
      </step><!-- duration: 78ms -->
      <step title="Before sending BuildRequestReceived status to /api/updatedeploystatus" date="2025-08-01T06:43:42.973" /><!-- duration: 31ms -->
      <step title="DeploymentManager.Deploy(id:72a0b7414e1f4ba4bc5ea07b051cda03)" date="2025-08-01T06:43:43.035" >
        <step title="Collecting changeset information" date="2025-08-01T06:43:43.098" /><!-- duration: 203ms -->
        <step title="Updating submodules" date="2025-08-01T06:43:43.332" >
          <step title="Updating submodules." date="2025-08-01T06:43:43.566" /><!-- duration: 31ms -->
        </step><!-- duration: 312ms -->
        <step title="Preparing deployment for commit id &apos;72a0b7414e&apos;." date="2025-08-01T06:43:43.895" /><!-- duration: 31ms -->
        <step title="Determining deployment builder" date="2025-08-01T06:43:44.207" >
          <step title="Builder is RunFromZipSiteBuilder" date="2025-08-01T06:43:44.238" /><!-- duration: 31ms -->
        </step><!-- duration: 78ms -->
        <step title="Copying SSH keys" date="2025-08-01T06:43:44.379" /><!-- duration: 47ms -->
        <step title="Building" date="2025-08-01T06:43:44.457" >
          <step title="Skipping build. Project type: Run-From-Zip" date="2025-08-01T06:43:44.707" /><!-- duration: 31ms -->
          <step title="Skipping post build. Project type: Run-From-Zip" date="2025-08-01T06:43:45.020" /><!-- duration: 51ms -->
          <step title="Requesting site restart" date="2025-08-01T06:43:45.348" /><!-- duration: 31ms -->
          <step title="Requesting site restart" date="2025-08-01T06:43:45.426" /><!-- duration: 31ms -->
          <step title="Requesting site restart. Attempt #1" date="2025-08-01T06:43:45.723" /><!-- duration: 31ms -->
          <step title="Requesting site restart. Attempt #1" date="2025-08-01T06:43:45.801" /><!-- duration: 16ms -->
          <step title="Successfully requested a restart. Attempt #1" date="2025-08-01T06:43:46.254" /><!-- duration: 31ms -->
          <step title="Successfully requested a restart. Attempt #1" date="2025-08-01T06:43:46.363" /><!-- duration: 16ms -->
          <step title="Deployment successful. DEPLOYMENTINFO: deploymentPath = OneDeploy, deployer = OneDeploy, os = windows, sku = Dynamic, language = node, siteName = aitm-func-1753463791, slotName = Production, siteHostName = aitm-func-1753463791.azurewebsites.net, deploymentStatus = Success" date="2025-08-01T06:43:46.645" /><!-- duration: 31ms -->
        </step><!-- duration: 2969ms -->
      </step><!-- duration: 4422ms -->
      <step title="Cleaning up temp files" date="2025-08-01T06:43:47.473" /><!-- duration: 31ms -->
      <step title="Updating C:\home\data\SitePackages\packagename.txt with deployment 20250801064340.zip" date="2025-08-01T06:43:47.535" /><!-- duration: 62ms -->
      <step title="Begin HttpPost https://aitm-func-1753463791.scm.azurewebsites.net/operations/settriggers, x-ms-request-id: d895690c-6ea2-11f0-a120-822b383dbcd0" date="2025-08-01T06:43:47.660" /><!-- duration: 31ms -->
      <step title="End HttpPost, status: OK" date="2025-08-01T06:43:47.801" /><!-- duration: 125ms -->
      <step title="Scheduling background sync triggers after delay" date="2025-08-01T06:43:47.957" /><!-- duration: 31ms -->
    </step><!-- duration: 6219ms -->
    <step title="LockFile &apos;C:\home\site\locks\deployments.lock&apos; released" date="2025-08-01T06:43:48.270" /><!-- duration: 16ms -->
  </step><!-- duration: 7406ms -->
  <step title="Outgoing response" date="2025-08-01T06:43:48.363" type="response" statusCode="200" statusText="OK" Server="Microsoft-IIS/10.0" x-ms-request-id="d895690c-6ea2-11f0-a120-822b383dbcd0" Cache-Control="private" X-AspNet-Version="4.0.30319" /><!-- duration: 31ms -->
</step><!-- duration: 7656ms -->
