<step title="Incoming Request" date="2025-08-01T06:10:38.773" instance="7472e2" url="/api/publish?type=zip" method="POST" type="request" pid="6236,2,8" Cache-Control="no-cache" Connection="Keep-Alive" Content-Length="18151" Content-Type="application/octet-stream" Accept="*/*" Accept-Encoding="gzip, deflate" Authorization="Bas..." Host="aitm-func-1753463791.scm.azurewebsites.net" User-Agent="AZURECLI/2.75.0 (DEB)" x-ms-client-request-id="3bc01298-6e9e-11f0-b8dd-822b383dbcd0" X-ARR-LOG-ID="3bc01298-6e9e-11f0-b8dd-822b383dbcd0" CLIENT-IP="13.219.48.175:64089" X-SITE-DEPLOYMENT-ID="aitm-func-1753463791" WAS-DEFAULT-HOSTNAME="aitm-func-1753463791.scm.azurewebsites.net" X-Forwarded-Proto="https" X-AppService-Proto="https" X-Forwarded-TlsVersion="1.3" X-WAWS-Unencoded-URL="/api/publish?type=zip" X-MS-COLDSTART="1" >
  <step title="OneDeploy" date="2025-08-01T06:10:39.008" >
    <step title="Starting PushDeployAsync" date="2025-08-01T06:10:39.039" /><!-- duration: 31ms -->
    <step title="Updating shutdown sentinel last write time" date="2025-08-01T06:10:39.148" SemaphoreCount="7" /><!-- duration: 16ms -->
    <step title="LockFile &apos;C:\home\site\locks\deployments.lock&apos; acquired" date="2025-08-01T06:10:39.195" /><!-- duration: 16ms -->
    <step title="Saving request content to C:\home\data\SitePackages\20250801061039.zip" date="2025-08-01T06:10:39.258" >
      <step title="Total 18,151 bytes written to C:\home\data\SitePackages\20250801061039.zip" date="2025-08-01T06:10:39.305" /><!-- duration: 47ms -->
    </step><!-- duration: 141ms -->
    <step title="LockFile &apos;C:\home\site\locks\deployments.lock&apos; released" date="2025-08-01T06:10:39.430" /><!-- duration: 16ms -->
    <step title="Deleting shutdown sentinel file" date="2025-08-01T06:10:39.492" SemaphoreCount="8" /><!-- duration: 31ms -->
    <step title="Starting FetchDeploy" date="2025-08-01T06:10:39.539" /><!-- duration: 31ms -->
    <step title="Attempting to fetch target branch HEAD" date="2025-08-01T06:10:39.586" /><!-- duration: 16ms -->
    <step title="Updating shutdown sentinel last write time" date="2025-08-01T06:10:39.648" SemaphoreCount="7" /><!-- duration: 16ms -->
    <step title="LockFile &apos;C:\home\site\locks\deployments.lock&apos; acquired" date="2025-08-01T06:10:39.695" /><!-- duration: 16ms -->
    <step title="Performing fetch based deployment" date="2025-08-01T06:10:39.742" >
      <step title="Creating temporary deployment" date="2025-08-01T06:10:39.773" /><!-- duration: 156ms -->
      <step title="Fetching changes." date="2025-08-01T06:10:40.164" /><!-- duration: 31ms -->
      <step title="Starting LocalZipHandler" date="2025-08-01T06:10:40.242" /><!-- duration: 16ms -->
      <step title="Starting ExtractTriggers" date="2025-08-01T06:10:40.289" /><!-- duration: 16ms -->
      <step title="None repository commit" date="2025-08-01T06:10:40.352" >
        <step title="Commit id: 7efbc77e7e934bad8843c73d5b66c46d" date="2025-08-01T06:10:40.367" Message="OneDeploy" AuthorName="N/A" AuthorEmail="N/A" /><!-- duration: 16ms -->
      </step><!-- duration: 62ms -->
      <step title="Before sending BuildRequestReceived status to /api/updatedeploystatus" date="2025-08-01T06:10:40.430" /><!-- duration: 31ms -->
      <step title="DeploymentManager.Deploy(id:7efbc77e7e934bad8843c73d5b66c46d)" date="2025-08-01T06:10:40.477" >
        <step title="Collecting changeset information" date="2025-08-01T06:10:40.539" /><!-- duration: 203ms -->
        <step title="Updating submodules" date="2025-08-01T06:10:40.773" >
          <step title="Updating submodules." date="2025-08-01T06:10:41.008" /><!-- duration: 16ms -->
        </step><!-- duration: 313ms -->
        <step title="Preparing deployment for commit id &apos;7efbc77e7e&apos;." date="2025-08-01T06:10:41.305" /><!-- duration: 31ms -->
        <step title="Determining deployment builder" date="2025-08-01T06:10:41.633" >
          <step title="Builder is RunFromZipSiteBuilder" date="2025-08-01T06:10:41.664" /><!-- duration: 16ms -->
        </step><!-- duration: 78ms -->
        <step title="Copying SSH keys" date="2025-08-01T06:10:41.805" /><!-- duration: 31ms -->
        <step title="Building" date="2025-08-01T06:10:41.852" >
          <step title="Skipping build. Project type: Run-From-Zip" date="2025-08-01T06:10:42.102" /><!-- duration: 31ms -->
          <step title="Skipping post build. Project type: Run-From-Zip" date="2025-08-01T06:10:42.383" /><!-- duration: 16ms -->
          <step title="Requesting site restart" date="2025-08-01T06:10:42.633" /><!-- duration: 16ms -->
          <step title="Requesting site restart" date="2025-08-01T06:10:42.711" /><!-- duration: 16ms -->
          <step title="Requesting site restart. Attempt #1" date="2025-08-01T06:10:42.930" /><!-- duration: 16ms -->
          <step title="Requesting site restart. Attempt #1" date="2025-08-01T06:10:42.992" /><!-- duration: 31ms -->
          <step title="Successfully requested a restart. Attempt #1" date="2025-08-01T06:10:43.414" /><!-- duration: 16ms -->
          <step title="Successfully requested a restart. Attempt #1" date="2025-08-01T06:10:43.477" /><!-- duration: 31ms -->
          <step title="Deployment successful. DEPLOYMENTINFO: deploymentPath = OneDeploy, deployer = OneDeploy, os = windows, sku = Dynamic, language = node, siteName = aitm-func-1753463791, slotName = Production, siteHostName = aitm-func-1753463791.azurewebsites.net, deploymentStatus = Success" date="2025-08-01T06:10:43.711" /><!-- duration: 16ms -->
        </step><!-- duration: 2453ms -->
      </step><!-- duration: 3844ms -->
      <step title="Cleaning up temp files" date="2025-08-01T06:10:44.352" /><!-- duration: 16ms -->
      <step title="Updating C:\home\data\SitePackages\packagename.txt with deployment 20250801061039.zip" date="2025-08-01T06:10:44.399" /><!-- duration: 78ms -->
      <step title="Begin HttpPost https://aitm-func-1753463791.scm.azurewebsites.net/operations/settriggers, x-ms-request-id: 3bc01298-6e9e-11f0-b8dd-822b383dbcd0" date="2025-08-01T06:10:44.508" /><!-- duration: 32ms -->
      <step title="End HttpPost, status: OK" date="2025-08-01T06:10:44.649" /><!-- duration: 31ms -->
      <step title="Scheduling background sync triggers after delay" date="2025-08-01T06:10:44.695" /><!-- duration: 16ms -->
    </step><!-- duration: 5391ms -->
    <step title="LockFile &apos;C:\home\site\locks\deployments.lock&apos; released" date="2025-08-01T06:10:45.180" /><!-- duration: 31ms -->
  </step><!-- duration: 6266ms -->
  <step title="Outgoing response" date="2025-08-01T06:10:45.305" type="response" statusCode="200" statusText="OK" Server="Microsoft-IIS/10.0" x-ms-request-id="3bc01298-6e9e-11f0-b8dd-822b383dbcd0" Cache-Control="private" X-AspNet-Version="4.0.30319" /><!-- duration: 31ms -->
</step><!-- duration: 6578ms -->
