<step title="Incoming Request" date="2025-08-01T08:09:41.375" instance="69a541" url="/api/publish?type=zip" method="POST" type="request" pid="4868,2,9" Cache-Control="no-cache" Content-Length="1294463" Content-Type="application/octet-stream" Accept="*/*" Accept-Encoding="gzip, deflate" Authorization="Bas..." Host="aitm-func-1753463791.scm.azurewebsites.net" User-Agent="AZURECLI/2.75.0 (DEB)" x-ms-client-request-id="dd0d51dc-6eae-11f0-9d29-822b383dbcd0" X-ARR-LOG-ID="dd0d51dc-6eae-11f0-9d29-822b383dbcd0" CLIENT-IP="107.21.235.172:18582" X-SITE-DEPLOYMENT-ID="aitm-func-1753463791" WAS-DEFAULT-HOSTNAME="aitm-func-1753463791.scm.azurewebsites.net" X-Forwarded-Proto="https" X-AppService-Proto="https" X-Forwarded-TlsVersion="1.3" X-WAWS-Unencoded-URL="/api/publish?type=zip" >
  <step title="OneDeploy" date="2025-08-01T08:09:41.547" >
    <step title="Starting PushDeployAsync" date="2025-08-01T08:09:41.610" /><!-- duration: 31ms -->
    <step title="Updating shutdown sentinel last write time" date="2025-08-01T08:09:41.704" SemaphoreCount="7" /><!-- duration: 31ms -->
    <step title="LockFile &apos;C:\home\site\locks\deployments.lock&apos; acquired" date="2025-08-01T08:09:41.766" /><!-- duration: 16ms -->
    <step title="Deleting outdated zip file C:\home\data\SitePackages\20250801074512.zip" date="2025-08-01T08:09:41.829" /><!-- duration: 63ms -->
    <step title="Saving request content to C:\home\data\SitePackages\20250801080941.zip" date="2025-08-01T08:09:41.922" >
      <step title="Total 1,294,463 bytes written to C:\home\data\SitePackages\20250801080941.zip" date="2025-08-01T08:09:42.016" /><!-- duration: 31ms -->
    </step><!-- duration: 266ms -->
    <step title="LockFile &apos;C:\home\site\locks\deployments.lock&apos; released" date="2025-08-01T08:09:42.219" /><!-- duration: 31ms -->
    <step title="Deleting shutdown sentinel file" date="2025-08-01T08:09:42.313" SemaphoreCount="8" /><!-- duration: 31ms -->
    <step title="Starting FetchDeploy" date="2025-08-01T08:09:42.375" /><!-- duration: 16ms -->
    <step title="Attempting to fetch target branch HEAD" date="2025-08-01T08:09:42.422" /><!-- duration: 31ms -->
    <step title="Updating shutdown sentinel last write time" date="2025-08-01T08:09:42.500" SemaphoreCount="7" /><!-- duration: 31ms -->
    <step title="LockFile &apos;C:\home\site\locks\deployments.lock&apos; acquired" date="2025-08-01T08:09:42.563" /><!-- duration: 31ms -->
    <step title="Performing fetch based deployment" date="2025-08-01T08:09:42.625" >
      <step title="Creating temporary deployment" date="2025-08-01T08:09:42.641" /><!-- duration: 313ms -->
      <step title="Fetching changes." date="2025-08-01T08:09:43.250" /><!-- duration: 31ms -->
      <step title="Starting LocalZipHandler" date="2025-08-01T08:09:43.344" /><!-- duration: 16ms -->
      <step title="Starting ExtractTriggers" date="2025-08-01T08:09:43.391" /><!-- duration: 31ms -->
      <step title="None repository commit" date="2025-08-01T08:09:43.532" >
        <step title="Commit id: 055fc80bfcae4bafbec58bd7af8d640c" date="2025-08-01T08:09:43.563" Message="OneDeploy" AuthorName="N/A" AuthorEmail="N/A" /><!-- duration: 31ms -->
      </step><!-- duration: 94ms -->
      <step title="Before sending BuildRequestReceived status to /api/updatedeploystatus" date="2025-08-01T08:09:43.641" /><!-- duration: 31ms -->
      <step title="DeploymentManager.Deploy(id:055fc80bfcae4bafbec58bd7af8d640c)" date="2025-08-01T08:09:43.704" >
        <step title="Collecting changeset information" date="2025-08-01T08:09:43.766" /><!-- duration: 219ms -->
        <step title="Updating submodules" date="2025-08-01T08:09:44.016" >
          <step title="Updating submodules." date="2025-08-01T08:09:44.313" /><!-- duration: 31ms -->
        </step><!-- duration: 375ms -->
        <step title="Preparing deployment for commit id &apos;055fc80bfc&apos;." date="2025-08-01T08:09:44.688" /><!-- duration: 31ms -->
        <step title="Determining deployment builder" date="2025-08-01T08:09:44.985" >
          <step title="Builder is RunFromZipSiteBuilder" date="2025-08-01T08:09:45.016" /><!-- duration: 48ms -->
        </step><!-- duration: 109ms -->
        <step title="Copying SSH keys" date="2025-08-01T08:09:45.204" /><!-- duration: 47ms -->
        <step title="Building" date="2025-08-01T08:09:45.282" >
          <step title="Skipping build. Project type: Run-From-Zip" date="2025-08-01T08:09:45.532" /><!-- duration: 16ms -->
          <step title="Skipping post build. Project type: Run-From-Zip" date="2025-08-01T08:09:45.813" /><!-- duration: 31ms -->
          <step title="Requesting site restart" date="2025-08-01T08:09:46.141" /><!-- duration: 31ms -->
          <step title="Requesting site restart" date="2025-08-01T08:09:46.219" /><!-- duration: 31ms -->
          <step title="Requesting site restart. Attempt #1" date="2025-08-01T08:09:46.500" /><!-- duration: 31ms -->
          <step title="Requesting site restart. Attempt #1" date="2025-08-01T08:09:46.579" /><!-- duration: 47ms -->
          <step title="Successfully requested a restart. Attempt #1" date="2025-08-01T08:09:47.047" /><!-- duration: 47ms -->
          <step title="Successfully requested a restart. Attempt #1" date="2025-08-01T08:09:47.157" /><!-- duration: 16ms -->
          <step title="Deployment successful. DEPLOYMENTINFO: deploymentPath = OneDeploy, deployer = OneDeploy, os = windows, sku = Dynamic, language = node, siteName = aitm-func-1753463791, slotName = Production, siteHostName = aitm-func-1753463791.azurewebsites.net, deploymentStatus = Success" date="2025-08-01T08:09:47.469" /><!-- duration: 31ms -->
          <step title="Purge deployment items" date="2025-08-01T08:09:48.594" >
            <step title="Remove 795cf8bac, Success, received at 8/1/2025 6:33:44 AM" date="2025-08-01T08:09:48.969" /><!-- duration: 31ms -->
          </step><!-- duration: 437ms -->
        </step><!-- duration: 3891ms -->
      </step><!-- duration: 5484ms -->
      <step title="Cleaning up temp files" date="2025-08-01T08:09:49.219" /><!-- duration: 47ms -->
      <step title="Updating C:\home\data\SitePackages\packagename.txt with deployment 20250801080941.zip" date="2025-08-01T08:09:49.282" /><!-- duration: 94ms -->
      <step title="Begin HttpPost https://aitm-func-1753463791.scm.azurewebsites.net/operations/settriggers, x-ms-request-id: dd0d51dc-6eae-11f0-9d29-822b383dbcd0" date="2025-08-01T08:09:49.469" /><!-- duration: 31ms -->
      <step title="End HttpPost, status: OK" date="2025-08-01T08:09:49.594" /><!-- duration: 31ms -->
      <step title="Scheduling background sync triggers after delay" date="2025-08-01T08:09:49.657" /><!-- duration: 31ms -->
    </step><!-- duration: 7375ms -->
    <step title="LockFile &apos;C:\home\site\locks\deployments.lock&apos; released" date="2025-08-01T08:09:50.048" /><!-- duration: 47ms -->
  </step><!-- duration: 8594ms -->
  <step title="Outgoing response" date="2025-08-01T08:09:50.188" type="response" statusCode="200" statusText="OK" Server="Microsoft-IIS/10.0" x-ms-request-id="dd0d51dc-6eae-11f0-9d29-822b383dbcd0" Cache-Control="private" X-AspNet-Version="4.0.30319" /><!-- duration: 31ms -->
</step><!-- duration: 8875ms -->
