{"TimeStamp":"2025-08-01T10:26:41Z","SiteName":"aitm-func-1753463791","RequestId":"b92afc60-aa2e-421a-b1bf-b4349fdc7d1d","Kind":"ZipDeploy","Status":"Success","Details":"{\"Id\":\"dcec2cc44a4f4b22822caf83c6fab026\",\"Status\":4,\"StatusText\":\"\",\"AuthorEmail\":\"N/A\",\"Author\":\"N/A\",\"Message\":\"Created via a push deployment\",\"Progress\":\"\",\"Deployer\":\"ZipDeploy\",\"ReceivedTime\":\"2025-08-01T10:26:38.7966817Z\",\"StartTime\":\"2025-08-01T10:26:39.6899229Z\",\"EndTime\":\"2025-08-01T10:26:41.3014085Z\",\"LastSuccessEndTime\":\"2025-08-01T10:26:41.3014085Z\",\"Complete\":true,\"IsTemporary\":false,\"IsReadOnly\":true,\"SiteName\":\"aitm-func-1753463791\",\"HostName\":\"aitm-func-1753463791.scm.azurewebsites.net\",\"ProjectType\":\"Run-From-Zip\",\"VsProjectId\":null}"}