﻿<?xml version="1.0" encoding="utf-8"?>
<deployment>
  <id>783217a151b64f6db7c522086be36036</id>
  <author>N/A</author>
  <deployer>ZipDeploy</deployer>
  <authorEmail>N/A</authorEmail>
  <message>Created via a push deployment</message>
  <progress></progress>
  <status>Success</status>
  <statusText></statusText>
  <lastSuccessEndTime>2025-08-01T18:24:26.4112098Z</lastSuccessEndTime>
  <receivedTime>2025-08-01T18:24:14.6452838Z</receivedTime>
  <startTime>2025-08-01T18:24:15.4421811Z</startTime>
  <endTime>2025-08-01T18:24:26.4112098Z</endTime>
  <complete>True</complete>
  <is_temp>False</is_temp>
  <is_readonly>True</is_readonly>
  <project_type>BASIC FUNCTIONAPP</project_type>
  <vsproject_id></vsproject_id>
</deployment>