<Events><Event><System><Provider Name="IIS AspNetCore Module V2"/><EventID>1033</EventID><Level>4</Level><Task>0</Task><Keywords>Keywords</Keywords><TimeCreated SystemTime="2025-07-31T21:50:49Z"/><EventRecordID>50558484</EventRecordID><Channel>Application</Channel><Computer>10-30-11-50</Computer><Security/></System><EventData><Data>Application 'MACHINE/WEBROOT/APPHOST/AITM-FUNC-1753463791' has shutdown.</Data><Data>Process Id: 2912.</Data><Data>File Version: 18.0.25107.16. Description: IIS ASP.NET Core Module V2 Request Handler. Commit: </Data></EventData></Event><Event><System><Provider Name="IIS AspNetCore Module V2"/><EventID>1033</EventID><Level>4</Level><Task>0</Task><Keywords>Keywords</Keywords><TimeCreated SystemTime="2025-07-31T21:50:49Z"/><EventRecordID>87697734</EventRecordID><Channel>Application</Channel><Computer>10-30-1-25</Computer><Security/></System><EventData><Data>Application 'MACHINE/WEBROOT/APPHOST/AITM-FUNC-1753463791' has shutdown.</Data><Data>Process Id: 7464.</Data><Data>File Version: 18.0.25107.16. Description: IIS ASP.NET Core Module V2 Request Handler. Commit: </Data></EventData></Event><Event><System><Provider Name="IIS AspNetCore Module V2"/><EventID>1033</EventID><Level>4</Level><Task>0</Task><Keywords>Keywords</Keywords><TimeCreated SystemTime="2025-07-31T21:50:50Z"/><EventRecordID>122142000</EventRecordID><Channel>Application</Channel><Computer>10-30-3-47</Computer><Security/></System><EventData><Data>Application 'MACHINE/WEBROOT/APPHOST/AITM-FUNC-1753463791' has shutdown.</Data><Data>Process Id: 4824.</Data><Data>File Version: 18.0.25107.16. Description: IIS ASP.NET Core Module V2 Request Handler. Commit: </Data></EventData></Event><Event><System><Provider Name="IIS AspNetCore Module V2"/><EventID>1032</EventID><Level>4</Level><Task>0</Task><Keywords>Keywords</Keywords><TimeCreated SystemTime="2025-07-31T21:51:07Z"/><EventRecordID>50576859</EventRecordID><Channel>Application</Channel><Computer>10-30-11-50</Computer><Security/></System><EventData><Data>Application 'C:\Program Files (x86)\SiteExtensions\Functions\4.1041.200\32bit\' started successfully.</Data><Data>Process Id: 6184.</Data><Data>File Version: 18.0.25107.16. Description: IIS ASP.NET Core Module V2 Request Handler. Commit: </Data></EventData></Event><Event><System><Provider Name="IIS AspNetCore Module V2"/><EventID>1032</EventID><Level>4</Level><Task>0</Task><Keywords>Keywords</Keywords><TimeCreated SystemTime="2025-07-31T21:51:21Z"/><EventRecordID>133118531</EventRecordID><Channel>Application</Channel><Computer>10-30-1-159</Computer><Security/></System><EventData><Data>Application 'C:\Program Files (x86)\SiteExtensions\Functions\4.1041.200\32bit\' started successfully.</Data><Data>Process Id: 7412.</Data><Data>File Version: 18.0.25107.16. Description: IIS ASP.NET Core Module V2 Request Handler. Commit: </Data></EventData></Event><Event><System><Provider Name="IIS AspNetCore Module V2"/><EventID>1032</EventID><Level>4</Level><Task>0</Task><Keywords>Keywords</Keywords><TimeCreated SystemTime="2025-07-31T21:51:48Z"/><EventRecordID>137655859</EventRecordID><Channel>Application</Channel><Computer>10-30-2-239</Computer><Security/></System><EventData><Data>Application 'C:\Program Files (x86)\SiteExtensions\Functions\4.1041.200\32bit\' started successfully.</Data><Data>Process Id: 2524.</Data><Data>File Version: 18.0.25107.16. Description: IIS ASP.NET Core Module V2 Request Handler. Commit: </Data></EventData></Event><Event><System><Provider Name="IIS AspNetCore Module V2"/><EventID>1032</EventID><Level>4</Level><Task>0</Task><Keywords>Keywords</Keywords><TimeCreated SystemTime="2025-07-31T21:51:57Z"/><EventRecordID>87765781</EventRecordID><Channel>Application</Channel><Computer>10-30-1-25</Computer><Security/></System><EventData><Data>Application 'C:\Program Files (x86)\SiteExtensions\Functions\4.1041.200\32bit\' started successfully.</Data><Data>Process Id: 1400.</Data><Data>File Version: 18.0.25107.16. Description: IIS ASP.NET Core Module V2 Request Handler. Commit: </Data></EventData></Event><Event><System><Provider Name="IIS AspNetCore Module V2"/><EventID>1033</EventID><Level>4</Level><Task>0</Task><Keywords>Keywords</Keywords><TimeCreated SystemTime="2025-07-31T21:53:24Z"/><EventRecordID>137751578</EventRecordID><Channel>Application</Channel><Computer>10-30-2-239</Computer><Security/></System><EventData><Data>Application 'MACHINE/WEBROOT/APPHOST/AITM-FUNC-1753463791' has shutdown.</Data><Data>Process Id: 2524.</Data><Data>File Version: 18.0.25107.16. Description: IIS ASP.NET Core Module V2 Request Handler. Commit: </Data></EventData></Event><Event><System><Provider Name="IIS AspNetCore Module V2"/><EventID>1033</EventID><Level>4</Level><Task>0</Task><Keywords>Keywords</Keywords><TimeCreated SystemTime="2025-07-31T21:57:02Z"/><EventRecordID>50931875</EventRecordID><Channel>Application</Channel><Computer>10-30-11-50</Computer><Security/></System><EventData><Data>Application 'MACHINE/WEBROOT/APPHOST/AITM-FUNC-1753463791' has shutdown.</Data><Data>Process Id: 6184.</Data><Data>File Version: 18.0.25107.16. Description: IIS ASP.NET Core Module V2 Request Handler. Commit: </Data></EventData></Event><Event><System><Provider Name="IIS AspNetCore Module V2"/><EventID>1033</EventID><Level>4</Level><Task>0</Task><Keywords>Keywords</Keywords><TimeCreated SystemTime="2025-07-31T21:57:34Z"/><EventRecordID>88103234</EventRecordID><Channel>Application</Channel><Computer>10-30-1-25</Computer><Security/></System><EventData><Data>Application 'MACHINE/WEBROOT/APPHOST/AITM-FUNC-1753463791' has shutdown.</Data><Data>Process Id: 1400.</Data><Data>File Version: 18.0.25107.16. Description: IIS ASP.NET Core Module V2 Request Handler. Commit: </Data></EventData></Event><Event><System><Provider Name="IIS AspNetCore Module V2"/><EventID>1032</EventID><Level>4</Level><Task>0</Task><Keywords>Keywords</Keywords><TimeCreated SystemTime="2025-07-31T21:59:32Z"/><EventRecordID>25584500</EventRecordID><Channel>Application</Channel><Computer>10-30-0-119</Computer><Security/></System><EventData><Data>Application 'C:\Program Files (x86)\SiteExtensions\Functions\4.1041.200\32bit\' started successfully.</Data><Data>Process Id: 4992.</Data><Data>File Version: 18.0.25107.16. Description: IIS ASP.NET Core Module V2 Request Handler. Commit: </Data></EventData></Event><Event><System><Provider Name="IIS AspNetCore Module V2"/><EventID>1032</EventID><Level>4</Level><Task>0</Task><Keywords>Keywords</Keywords><TimeCreated SystemTime="2025-07-31T22:15:07Z"/><EventRecordID>161631656</EventRecordID><Channel>Application</Channel><Computer>10-30-5-45</Computer><Security/></System><EventData><Data>Application 'C:\Program Files (x86)\SiteExtensions\Functions\4.1041.200\32bit\' started successfully.</Data><Data>Process Id: 3432.</Data><Data>File Version: 18.0.25107.16. Description: IIS ASP.NET Core Module V2 Request Handler. Commit: </Data></EventData></Event><Event><System><Provider Name="IIS AspNetCore Module V2"/><EventID>1032</EventID><Level>4</Level><Task>0</Task><Keywords>Keywords</Keywords><TimeCreated SystemTime="2025-07-31T22:15:08Z"/><EventRecordID>75250125</EventRecordID><Channel>Application</Channel><Computer>10-30-10-190</Computer><Security/></System><EventData><Data>Application 'C:\Program Files (x86)\SiteExtensions\Functions\4.1041.200\32bit\' started successfully.</Data><Data>Process Id: 3384.</Data><Data>File Version: 18.0.25107.16. Description: IIS ASP.NET Core Module V2 Request Handler. Commit: </Data></EventData></Event><Event><System><Provider Name="IIS AspNetCore Module V2"/><EventID>1033</EventID><Level>4</Level><Task>0</Task><Keywords>Keywords</Keywords><TimeCreated SystemTime="2025-07-31T22:35:28Z"/><EventRecordID>27740828</EventRecordID><Channel>Application</Channel><Computer>10-30-0-119</Computer><Security/></System><EventData><Data>Application 'MACHINE/WEBROOT/APPHOST/AITM-FUNC-1753463791' has shutdown.</Data><Data>Process Id: 4992.</Data><Data>File Version: 18.0.25107.16. Description: IIS ASP.NET Core Module V2 Request Handler. Commit: </Data></EventData></Event><Event><System><Provider Name="IIS AspNetCore Module V2"/><EventID>1032</EventID><Level>4</Level><Task>0</Task><Keywords>Keywords</Keywords><TimeCreated SystemTime="2025-07-31T22:37:47Z"/><EventRecordID>76547828</EventRecordID><Channel>Application</Channel><Computer>10-30-10-206</Computer><Security/></System><EventData><Data>Application 'C:\Program Files (x86)\SiteExtensions\Functions\4.1041.200\32bit\' started successfully.</Data><Data>Process Id: 2420.</Data><Data>File Version: 18.0.25107.16. Description: IIS ASP.NET Core Module V2 Request Handler. Commit: </Data></EventData></Event><Event><System><Provider Name="IIS AspNetCore Module V2"/><EventID>1033</EventID><Level>4</Level><Task>0</Task><Keywords>Keywords</Keywords><TimeCreated SystemTime="2025-07-31T22:57:03Z"/><EventRecordID>77765234</EventRecordID><Channel>Application</Channel><Computer>10-30-10-190</Computer><Security/></System><EventData><Data>Application 'MACHINE/WEBROOT/APPHOST/AITM-FUNC-1753463791' has shutdown.</Data><Data>Process Id: 3384.</Data><Data>File Version: 18.0.25107.16. Description: IIS ASP.NET Core Module V2 Request Handler. Commit: </Data></EventData></Event><Event><System><Provider Name="IIS AspNetCore Module V2"/><EventID>1033</EventID><Level>4</Level><Task>0</Task><Keywords>Keywords</Keywords><TimeCreated SystemTime="2025-07-31T22:57:18Z"/><EventRecordID>137075140</EventRecordID><Channel>Application</Channel><Computer>10-30-1-159</Computer><Security/></System><EventData><Data>Application 'MACHINE/WEBROOT/APPHOST/AITM-FUNC-1753463791' has shutdown.</Data><Data>Process Id: 7412.</Data><Data>File Version: 18.0.25107.16. Description: IIS ASP.NET Core Module V2 Request Handler. Commit: </Data></EventData></Event><Event><System><Provider Name="IIS AspNetCore Module V2"/><EventID>1032</EventID><Level>4</Level><Task>0</Task><Keywords>Keywords</Keywords><TimeCreated SystemTime="2025-07-31T23:15:21Z"/><EventRecordID>5332500</EventRecordID><Channel>Application</Channel><Computer>10-30-4-81</Computer><Security/></System><EventData><Data>Application 'C:\Program Files (x86)\SiteExtensions\Functions\4.1041.200\32bit\' started successfully.</Data><Data>Process Id: 300.</Data><Data>File Version: 18.0.25107.16. Description: IIS ASP.NET Core Module V2 Request Handler. Commit: </Data></EventData></Event><Event><System><Provider Name="IIS AspNetCore Module V2"/><EventID>1033</EventID><Level>4</Level><Task>0</Task><Keywords>Keywords</Keywords><TimeCreated SystemTime="2025-07-31T23:36:03Z"/><EventRecordID>166488125</EventRecordID><Channel>Application</Channel><Computer>10-30-5-45</Computer><Security/></System><EventData><Data>Application 'MACHINE/WEBROOT/APPHOST/AITM-FUNC-1753463791' has shutdown.</Data><Data>Process Id: 3432.</Data><Data>File Version: 18.0.25107.16. Description: IIS ASP.NET Core Module V2 Request Handler. Commit: </Data></EventData></Event><Event><System><Provider Name="IIS AspNetCore Module V2"/><EventID>1032</EventID><Level>4</Level><Task>0</Task><Keywords>Keywords</Keywords><TimeCreated SystemTime="2025-07-31T23:38:22Z"/><EventRecordID>144121671</EventRecordID><Channel>Application</Channel><Computer>10-30-2-231</Computer><Security/></System><EventData><Data>Application 'C:\Program Files (x86)\SiteExtensions\Functions\4.1041.200\32bit\' started successfully.</Data><Data>Process Id: 1728.</Data><Data>File Version: 18.0.25107.16. Description: IIS ASP.NET Core Module V2 Request Handler. Commit: </Data></EventData></Event><Event><System><Provider Name="IIS AspNetCore Module V2"/><EventID>1033</EventID><Level>4</Level><Task>0</Task><Keywords>Keywords</Keywords><TimeCreated SystemTime="2025-07-31T23:51:42Z"/><EventRecordID>80983500</EventRecordID><Channel>Application</Channel><Computer>10-30-10-206</Computer><Security/></System><EventData><Data>Application 'MACHINE/WEBROOT/APPHOST/AITM-FUNC-1753463791' has shutdown.</Data><Data>Process Id: 2420.</Data><Data>File Version: 18.0.25107.16. Description: IIS ASP.NET Core Module V2 Request Handler. Commit: </Data></EventData></Event><Event><System><Provider Name="IIS AspNetCore Module V2"/><EventID>1032</EventID><Level>4</Level><Task>0</Task><Keywords>Keywords</Keywords><TimeCreated SystemTime="2025-07-31T23:54:01Z"/><EventRecordID>145887234</EventRecordID><Channel>Application</Channel><Computer>10-30-2-217</Computer><Security/></System><EventData><Data>Application 'C:\Program Files (x86)\SiteExtensions\Functions\4.1041.200\32bit\' started successfully.</Data><Data>Process Id: 632.</Data><Data>File Version: 18.0.25107.16. Description: IIS ASP.NET Core Module V2 Request Handler. Commit: </Data></EventData></Event><Event><System><Provider Name="IIS AspNetCore Module V2"/><EventID>1033</EventID><Level>4</Level><Task>0</Task><Keywords>Keywords</Keywords><TimeCreated SystemTime="2025-08-01T00:08:54Z"/><EventRecordID>8545437</EventRecordID><Channel>Application</Channel><Computer>10-30-4-81</Computer><Security/></System><EventData><Data>Application 'MACHINE/WEBROOT/APPHOST/AITM-FUNC-1753463791' has shutdown.</Data><Data>Process Id: 300.</Data><Data>File Version: 18.0.25107.16. Description: IIS ASP.NET Core Module V2 Request Handler. Commit: </Data></EventData></Event><Event><System><Provider Name="IIS AspNetCore Module V2"/><EventID>1033</EventID><Level>4</Level><Task>0</Task><Keywords>Keywords</Keywords><TimeCreated SystemTime="2025-08-01T00:09:41Z"/><EventRecordID>146000843</EventRecordID><Channel>Application</Channel><Computer>10-30-2-231</Computer><Security/></System><EventData><Data>Application 'MACHINE/WEBROOT/APPHOST/AITM-FUNC-1753463791' has shutdown.</Data><Data>Process Id: 1728.</Data><Data>File Version: 18.0.25107.16. Description: IIS ASP.NET Core Module V2 Request Handler. Commit: </Data></EventData></Event><Event><System><Provider Name="IIS AspNetCore Module V2"/><EventID>1032</EventID><Level>4</Level><Task>0</Task><Keywords>Keywords</Keywords><TimeCreated SystemTime="2025-08-01T00:23:48Z"/><EventRecordID>70679281</EventRecordID><Channel>Application</Channel><Computer>10-30-10-51</Computer><Security/></System><EventData><Data>Application 'C:\Program Files (x86)\SiteExtensions\Functions\4.1041.200\32bit\' started successfully.</Data><Data>Process Id: 7116.</Data><Data>File Version: 18.0.25107.16. Description: IIS ASP.NET Core Module V2 Request Handler. Commit: </Data></EventData></Event><Event><System><Provider Name="IIS AspNetCore Module V2"/><EventID>1032</EventID><Level>4</Level><Task>0</Task><Keywords>Keywords</Keywords><TimeCreated SystemTime="2025-08-01T00:28:00Z"/><EventRecordID>120323437</EventRecordID><Channel>Application</Channel><Computer>10-30-4-124</Computer><Security/></System><EventData><Data>Application 'C:\Program Files (x86)\SiteExtensions\Functions\4.1041.200\32bit\' started successfully.</Data><Data>Process Id: 4240.</Data><Data>File Version: 18.0.25107.16. Description: IIS ASP.NET Core Module V2 Request Handler. Commit: </Data></EventData></Event><Event><System><Provider Name="IIS AspNetCore Module V2"/><EventID>1032</EventID><Level>4</Level><Task>0</Task><Keywords>Keywords</Keywords><TimeCreated SystemTime="2025-08-01T00:41:37Z"/><EventRecordID>170440906</EventRecordID><Channel>Application</Channel><Computer>10-30-5-28</Computer><Security/></System><EventData><Data>Application 'C:\Program Files (x86)\SiteExtensions\Functions\4.1041.200\32bit\' started successfully.</Data><Data>Process Id: 2792.</Data><Data>File Version: 18.0.25107.16. Description: IIS ASP.NET Core Module V2 Request Handler. Commit: </Data></EventData></Event><Event><System><Provider Name="IIS AspNetCore Module V2"/><EventID>1033</EventID><Level>4</Level><Task>0</Task><Keywords>Keywords</Keywords><TimeCreated SystemTime="2025-08-01T00:42:41Z"/><EventRecordID>148807000</EventRecordID><Channel>Application</Channel><Computer>10-30-2-217</Computer><Security/></System><EventData><Data>Application 'MACHINE/WEBROOT/APPHOST/AITM-FUNC-1753463791' has shutdown.</Data><Data>Process Id: 632.</Data><Data>File Version: 18.0.25107.16. Description: IIS ASP.NET Core Module V2 Request Handler. Commit: </Data></EventData></Event><Event><System><Provider Name="IIS AspNetCore Module V2"/><EventID>1033</EventID><Level>4</Level><Task>0</Task><Keywords>Keywords</Keywords><TimeCreated SystemTime="2025-08-01T00:43:02Z"/><EventRecordID>71832937</EventRecordID><Channel>Application</Channel><Computer>10-30-10-51</Computer><Security/></System><EventData><Data>Application 'MACHINE/WEBROOT/APPHOST/AITM-FUNC-1753463791' has shutdown.</Data><Data>Process Id: 7116.</Data><Data>File Version: 18.0.25107.16. Description: IIS ASP.NET Core Module V2 Request Handler. Commit: </Data></EventData></Event><Event><System><Provider Name="IIS AspNetCore Module V2"/><EventID>1033</EventID><Level>4</Level><Task>0</Task><Keywords>Keywords</Keywords><TimeCreated SystemTime="2025-08-01T00:51:05Z"/><EventRecordID>121708593</EventRecordID><Channel>Application</Channel><Computer>10-30-4-124</Computer><Security/></System><EventData><Data>Application 'MACHINE/WEBROOT/APPHOST/AITM-FUNC-1753463791' has shutdown.</Data><Data>Process Id: 4240.</Data><Data>File Version: 18.0.25107.16. Description: IIS ASP.NET Core Module V2 Request Handler. Commit: </Data></EventData></Event><Event><System><Provider Name="IIS AspNetCore Module V2"/><EventID>1032</EventID><Level>4</Level><Task>0</Task><Keywords>Keywords</Keywords><TimeCreated SystemTime="2025-08-01T01:21:26Z"/><EventRecordID>100361375</EventRecordID><Channel>Application</Channel><Computer>10-30-1-239</Computer><Security/></System><EventData><Data>Application 'C:\Program Files (x86)\SiteExtensions\Functions\4.1041.200\32bit\' started successfully.</Data><Data>Process Id: 7216.</Data><Data>File Version: 18.0.25107.16. Description: IIS ASP.NET Core Module V2 Request Handler. Commit: </Data></EventData></Event><Event><System><Provider Name="IIS AspNetCore Module V2"/><EventID>1032</EventID><Level>4</Level><Task>0</Task><Keywords>Keywords</Keywords><TimeCreated SystemTime="2025-08-01T01:27:03Z"/><EventRecordID>63664343</EventRecordID><Channel>Application</Channel><Computer>10-30-11-41</Computer><Security/></System><EventData><Data>Application 'C:\Program Files (x86)\SiteExtensions\Functions\4.1041.200\32bit\' started successfully.</Data><Data>Process Id: 6832.</Data><Data>File Version: 18.0.25107.16. Description: IIS ASP.NET Core Module V2 Request Handler. Commit: </Data></EventData></Event><Event><System><Provider Name="IIS AspNetCore Module V2"/><EventID>1033</EventID><Level>4</Level><Task>0</Task><Keywords>Keywords</Keywords><TimeCreated SystemTime="2025-08-01T01:33:38Z"/><EventRecordID>173561828</EventRecordID><Channel>Application</Channel><Computer>10-30-5-28</Computer><Security/></System><EventData><Data>Application 'MACHINE/WEBROOT/APPHOST/AITM-FUNC-1753463791' has shutdown.</Data><Data>Process Id: 2792.</Data><Data>File Version: 18.0.25107.16. Description: IIS ASP.NET Core Module V2 Request Handler. Commit: </Data></EventData></Event><Event><System><Provider Name="IIS AspNetCore Module V2"/><EventID>1033</EventID><Level>4</Level><Task>0</Task><Keywords>Keywords</Keywords><TimeCreated SystemTime="2025-08-01T01:34:26Z"/><EventRecordID>101141375</EventRecordID><Channel>Application</Channel><Computer>10-30-1-239</Computer><Security/></System><EventData><Data>Application 'MACHINE/WEBROOT/APPHOST/AITM-FUNC-1753463791' has shutdown.</Data><Data>Process Id: 7216.</Data><Data>File Version: 18.0.25107.16. Description: IIS ASP.NET Core Module V2 Request Handler. Commit: </Data></EventData></Event><Event><System><Provider Name="IIS AspNetCore Module V2"/><EventID>1032</EventID><Level>4</Level><Task>0</Task><Keywords>Keywords</Keywords><TimeCreated SystemTime="2025-08-01T01:36:05Z"/><EventRecordID>173707843</EventRecordID><Channel>Application</Channel><Computer>10-30-5-32</Computer><Security/></System><EventData><Data>Application 'C:\Program Files (x86)\SiteExtensions\Functions\4.1041.200\32bit\' started successfully.</Data><Data>Process Id: 7240.</Data><Data>File Version: 18.0.25107.16. Description: IIS ASP.NET Core Module V2 Request Handler. Commit: </Data></EventData></Event><Event><System><Provider Name="IIS AspNetCore Module V2"/><EventID>1032</EventID><Level>4</Level><Task>0</Task><Keywords>Keywords</Keywords><TimeCreated SystemTime="2025-08-01T01:48:43Z"/><EventRecordID>102022406</EventRecordID><Channel>Application</Channel><Computer>10-30-1-247</Computer><Security/></System><EventData><Data>Application 'C:\Program Files (x86)\SiteExtensions\Functions\4.1041.200\32bit\' started successfully.</Data><Data>Process Id: 6768.</Data><Data>File Version: 18.0.25107.16. Description: IIS ASP.NET Core Module V2 Request Handler. Commit: </Data></EventData></Event><Event><System><Provider Name="IIS AspNetCore Module V2"/><EventID>1033</EventID><Level>4</Level><Task>0</Task><Keywords>Keywords</Keywords><TimeCreated SystemTime="2025-08-01T01:51:44Z"/><EventRecordID>65144765</EventRecordID><Channel>Application</Channel><Computer>10-30-11-41</Computer><Security/></System><EventData><Data>Application 'MACHINE/WEBROOT/APPHOST/AITM-FUNC-1753463791' has shutdown.</Data><Data>Process Id: 6832.</Data><Data>File Version: 18.0.25107.16. Description: IIS ASP.NET Core Module V2 Request Handler. Commit: </Data></EventData></Event><Event><System><Provider Name="IIS AspNetCore Module V2"/><EventID>1032</EventID><Level>4</Level><Task>0</Task><Keywords>Keywords</Keywords><TimeCreated SystemTime="2025-08-01T01:56:03Z"/><EventRecordID>70847234</EventRecordID><Channel>Application</Channel><Computer>10-30-4-211</Computer><Security/></System><EventData><Data>Application 'C:\Program Files (x86)\SiteExtensions\Functions\4.1041.200\32bit\' started successfully.</Data><Data>Process Id: 4200.</Data><Data>File Version: 18.0.25107.16. Description: IIS ASP.NET Core Module V2 Request Handler. Commit: </Data></EventData></Event><Event><System><Provider Name="IIS AspNetCore Module V2"/><EventID>1033</EventID><Level>4</Level><Task>0</Task><Keywords>Keywords</Keywords><TimeCreated SystemTime="2025-08-01T01:58:19Z"/><EventRecordID>175041765</EventRecordID><Channel>Application</Channel><Computer>10-30-5-32</Computer><Security/></System><EventData><Data>Application 'MACHINE/WEBROOT/APPHOST/AITM-FUNC-1753463791' has shutdown.</Data><Data>Process Id: 7240.</Data><Data>File Version: 18.0.25107.16. Description: IIS ASP.NET Core Module V2 Request Handler. Commit: </Data></EventData></Event><Event><System><Provider Name="IIS AspNetCore Module V2"/><EventID>1033</EventID><Level>4</Level><Task>0</Task><Keywords>Keywords</Keywords><TimeCreated SystemTime="2025-08-01T02:05:37Z"/><EventRecordID>103036453</EventRecordID><Channel>Application</Channel><Computer>10-30-1-247</Computer><Security/></System><EventData><Data>Application 'MACHINE/WEBROOT/APPHOST/AITM-FUNC-1753463791' has shutdown.</Data><Data>Process Id: 6768.</Data><Data>File Version: 18.0.25107.16. Description: IIS ASP.NET Core Module V2 Request Handler. Commit: </Data></EventData></Event><Event><System><Provider Name="IIS AspNetCore Module V2"/><EventID>1032</EventID><Level>4</Level><Task>0</Task><Keywords>Keywords</Keywords><TimeCreated SystemTime="2025-08-01T02:06:03Z"/><EventRecordID>82795859</EventRecordID><Channel>Application</Channel><Computer>10-30-0-75</Computer><Security/></System><EventData><Data>Application 'C:\Program Files (x86)\SiteExtensions\Functions\4.1041.200\32bit\' started successfully.</Data><Data>Process Id: 2772.</Data><Data>File Version: 18.0.25107.16. Description: IIS ASP.NET Core Module V2 Request Handler. Commit: </Data></EventData></Event><Event><System><Provider Name="IIS AspNetCore Module V2"/><EventID>1033</EventID><Level>4</Level><Task>0</Task><Keywords>Keywords</Keywords><TimeCreated SystemTime="2025-08-01T02:13:11Z"/><EventRecordID>71875593</EventRecordID><Channel>Application</Channel><Computer>10-30-4-211</Computer><Security/></System><EventData><Data>Application 'MACHINE/WEBROOT/APPHOST/AITM-FUNC-1753463791' has shutdown.</Data><Data>Process Id: 4200.</Data><Data>File Version: 18.0.25107.16. Description: IIS ASP.NET Core Module V2 Request Handler. Commit: </Data></EventData></Event><Event><System><Provider Name="IIS AspNetCore Module V2"/><EventID>1032</EventID><Level>4</Level><Task>0</Task><Keywords>Keywords</Keywords><TimeCreated SystemTime="2025-08-01T02:14:30Z"/><EventRecordID>83398718</EventRecordID><Channel>Application</Channel><Computer>10-30-0-66</Computer><Security/></System><EventData><Data>Application 'C:\Program Files (x86)\SiteExtensions\Functions\4.1041.200\32bit\' started successfully.</Data><Data>Process Id: 6748.</Data><Data>File Version: 18.0.25107.16. Description: IIS ASP.NET Core Module V2 Request Handler. Commit: </Data></EventData></Event><Event><System><Provider Name="IIS AspNetCore Module V2"/><EventID>1033</EventID><Level>4</Level><Task>0</Task><Keywords>Keywords</Keywords><TimeCreated SystemTime="2025-08-01T02:39:12Z"/><EventRecordID>84785062</EventRecordID><Channel>Application</Channel><Computer>10-30-0-75</Computer><Security/></System><EventData><Data>Application 'MACHINE/WEBROOT/APPHOST/AITM-FUNC-1753463791' has shutdown.</Data><Data>Process Id: 2772.</Data><Data>File Version: 18.0.25107.16. Description: IIS ASP.NET Core Module V2 Request Handler. Commit: </Data></EventData></Event><Event><System><Provider Name="IIS AspNetCore Module V2"/><EventID>1032</EventID><Level>4</Level><Task>0</Task><Keywords>Keywords</Keywords><TimeCreated SystemTime="2025-08-01T03:42:42Z"/><EventRecordID>108707359</EventRecordID><Channel>Application</Channel><Computer>10-30-1-251</Computer><Security/></System><EventData><Data>Application 'C:\Program Files (x86)\SiteExtensions\Functions\4.1041.200\32bit\' started successfully.</Data><Data>Process Id: 532.</Data><Data>File Version: 18.0.25107.16. Description: IIS ASP.NET Core Module V2 Request Handler. Commit: </Data></EventData></Event><Event><System><Provider Name="IIS AspNetCore Module V2"/><EventID>1032</EventID><Level>4</Level><Task>0</Task><Keywords>Keywords</Keywords><TimeCreated SystemTime="2025-08-01T03:42:43Z"/><EventRecordID>88717468</EventRecordID><Channel>Application</Channel><Computer>10-30-0-6</Computer><Security/></System><EventData><Data>Application 'C:\Program Files (x86)\SiteExtensions\Functions\4.1041.200\32bit\' started successfully.</Data><Data>Process Id: 3972.</Data><Data>File Version: 18.0.25107.16. Description: IIS ASP.NET Core Module V2 Request Handler. Commit: </Data></EventData></Event><Event><System><Provider Name="IIS AspNetCore Module V2"/><EventID>1033</EventID><Level>4</Level><Task>0</Task><Keywords>Keywords</Keywords><TimeCreated SystemTime="2025-08-01T03:56:53Z"/><EventRecordID>89541375</EventRecordID><Channel>Application</Channel><Computer>10-30-0-66</Computer><Security/></System><EventData><Data>Application 'MACHINE/WEBROOT/APPHOST/AITM-FUNC-1753463791' has shutdown.</Data><Data>Process Id: 6748.</Data><Data>File Version: 18.0.25107.16. Description: IIS ASP.NET Core Module V2 Request Handler. Commit: </Data></EventData></Event><Event><System><Provider Name="IIS AspNetCore Module V2"/><EventID>1032</EventID><Level>4</Level><Task>0</Task><Keywords>Keywords</Keywords><TimeCreated SystemTime="2025-08-01T04:10:18Z"/><EventRecordID>47853796</EventRecordID><Channel>Application</Channel><Computer>10-30-0-108</Computer><Security/></System><EventData><Data>Application 'C:\Program Files (x86)\SiteExtensions\Functions\4.1041.200\32bit\' started successfully.</Data><Data>Process Id: 2036.</Data><Data>File Version: 18.0.25107.16. Description: IIS ASP.NET Core Module V2 Request Handler. Commit: </Data></EventData></Event><Event><System><Provider Name="IIS AspNetCore Module V2"/><EventID>1033</EventID><Level>4</Level><Task>0</Task><Keywords>Keywords</Keywords><TimeCreated SystemTime="2025-08-01T04:10:27Z"/><EventRecordID>110371718</EventRecordID><Channel>Application</Channel><Computer>10-30-1-251</Computer><Security/></System><EventData><Data>Application 'MACHINE/WEBROOT/APPHOST/AITM-FUNC-1753463791' has shutdown.</Data><Data>Process Id: 532.</Data><Data>File Version: 18.0.25107.16. Description: IIS ASP.NET Core Module V2 Request Handler. Commit: </Data></EventData></Event><Event><System><Provider Name="IIS AspNetCore Module V2"/><EventID>1032</EventID><Level>4</Level><Task>0</Task><Keywords>Keywords</Keywords><TimeCreated SystemTime="2025-08-01T04:10:47Z"/><EventRecordID>4900156</EventRecordID><Channel>Application</Channel><Computer>10-30-6-64</Computer><Security/></System><EventData><Data>Application 'C:\Program Files (x86)\SiteExtensions\Functions\4.1041.200\32bit\' started successfully.</Data><Data>Process Id: 4660.</Data><Data>File Version: 18.0.25107.16. Description: IIS ASP.NET Core Module V2 Request Handler. Commit: </Data></EventData></Event><Event><System><Provider Name="IIS AspNetCore Module V2"/><EventID>1032</EventID><Level>4</Level><Task>0</Task><Keywords>Keywords</Keywords><TimeCreated SystemTime="2025-08-01T04:24:59Z"/><EventRecordID>23983671</EventRecordID><Channel>Application</Channel><Computer>10-30-4-72</Computer><Security/></System><EventData><Data>Application 'C:\Program Files (x86)\SiteExtensions\Functions\4.1041.200\32bit\' started successfully.</Data><Data>Process Id: 220.</Data><Data>File Version: 18.0.25107.16. Description: IIS ASP.NET Core Module V2 Request Handler. Commit: </Data></EventData></Event><Event><System><Provider Name="IIS AspNetCore Module V2"/><EventID>1032</EventID><Level>4</Level><Task>0</Task><Keywords>Keywords</Keywords><TimeCreated SystemTime="2025-08-01T04:25:09Z"/><EventRecordID>134724718</EventRecordID><Channel>Application</Channel><Computer>10-30-4-119</Computer><Security/></System><EventData><Data>Application 'C:\Program Files (x86)\SiteExtensions\Functions\4.1041.200\32bit\' started successfully.</Data><Data>Process Id: 7544.</Data><Data>File Version: 18.0.25107.16. Description: IIS ASP.NET Core Module V2 Request Handler. Commit: </Data></EventData></Event><Event><System><Provider Name="IIS AspNetCore Module V2"/><EventID>1032</EventID><Level>4</Level><Task>0</Task><Keywords>Keywords</Keywords><TimeCreated SystemTime="2025-08-01T04:25:09Z"/><EventRecordID>5672046</EventRecordID><Channel>Application</Channel><Computer>10-30-6-203</Computer><Security/></System><EventData><Data>Application 'C:\Program Files (x86)\SiteExtensions\Functions\4.1041.200\32bit\' started successfully.</Data><Data>Process Id: 6960.</Data><Data>File Version: 18.0.25107.16. Description: IIS ASP.NET Core Module V2 Request Handler. Commit: </Data></EventData></Event><Event><System><Provider Name="IIS AspNetCore Module V2"/><EventID>1033</EventID><Level>4</Level><Task>0</Task><Keywords>Keywords</Keywords><TimeCreated SystemTime="2025-08-01T04:25:26Z"/><EventRecordID>91279906</EventRecordID><Channel>Application</Channel><Computer>10-30-0-6</Computer><Security/></System><EventData><Data>Application 'MACHINE/WEBROOT/APPHOST/AITM-FUNC-1753463791' has shutdown.</Data><Data>Process Id: 3972.</Data><Data>File Version: 18.0.25107.16. Description: IIS ASP.NET Core Module V2 Request Handler. Commit: </Data></EventData></Event><Event><System><Provider Name="IIS AspNetCore Module V2"/><EventID>1033</EventID><Level>4</Level><Task>0</Task><Keywords>Keywords</Keywords><TimeCreated SystemTime="2025-08-01T04:26:07Z"/><EventRecordID>48802406</EventRecordID><Channel>Application</Channel><Computer>10-30-0-108</Computer><Security/></System><EventData><Data>Application 'MACHINE/WEBROOT/APPHOST/AITM-FUNC-1753463791' has shutdown.</Data><Data>Process Id: 2036.</Data><Data>File Version: 18.0.25107.16. Description: IIS ASP.NET Core Module V2 Request Handler. Commit: </Data></EventData></Event><Event><System><Provider Name="IIS AspNetCore Module V2"/><EventID>1033</EventID><Level>4</Level><Task>0</Task><Keywords>Keywords</Keywords><TimeCreated SystemTime="2025-08-01T04:40:56Z"/><EventRecordID>6709765</EventRecordID><Channel>Application</Channel><Computer>10-30-6-64</Computer><Security/></System><EventData><Data>Application 'MACHINE/WEBROOT/APPHOST/AITM-FUNC-1753463791' has shutdown.</Data><Data>Process Id: 4660.</Data><Data>File Version: 18.0.25107.16. Description: IIS ASP.NET Core Module V2 Request Handler. Commit: </Data></EventData></Event><Event><System><Provider Name="IIS AspNetCore Module V2"/><EventID>1032</EventID><Level>4</Level><Task>0</Task><Keywords>Keywords</Keywords><TimeCreated SystemTime="2025-08-01T05:07:50Z"/><EventRecordID>82272921</EventRecordID><Channel>Application</Channel><Computer>10-30-4-219</Computer><Security/></System><EventData><Data>Application 'C:\Program Files (x86)\SiteExtensions\Functions\4.1041.200\32bit\' started successfully.</Data><Data>Process Id: 4464.</Data><Data>File Version: 18.0.25107.16. Description: IIS ASP.NET Core Module V2 Request Handler. Commit: </Data></EventData></Event><Event><System><Provider Name="IIS AspNetCore Module V2"/><EventID>1033</EventID><Level>4</Level><Task>0</Task><Keywords>Keywords</Keywords><TimeCreated SystemTime="2025-08-01T05:08:12Z"/><EventRecordID>26576312</EventRecordID><Channel>Application</Channel><Computer>10-30-4-72</Computer><Security/></System><EventData><Data>Application 'MACHINE/WEBROOT/APPHOST/AITM-FUNC-1753463791' has shutdown.</Data><Data>Process Id: 220.</Data><Data>File Version: 18.0.25107.16. Description: IIS ASP.NET Core Module V2 Request Handler. Commit: </Data></EventData></Event><Event><System><Provider Name="IIS AspNetCore Module V2"/><EventID>1033</EventID><Level>4</Level><Task>0</Task><Keywords>Keywords</Keywords><TimeCreated SystemTime="2025-08-01T05:10:07Z"/><EventRecordID>8369828</EventRecordID><Channel>Application</Channel><Computer>10-30-6-203</Computer><Security/></System><EventData><Data>Application 'MACHINE/WEBROOT/APPHOST/AITM-FUNC-1753463791' has shutdown.</Data><Data>Process Id: 6960.</Data><Data>File Version: 18.0.25107.16. Description: IIS ASP.NET Core Module V2 Request Handler. Commit: </Data></EventData></Event><Event><System><Provider Name="IIS AspNetCore Module V2"/><EventID>1032</EventID><Level>4</Level><Task>0</Task><Keywords>Keywords</Keywords><TimeCreated SystemTime="2025-08-01T05:23:31Z"/><EventRecordID>170609187</EventRecordID><Channel>Application</Channel><Computer>10-30-0-195</Computer><Security/></System><EventData><Data>Application 'C:\Program Files (x86)\SiteExtensions\Functions\4.1041.200\32bit\' started successfully.</Data><Data>Process Id: 5812.</Data><Data>File Version: 18.0.25107.16. Description: IIS ASP.NET Core Module V2 Request Handler. Commit: </Data></EventData></Event><Event><System><Provider Name="IIS AspNetCore Module V2"/><EventID>1033</EventID><Level>4</Level><Task>0</Task><Keywords>Keywords</Keywords><TimeCreated SystemTime="2025-08-01T05:23:53Z"/><EventRecordID>138249265</EventRecordID><Channel>Application</Channel><Computer>10-30-4-119</Computer><Security/></System><EventData><Data>Application 'MACHINE/WEBROOT/APPHOST/AITM-FUNC-1753463791' has shutdown.</Data><Data>Process Id: 7544.</Data><Data>File Version: 18.0.25107.16. Description: IIS ASP.NET Core Module V2 Request Handler. Commit: </Data></EventData></Event><Event><System><Provider Name="IIS AspNetCore Module V2"/><EventID>1033</EventID><Level>4</Level><Task>0</Task><Keywords>Keywords</Keywords><TimeCreated SystemTime="2025-08-01T05:38:10Z"/><EventRecordID>84093640</EventRecordID><Channel>Application</Channel><Computer>10-30-4-219</Computer><Security/></System><EventData><Data>Application 'MACHINE/WEBROOT/APPHOST/AITM-FUNC-1753463791' has shutdown.</Data><Data>Process Id: 4464.</Data><Data>File Version: 18.0.25107.16. Description: IIS ASP.NET Core Module V2 Request Handler. Commit: </Data></EventData></Event><Event><System><Provider Name="IIS AspNetCore Module V2"/><EventID>1032</EventID><Level>4</Level><Task>0</Task><Keywords>Keywords</Keywords><TimeCreated SystemTime="2025-08-01T05:38:31Z"/><EventRecordID>166132453</EventRecordID><Channel>Application</Channel><Computer>10-30-3-180</Computer><Security/></System><EventData><Data>Application 'C:\Program Files (x86)\SiteExtensions\Functions\4.1041.200\32bit\' started successfully.</Data><Data>Process Id: 5220.</Data><Data>File Version: 18.0.25107.16. Description: IIS ASP.NET Core Module V2 Request Handler. Commit: </Data></EventData></Event><Event><System><Provider Name="IIS AspNetCore Module V2"/><EventID>1032</EventID><Level>4</Level><Task>0</Task><Keywords>Keywords</Keywords><TimeCreated SystemTime="2025-08-01T05:38:31Z"/><EventRecordID>78829140</EventRecordID><Channel>Application</Channel><Computer>10-30-11-38</Computer><Security/></System><EventData><Data>Application 'C:\Program Files (x86)\SiteExtensions\Functions\4.1041.200\32bit\' started successfully.</Data><Data>Process Id: 7124.</Data><Data>File Version: 18.0.25107.16. Description: IIS ASP.NET Core Module V2 Request Handler. Commit: </Data></EventData></Event><Event><System><Provider Name="IIS AspNetCore Module V2"/><EventID>1033</EventID><Level>4</Level><Task>0</Task><Keywords>Keywords</Keywords><TimeCreated SystemTime="2025-08-01T05:48:58Z"/><EventRecordID>172136828</EventRecordID><Channel>Application</Channel><Computer>10-30-0-195</Computer><Security/></System><EventData><Data>Application 'MACHINE/WEBROOT/APPHOST/AITM-FUNC-1753463791' has shutdown.</Data><Data>Process Id: 5812.</Data><Data>File Version: 18.0.25107.16. Description: IIS ASP.NET Core Module V2 Request Handler. Commit: </Data></EventData></Event><Event><System><Provider Name="IIS AspNetCore Module V2"/><EventID>1033</EventID><Level>4</Level><Task>0</Task><Keywords>Keywords</Keywords><TimeCreated SystemTime="2025-08-01T05:48:59Z"/><EventRecordID>166760234</EventRecordID><Channel>Application</Channel><Computer>10-30-3-180</Computer><Security/></System><EventData><Data>Application 'MACHINE/WEBROOT/APPHOST/AITM-FUNC-1753463791' has shutdown.</Data><Data>Process Id: 5220.</Data><Data>File Version: 18.0.25107.16. Description: IIS ASP.NET Core Module V2 Request Handler. Commit: </Data></EventData></Event><Event><System><Provider Name="IIS AspNetCore Module V2"/><EventID>1033</EventID><Level>4</Level><Task>0</Task><Keywords>Keywords</Keywords><TimeCreated SystemTime="2025-08-01T05:48:59Z"/><EventRecordID>79456640</EventRecordID><Channel>Application</Channel><Computer>10-30-11-38</Computer><Security/></System><EventData><Data>Application 'MACHINE/WEBROOT/APPHOST/AITM-FUNC-1753463791' has shutdown.</Data><Data>Process Id: 7124.</Data><Data>File Version: 18.0.25107.16. Description: IIS ASP.NET Core Module V2 Request Handler. Commit: </Data></EventData></Event><Event><System><Provider Name="IIS AspNetCore Module V2"/><EventID>1032</EventID><Level>4</Level><Task>0</Task><Keywords>Keywords</Keywords><TimeCreated SystemTime="2025-08-01T05:49:28Z"/><EventRecordID>79485906</EventRecordID><Channel>Application</Channel><Computer>10-30-11-38</Computer><Security/></System><EventData><Data>Application 'C:\Program Files (x86)\SiteExtensions\Functions\4.1041.200\32bit\' started successfully.</Data><Data>Process Id: 3688.</Data><Data>File Version: 18.0.25107.16. Description: IIS ASP.NET Core Module V2 Request Handler. Commit: </Data></EventData></Event><Event><System><Provider Name="IIS AspNetCore Module V2"/><EventID>1032</EventID><Level>4</Level><Task>0</Task><Keywords>Keywords</Keywords><TimeCreated SystemTime="2025-08-01T05:49:58Z"/><EventRecordID>172196015</EventRecordID><Channel>Application</Channel><Computer>10-30-0-195</Computer><Security/></System><EventData><Data>Application 'C:\Program Files (x86)\SiteExtensions\Functions\4.1041.200\32bit\' started successfully.</Data><Data>Process Id: 3764.</Data><Data>File Version: 18.0.25107.16. Description: IIS ASP.NET Core Module V2 Request Handler. Commit: </Data></EventData></Event><Event><System><Provider Name="IIS AspNetCore Module V2"/><EventID>1032</EventID><Level>4</Level><Task>0</Task><Keywords>Keywords</Keywords><TimeCreated SystemTime="2025-08-01T05:50:14Z"/><EventRecordID>166835968</EventRecordID><Channel>Application</Channel><Computer>10-30-3-180</Computer><Security/></System><EventData><Data>Application 'C:\Program Files (x86)\SiteExtensions\Functions\4.1041.200\32bit\' started successfully.</Data><Data>Process Id: 6632.</Data><Data>File Version: 18.0.25107.16. Description: IIS ASP.NET Core Module V2 Request Handler. Commit: </Data></EventData></Event><Event><System><Provider Name="IIS AspNetCore Module V2"/><EventID>1033</EventID><Level>4</Level><Task>0</Task><Keywords>Keywords</Keywords><TimeCreated SystemTime="2025-08-01T05:52:56Z"/><EventRecordID>79694203</EventRecordID><Channel>Application</Channel><Computer>10-30-11-38</Computer><Security/></System><EventData><Data>Application 'MACHINE/WEBROOT/APPHOST/AITM-FUNC-1753463791' has shutdown.</Data><Data>Process Id: 3688.</Data><Data>File Version: 18.0.25107.16. Description: IIS ASP.NET Core Module V2 Request Handler. Commit: </Data></EventData></Event><Event><System><Provider Name="IIS AspNetCore Module V2"/><EventID>1033</EventID><Level>4</Level><Task>0</Task><Keywords>Keywords</Keywords><TimeCreated SystemTime="2025-08-01T05:53:47Z"/><EventRecordID>167048625</EventRecordID><Channel>Application</Channel><Computer>10-30-3-180</Computer><Security/></System><EventData><Data>Application 'MACHINE/WEBROOT/APPHOST/AITM-FUNC-1753463791' has shutdown.</Data><Data>Process Id: 6632.</Data><Data>File Version: 18.0.25107.16. Description: IIS ASP.NET Core Module V2 Request Handler. Commit: </Data></EventData></Event><Event><System><Provider Name="IIS AspNetCore Module V2"/><EventID>1033</EventID><Level>4</Level><Task>0</Task><Keywords>Keywords</Keywords><TimeCreated SystemTime="2025-08-01T06:10:49Z"/><EventRecordID>173447718</EventRecordID><Channel>Application</Channel><Computer>10-30-0-195</Computer><Security/></System><EventData><Data>Application 'MACHINE/WEBROOT/APPHOST/AITM-FUNC-1753463791' has shutdown.</Data><Data>Process Id: 3764.</Data><Data>File Version: 18.0.25107.16. Description: IIS ASP.NET Core Module V2 Request Handler. Commit: </Data></EventData></Event><Event><System><Provider Name="IIS AspNetCore Module V2"/><EventID>1032</EventID><Level>4</Level><Task>0</Task><Keywords>Keywords</Keywords><TimeCreated SystemTime="2025-08-01T06:11:19Z"/><EventRecordID>173477531</EventRecordID><Channel>Application</Channel><Computer>10-30-0-195</Computer><Security/></System><EventData><Data>Application 'C:\Program Files (x86)\SiteExtensions\Functions\4.1041.200\32bit\' started successfully.</Data><Data>Process Id: 7840.</Data><Data>File Version: 18.0.25107.16. Description: IIS ASP.NET Core Module V2 Request Handler. Commit: </Data></EventData></Event><Event><System><Provider Name="IIS AspNetCore Module V2"/><EventID>1032</EventID><Level>4</Level><Task>0</Task><Keywords>Keywords</Keywords><TimeCreated SystemTime="2025-08-01T06:13:02Z"/><EventRecordID>190333125</EventRecordID><Channel>Application</Channel><Computer>10-30-5-4</Computer><Security/></System><EventData><Data>Application 'C:\Program Files (x86)\SiteExtensions\Functions\4.1041.200\32bit\' started successfully.</Data><Data>Process Id: 2952.</Data><Data>File Version: 18.0.25107.16. Description: IIS ASP.NET Core Module V2 Request Handler. Commit: </Data></EventData></Event><Event><System><Provider Name="IIS AspNetCore Module V2"/><EventID>1033</EventID><Level>4</Level><Task>0</Task><Keywords>Keywords</Keywords><TimeCreated SystemTime="2025-08-01T06:14:01Z"/><EventRecordID>173639750</EventRecordID><Channel>Application</Channel><Computer>10-30-0-195</Computer><Security/></System><EventData><Data>Application 'MACHINE/WEBROOT/APPHOST/AITM-FUNC-1753463791' has shutdown.</Data><Data>Process Id: 7840.</Data><Data>File Version: 18.0.25107.16. Description: IIS ASP.NET Core Module V2 Request Handler. Commit: </Data></EventData></Event><Event><System><Provider Name="IIS AspNetCore Module V2"/><EventID>1033</EventID><Level>4</Level><Task>0</Task><Keywords>Keywords</Keywords><TimeCreated SystemTime="2025-08-01T06:16:32Z"/><EventRecordID>190543265</EventRecordID><Channel>Application</Channel><Computer>10-30-5-4</Computer><Security/></System><EventData><Data>Application 'MACHINE/WEBROOT/APPHOST/AITM-FUNC-1753463791' has shutdown.</Data><Data>Process Id: 2952.</Data><Data>File Version: 18.0.25107.16. Description: IIS ASP.NET Core Module V2 Request Handler. Commit: </Data></EventData></Event><Event><System><Provider Name="IIS AspNetCore Module V2"/><EventID>1032</EventID><Level>4</Level><Task>0</Task><Keywords>Keywords</Keywords><TimeCreated SystemTime="2025-08-01T06:17:04Z"/><EventRecordID>190574796</EventRecordID><Channel>Application</Channel><Computer>10-30-5-4</Computer><Security/></System><EventData><Data>Application 'C:\Program Files (x86)\SiteExtensions\Functions\4.1041.200\32bit\' started successfully.</Data><Data>Process Id: 7844.</Data><Data>File Version: 18.0.25107.16. Description: IIS ASP.NET Core Module V2 Request Handler. Commit: </Data></EventData></Event><Event><System><Provider Name="ZipFS"/><EventID>0</EventID><Level>1</Level><Task>0</Task><Keywords>Keywords</Keywords><TimeCreated SystemTime="2025-08-01T06:17:32Z"/><EventRecordID>190602703</EventRecordID><Channel>Application</Channel><Computer>10-30-5-4</Computer><Security/></System><EventData><Data>Site is using stale zip. Refresh Zip initiating a recycle of the worker process.</Data></EventData></Event><Event><System><Provider Name="IIS AspNetCore Module V2"/><EventID>1033</EventID><Level>4</Level><Task>0</Task><Keywords>Keywords</Keywords><TimeCreated SystemTime="2025-08-01T06:33:53Z"/><EventRecordID>191584500</EventRecordID><Channel>Application</Channel><Computer>10-30-5-4</Computer><Security/></System><EventData><Data>Application 'MACHINE/WEBROOT/APPHOST/AITM-FUNC-1753463791' has shutdown.</Data><Data>Process Id: 7844.</Data><Data>File Version: 18.0.25107.16. Description: IIS ASP.NET Core Module V2 Request Handler. Commit: </Data></EventData></Event><Event><System><Provider Name="IIS AspNetCore Module V2"/><EventID>1032</EventID><Level>4</Level><Task>0</Task><Keywords>Keywords</Keywords><TimeCreated SystemTime="2025-08-01T06:34:53Z"/><EventRecordID>191643906</EventRecordID><Channel>Application</Channel><Computer>10-30-5-4</Computer><Security/></System><EventData><Data>Application 'C:\Program Files (x86)\SiteExtensions\Functions\4.1041.200\32bit\' started successfully.</Data><Data>Process Id: 4980.</Data><Data>File Version: 18.0.25107.16. Description: IIS ASP.NET Core Module V2 Request Handler. Commit: </Data></EventData></Event><Event><System><Provider Name="IIS AspNetCore Module V2"/><EventID>1033</EventID><Level>4</Level><Task>0</Task><Keywords>Keywords</Keywords><TimeCreated SystemTime="2025-08-01T06:36:23Z"/><EventRecordID>191734515</EventRecordID><Channel>Application</Channel><Computer>10-30-5-4</Computer><Security/></System><EventData><Data>Application 'MACHINE/WEBROOT/APPHOST/AITM-FUNC-1753463791' has shutdown.</Data><Data>Process Id: 4980.</Data><Data>File Version: 18.0.25107.16. Description: IIS ASP.NET Core Module V2 Request Handler. Commit: </Data></EventData></Event><Event><System><Provider Name="IIS AspNetCore Module V2"/><EventID>1032</EventID><Level>4</Level><Task>0</Task><Keywords>Keywords</Keywords><TimeCreated SystemTime="2025-08-01T06:36:50Z"/><EventRecordID>191760812</EventRecordID><Channel>Application</Channel><Computer>10-30-5-4</Computer><Security/></System><EventData><Data>Application 'C:\Program Files (x86)\SiteExtensions\Functions\4.1041.200\32bit\' started successfully.</Data><Data>Process Id: 5352.</Data><Data>File Version: 18.0.25107.16. Description: IIS ASP.NET Core Module V2 Request Handler. Commit: </Data></EventData></Event><Event><System><Provider Name="IIS AspNetCore Module V2"/><EventID>1033</EventID><Level>4</Level><Task>0</Task><Keywords>Keywords</Keywords><TimeCreated SystemTime="2025-08-01T06:36:53Z"/><EventRecordID>191764531</EventRecordID><Channel>Application</Channel><Computer>10-30-5-4</Computer><Security/></System><EventData><Data>Application 'MACHINE/WEBROOT/APPHOST/AITM-FUNC-1753463791' has shutdown.</Data><Data>Process Id: 5352.</Data><Data>File Version: 18.0.25107.16. Description: IIS ASP.NET Core Module V2 Request Handler. Commit: </Data></EventData></Event><Event><System><Provider Name="IIS AspNetCore Module V2"/><EventID>1032</EventID><Level>4</Level><Task>0</Task><Keywords>Keywords</Keywords><TimeCreated SystemTime="2025-08-01T06:37:13Z"/><EventRecordID>191784265</EventRecordID><Channel>Application</Channel><Computer>10-30-5-4</Computer><Security/></System><EventData><Data>Application 'C:\Program Files (x86)\SiteExtensions\Functions\4.1041.200\32bit\' started successfully.</Data><Data>Process Id: 3192.</Data><Data>File Version: 18.0.25107.16. Description: IIS ASP.NET Core Module V2 Request Handler. Commit: </Data></EventData></Event><Event><System><Provider Name="IIS AspNetCore Module V2"/><EventID>1032</EventID><Level>4</Level><Task>0</Task><Keywords>Keywords</Keywords><TimeCreated SystemTime="2025-08-01T06:37:16Z"/><EventRecordID>87573828</EventRecordID><Channel>Application</Channel><Computer>10-30-4-226</Computer><Security/></System><EventData><Data>Application 'C:\Program Files (x86)\SiteExtensions\Functions\4.1041.200\32bit\' started successfully.</Data><Data>Process Id: 7860.</Data><Data>File Version: 18.0.25107.16. Description: IIS ASP.NET Core Module V2 Request Handler. Commit: </Data></EventData></Event><Event><System><Provider Name="IIS AspNetCore Module V2"/><EventID>1032</EventID><Level>4</Level><Task>0</Task><Keywords>Keywords</Keywords><TimeCreated SystemTime="2025-08-01T06:37:17Z"/><EventRecordID>103927718</EventRecordID><Channel>Application</Channel><Computer>10-30-10-119</Computer><Security/></System><EventData><Data>Application 'C:\Program Files (x86)\SiteExtensions\Functions\4.1041.200\32bit\' started successfully.</Data><Data>Process Id: 8188.</Data><Data>File Version: 18.0.25107.16. Description: IIS ASP.NET Core Module V2 Request Handler. Commit: </Data></EventData></Event><Event><System><Provider Name="IIS AspNetCore Module V2"/><EventID>1032</EventID><Level>4</Level><Task>0</Task><Keywords>Keywords</Keywords><TimeCreated SystemTime="2025-08-01T06:37:20Z"/><EventRecordID>175420187</EventRecordID><Channel>Application</Channel><Computer>10-30-0-202</Computer><Security/></System><EventData><Data>Application 'C:\Program Files (x86)\SiteExtensions\Functions\4.1041.200\32bit\' started successfully.</Data><Data>Process Id: 4796.</Data><Data>File Version: 18.0.25107.16. Description: IIS ASP.NET Core Module V2 Request Handler. Commit: </Data></EventData></Event><Event><System><Provider Name="IIS AspNetCore Module V2"/><EventID>1033</EventID><Level>4</Level><Task>0</Task><Keywords>Keywords</Keywords><TimeCreated SystemTime="2025-08-01T06:43:52Z"/><EventRecordID>192183484</EventRecordID><Channel>Application</Channel><Computer>10-30-5-4</Computer><Security/></System><EventData><Data>Application 'MACHINE/WEBROOT/APPHOST/AITM-FUNC-1753463791' has shutdown.</Data><Data>Process Id: 3192.</Data><Data>File Version: 18.0.25107.16. Description: IIS ASP.NET Core Module V2 Request Handler. Commit: </Data></EventData></Event><Event><System><Provider Name="IIS AspNetCore Module V2"/><EventID>1033</EventID><Level>4</Level><Task>0</Task><Keywords>Keywords</Keywords><TimeCreated SystemTime="2025-08-01T06:43:52Z"/><EventRecordID>104323171</EventRecordID><Channel>Application</Channel><Computer>10-30-10-119</Computer><Security/></System><EventData><Data>Application 'MACHINE/WEBROOT/APPHOST/AITM-FUNC-1753463791' has shutdown.</Data><Data>Process Id: 8188.</Data><Data>File Version: 18.0.25107.16. Description: IIS ASP.NET Core Module V2 Request Handler. Commit: </Data></EventData></Event><Event><System><Provider Name="IIS AspNetCore Module V2"/><EventID>1033</EventID><Level>4</Level><Task>0</Task><Keywords>Keywords</Keywords><TimeCreated SystemTime="2025-08-01T06:43:53Z"/><EventRecordID>87970640</EventRecordID><Channel>Application</Channel><Computer>10-30-4-226</Computer><Security/></System><EventData><Data>Application 'MACHINE/WEBROOT/APPHOST/AITM-FUNC-1753463791' has shutdown.</Data><Data>Process Id: 7860.</Data><Data>File Version: 18.0.25107.16. Description: IIS ASP.NET Core Module V2 Request Handler. Commit: </Data></EventData></Event><Event><System><Provider Name="IIS AspNetCore Module V2"/><EventID>1033</EventID><Level>4</Level><Task>0</Task><Keywords>Keywords</Keywords><TimeCreated SystemTime="2025-08-01T06:43:53Z"/><EventRecordID>175814109</EventRecordID><Channel>Application</Channel><Computer>10-30-0-202</Computer><Security/></System><EventData><Data>Application 'MACHINE/WEBROOT/APPHOST/AITM-FUNC-1753463791' has shutdown.</Data><Data>Process Id: 4796.</Data><Data>File Version: 18.0.25107.16. Description: IIS ASP.NET Core Module V2 Request Handler. Commit: </Data></EventData></Event><Event><System><Provider Name="IIS AspNetCore Module V2"/><EventID>1032</EventID><Level>4</Level><Task>0</Task><Keywords>Keywords</Keywords><TimeCreated SystemTime="2025-08-01T06:44:05Z"/><EventRecordID>175825812</EventRecordID><Channel>Application</Channel><Computer>10-30-0-202</Computer><Security/></System><EventData><Data>Application 'C:\Program Files (x86)\SiteExtensions\Functions\4.1041.200\32bit\' started successfully.</Data><Data>Process Id: 5100.</Data><Data>File Version: 18.0.25107.16. Description: IIS ASP.NET Core Module V2 Request Handler. Commit: </Data></EventData></Event><Event><System><Provider Name="IIS AspNetCore Module V2"/><EventID>1033</EventID><Level>4</Level><Task>0</Task><Keywords>Keywords</Keywords><TimeCreated SystemTime="2025-08-01T06:44:34Z"/><EventRecordID>175854281</EventRecordID><Channel>Application</Channel><Computer>10-30-0-202</Computer><Security/></System><EventData><Data>Application 'MACHINE/WEBROOT/APPHOST/AITM-FUNC-1753463791' has shutdown.</Data><Data>Process Id: 5100.</Data><Data>File Version: 18.0.25107.16. Description: IIS ASP.NET Core Module V2 Request Handler. Commit: </Data></EventData></Event><Event><System><Provider Name="IIS AspNetCore Module V2"/><EventID>1032</EventID><Level>4</Level><Task>0</Task><Keywords>Keywords</Keywords><TimeCreated SystemTime="2025-08-01T06:44:45Z"/><EventRecordID>175865468</EventRecordID><Channel>Application</Channel><Computer>10-30-0-202</Computer><Security/></System><EventData><Data>Application 'C:\Program Files (x86)\SiteExtensions\Functions\4.1041.200\32bit\' started successfully.</Data><Data>Process Id: 6628.</Data><Data>File Version: 18.0.25107.16. Description: IIS ASP.NET Core Module V2 Request Handler. Commit: </Data></EventData></Event><Event><System><Provider Name="IIS AspNetCore Module V2"/><EventID>1032</EventID><Level>4</Level><Task>0</Task><Keywords>Keywords</Keywords><TimeCreated SystemTime="2025-08-01T06:45:31Z"/><EventRecordID>104422218</EventRecordID><Channel>Application</Channel><Computer>10-30-10-119</Computer><Security/></System><EventData><Data>Application 'C:\Program Files (x86)\SiteExtensions\Functions\4.1041.200\32bit\' started successfully.</Data><Data>Process Id: 1700.</Data><Data>File Version: 18.0.25107.16. Description: IIS ASP.NET Core Module V2 Request Handler. Commit: </Data></EventData></Event><Event><System><Provider Name="IIS AspNetCore Module V2"/><EventID>1032</EventID><Level>4</Level><Task>0</Task><Keywords>Keywords</Keywords><TimeCreated SystemTime="2025-08-01T06:46:00Z"/><EventRecordID>119805796</EventRecordID><Channel>Application</Channel><Computer>10-30-1-243</Computer><Security/></System><EventData><Data>Application 'C:\Program Files (x86)\SiteExtensions\Functions\4.1041.200\32bit\' started successfully.</Data><Data>Process Id: 2148.</Data><Data>File Version: 18.0.25107.16. Description: IIS ASP.NET Core Module V2 Request Handler. Commit: </Data></EventData></Event><Event><System><Provider Name="IIS AspNetCore Module V2"/><EventID>1032</EventID><Level>4</Level><Task>0</Task><Keywords>Keywords</Keywords><TimeCreated SystemTime="2025-08-01T06:46:01Z"/><EventRecordID>2956359</EventRecordID><Channel>Application</Channel><Computer>10-30-7-168</Computer><Security/></System><EventData><Data>Application 'C:\Program Files (x86)\SiteExtensions\Functions\4.1041.200\32bit\' started successfully.</Data><Data>Process Id: 1668.</Data><Data>File Version: 18.0.25107.16. Description: IIS ASP.NET Core Module V2 Request Handler. Commit: </Data></EventData></Event><Event><System><Provider Name="IIS AspNetCore Module V2"/><EventID>1032</EventID><Level>4</Level><Task>0</Task><Keywords>Keywords</Keywords><TimeCreated SystemTime="2025-08-01T06:46:02Z"/><EventRecordID>131446390</EventRecordID><Channel>Application</Channel><Computer>10-30-6-122</Computer><Security/></System><EventData><Data>Application 'C:\Program Files (x86)\SiteExtensions\Functions\4.1041.200\32bit\' started successfully.</Data><Data>Process Id: 7060.</Data><Data>File Version: 18.0.25107.16. Description: IIS ASP.NET Core Module V2 Request Handler. Commit: </Data></EventData></Event><Event><System><Provider Name="IIS AspNetCore Module V2"/><EventID>1033</EventID><Level>4</Level><Task>0</Task><Keywords>Keywords</Keywords><TimeCreated SystemTime="2025-08-01T06:47:08Z"/><EventRecordID>104519171</EventRecordID><Channel>Application</Channel><Computer>10-30-10-119</Computer><Security/></System><EventData><Data>Application 'MACHINE/WEBROOT/APPHOST/AITM-FUNC-1753463791' has shutdown.</Data><Data>Process Id: 1700.</Data><Data>File Version: 18.0.25107.16. Description: IIS ASP.NET Core Module V2 Request Handler. Commit: </Data></EventData></Event><Event><System><Provider Name="IIS AspNetCore Module V2"/><EventID>1033</EventID><Level>4</Level><Task>0</Task><Keywords>Keywords</Keywords><TimeCreated SystemTime="2025-08-01T06:59:28Z"/><EventRecordID>176748421</EventRecordID><Channel>Application</Channel><Computer>10-30-0-202</Computer><Security/></System><EventData><Data>Application 'MACHINE/WEBROOT/APPHOST/AITM-FUNC-1753463791' has shutdown.</Data><Data>Process Id: 6628.</Data><Data>File Version: 18.0.25107.16. Description: IIS ASP.NET Core Module V2 Request Handler. Commit: </Data></EventData></Event><Event><System><Provider Name="IIS AspNetCore Module V2"/><EventID>1033</EventID><Level>4</Level><Task>0</Task><Keywords>Keywords</Keywords><TimeCreated SystemTime="2025-08-01T06:59:28Z"/><EventRecordID>120613218</EventRecordID><Channel>Application</Channel><Computer>10-30-1-243</Computer><Security/></System><EventData><Data>Application 'MACHINE/WEBROOT/APPHOST/AITM-FUNC-1753463791' has shutdown.</Data><Data>Process Id: 2148.</Data><Data>File Version: 18.0.25107.16. Description: IIS ASP.NET Core Module V2 Request Handler. Commit: </Data></EventData></Event><Event><System><Provider Name="IIS AspNetCore Module V2"/><EventID>1033</EventID><Level>4</Level><Task>0</Task><Keywords>Keywords</Keywords><TimeCreated SystemTime="2025-08-01T06:59:29Z"/><EventRecordID>3764015</EventRecordID><Channel>Application</Channel><Computer>10-30-7-168</Computer><Security/></System><EventData><Data>Application 'MACHINE/WEBROOT/APPHOST/AITM-FUNC-1753463791' has shutdown.</Data><Data>Process Id: 1668.</Data><Data>File Version: 18.0.25107.16. Description: IIS ASP.NET Core Module V2 Request Handler. Commit: </Data></EventData></Event><Event><System><Provider Name="IIS AspNetCore Module V2"/><EventID>1033</EventID><Level>4</Level><Task>0</Task><Keywords>Keywords</Keywords><TimeCreated SystemTime="2025-08-01T06:59:30Z"/><EventRecordID>132254093</EventRecordID><Channel>Application</Channel><Computer>10-30-6-122</Computer><Security/></System><EventData><Data>Application 'MACHINE/WEBROOT/APPHOST/AITM-FUNC-1753463791' has shutdown.</Data><Data>Process Id: 7060.</Data><Data>File Version: 18.0.25107.16. Description: IIS ASP.NET Core Module V2 Request Handler. Commit: </Data></EventData></Event><Event><System><Provider Name="IIS AspNetCore Module V2"/><EventID>1032</EventID><Level>4</Level><Task>0</Task><Keywords>Keywords</Keywords><TimeCreated SystemTime="2025-08-01T06:59:42Z"/><EventRecordID>132265734</EventRecordID><Channel>Application</Channel><Computer>10-30-6-122</Computer><Security/></System><EventData><Data>Application 'C:\Program Files (x86)\SiteExtensions\Functions\4.1041.200\32bit\' started successfully.</Data><Data>Process Id: 3488.</Data><Data>File Version: 18.0.25107.16. Description: IIS ASP.NET Core Module V2 Request Handler. Commit: </Data></EventData></Event><Event><System><Provider Name="IIS AspNetCore Module V2"/><EventID>1032</EventID><Level>4</Level><Task>0</Task><Keywords>Keywords</Keywords><TimeCreated SystemTime="2025-08-01T06:59:50Z"/><EventRecordID>3785296</EventRecordID><Channel>Application</Channel><Computer>10-30-7-168</Computer><Security/></System><EventData><Data>Application 'C:\Program Files (x86)\SiteExtensions\Functions\4.1041.200\32bit\' started successfully.</Data><Data>Process Id: 4884.</Data><Data>File Version: 18.0.25107.16. Description: IIS ASP.NET Core Module V2 Request Handler. Commit: </Data></EventData></Event><Event><System><Provider Name="IIS AspNetCore Module V2"/><EventID>1033</EventID><Level>4</Level><Task>0</Task><Keywords>Keywords</Keywords><TimeCreated SystemTime="2025-08-01T06:59:55Z"/><EventRecordID>132279093</EventRecordID><Channel>Application</Channel><Computer>10-30-6-122</Computer><Security/></System><EventData><Data>Application 'MACHINE/WEBROOT/APPHOST/AITM-FUNC-1753463791' has shutdown.</Data><Data>Process Id: 3488.</Data><Data>File Version: 18.0.25107.16. Description: IIS ASP.NET Core Module V2 Request Handler. Commit: </Data></EventData></Event><Event><System><Provider Name="IIS AspNetCore Module V2"/><EventID>1033</EventID><Level>4</Level><Task>0</Task><Keywords>Keywords</Keywords><TimeCreated SystemTime="2025-08-01T07:00:03Z"/><EventRecordID>3798359</EventRecordID><Channel>Application</Channel><Computer>10-30-7-168</Computer><Security/></System><EventData><Data>Application 'MACHINE/WEBROOT/APPHOST/AITM-FUNC-1753463791' has shutdown.</Data><Data>Process Id: 4884.</Data><Data>File Version: 18.0.25107.16. Description: IIS ASP.NET Core Module V2 Request Handler. Commit: </Data></EventData></Event><Event><System><Provider Name="IIS AspNetCore Module V2"/><EventID>1032</EventID><Level>4</Level><Task>0</Task><Keywords>Keywords</Keywords><TimeCreated SystemTime="2025-08-01T07:00:22Z"/><EventRecordID>132306562</EventRecordID><Channel>Application</Channel><Computer>10-30-6-122</Computer><Security/></System><EventData><Data>Application 'C:\Program Files (x86)\SiteExtensions\Functions\4.1041.200\32bit\' started successfully.</Data><Data>Process Id: 6736.</Data><Data>File Version: 18.0.25107.16. Description: IIS ASP.NET Core Module V2 Request Handler. Commit: </Data></EventData></Event><Event><System><Provider Name="IIS AspNetCore Module V2"/><EventID>1032</EventID><Level>4</Level><Task>0</Task><Keywords>Keywords</Keywords><TimeCreated SystemTime="2025-08-01T07:01:44Z"/><EventRecordID>14940718</EventRecordID><Channel>Application</Channel><Computer>10-30-6-80</Computer><Security/></System><EventData><Data>Application 'C:\Program Files (x86)\SiteExtensions\Functions\4.1041.200\32bit\' started successfully.</Data><Data>Process Id: 916.</Data><Data>File Version: 18.0.25107.16. Description: IIS ASP.NET Core Module V2 Request Handler. Commit: </Data></EventData></Event><Event><System><Provider Name="IIS AspNetCore Module V2"/><EventID>1032</EventID><Level>4</Level><Task>0</Task><Keywords>Keywords</Keywords><TimeCreated SystemTime="2025-08-01T07:01:45Z"/><EventRecordID>143971328</EventRecordID><Channel>Application</Channel><Computer>10-30-4-142</Computer><Security/></System><EventData><Data>Application 'C:\Program Files (x86)\SiteExtensions\Functions\4.1041.200\32bit\' started successfully.</Data><Data>Process Id: 6960.</Data><Data>File Version: 18.0.25107.16. Description: IIS ASP.NET Core Module V2 Request Handler. Commit: </Data></EventData></Event><Event><System><Provider Name="IIS AspNetCore Module V2"/><EventID>1032</EventID><Level>4</Level><Task>0</Task><Keywords>Keywords</Keywords><TimeCreated SystemTime="2025-08-01T07:02:03Z"/><EventRecordID>3917640</EventRecordID><Channel>Application</Channel><Computer>10-30-7-168</Computer><Security/></System><EventData><Data>Application 'C:\Program Files (x86)\SiteExtensions\Functions\4.1041.200\32bit\' started successfully.</Data><Data>Process Id: 3108.</Data><Data>File Version: 18.0.25107.16. Description: IIS ASP.NET Core Module V2 Request Handler. Commit: </Data></EventData></Event><Event><System><Provider Name="IIS AspNetCore Module V2"/><EventID>1033</EventID><Level>4</Level><Task>0</Task><Keywords>Keywords</Keywords><TimeCreated SystemTime="2025-08-01T07:04:03Z"/><EventRecordID>4037828</EventRecordID><Channel>Application</Channel><Computer>10-30-7-168</Computer><Security/></System><EventData><Data>Application 'MACHINE/WEBROOT/APPHOST/AITM-FUNC-1753463791' has shutdown.</Data><Data>Process Id: 3108.</Data><Data>File Version: 18.0.25107.16. Description: IIS ASP.NET Core Module V2 Request Handler. Commit: </Data></EventData></Event><Event><System><Provider Name="IIS AspNetCore Module V2"/><EventID>1033</EventID><Level>4</Level><Task>0</Task><Keywords>Keywords</Keywords><TimeCreated SystemTime="2025-08-01T07:09:55Z"/><EventRecordID>15432015</EventRecordID><Channel>Application</Channel><Computer>10-30-6-80</Computer><Security/></System><EventData><Data>Application 'MACHINE/WEBROOT/APPHOST/AITM-FUNC-1753463791' has shutdown.</Data><Data>Process Id: 916.</Data><Data>File Version: 18.0.25107.16. Description: IIS ASP.NET Core Module V2 Request Handler. Commit: </Data></EventData></Event><Event><System><Provider Name="IIS AspNetCore Module V2"/><EventID>1033</EventID><Level>4</Level><Task>0</Task><Keywords>Keywords</Keywords><TimeCreated SystemTime="2025-08-01T07:10:28Z"/><EventRecordID>132912625</EventRecordID><Channel>Application</Channel><Computer>10-30-6-122</Computer><Security/></System><EventData><Data>Application 'MACHINE/WEBROOT/APPHOST/AITM-FUNC-1753463791' has shutdown.</Data><Data>Process Id: 6736.</Data><Data>File Version: 18.0.25107.16. Description: IIS ASP.NET Core Module V2 Request Handler. Commit: </Data></EventData></Event><Event><System><Provider Name="IIS AspNetCore Module V2"/><EventID>1005</EventID><Level>2</Level><Task>0</Task><Keywords>Keywords</Keywords><TimeCreated SystemTime="2025-08-01T07:20:35Z"/><EventRecordID>145100656</EventRecordID><Channel>Application</Channel><Computer>10-30-4-142</Computer><Security/></System><EventData><Data>Failed to gracefully shutdown application 'MACHINE/WEBROOT/APPHOST/AITM-FUNC-1753463791'.</Data><Data>Process Id: 6960.</Data><Data>File Version: 18.0.25107.16. Description: IIS ASP.NET Core Module V2 Request Handler. Commit: </Data></EventData></Event><Event><System><Provider Name="IIS AspNetCore Module V2"/><EventID>1032</EventID><Level>4</Level><Task>0</Task><Keywords>Keywords</Keywords><TimeCreated SystemTime="2025-08-01T07:20:40Z"/><EventRecordID>194391578</EventRecordID><Channel>Application</Channel><Computer>10-30-5-4</Computer><Security/></System><EventData><Data>Application 'C:\Program Files (x86)\SiteExtensions\Functions\4.1041.200\32bit\' started successfully.</Data><Data>Process Id: 2352.</Data><Data>File Version: 18.0.25107.16. Description: IIS ASP.NET Core Module V2 Request Handler. Commit: </Data></EventData></Event><Event><System><Provider Name="IIS AspNetCore Module V2"/><EventID>1032</EventID><Level>4</Level><Task>0</Task><Keywords>Keywords</Keywords><TimeCreated SystemTime="2025-08-01T07:20:47Z"/><EventRecordID>59316859</EventRecordID><Channel>Application</Channel><Computer>10-30-0-104</Computer><Security/></System><EventData><Data>Application 'C:\Program Files (x86)\SiteExtensions\Functions\4.1041.200\32bit\' started successfully.</Data><Data>Process Id: 3060.</Data><Data>File Version: 18.0.25107.16. Description: IIS ASP.NET Core Module V2 Request Handler. Commit: </Data></EventData></Event><Event><System><Provider Name="IIS AspNetCore Module V2"/><EventID>1032</EventID><Level>4</Level><Task>0</Task><Keywords>Keywords</Keywords><TimeCreated SystemTime="2025-08-01T07:21:02Z"/><EventRecordID>145128390</EventRecordID><Channel>Application</Channel><Computer>10-30-4-142</Computer><Security/></System><EventData><Data>Application 'C:\Program Files (x86)\SiteExtensions\Functions\4.1041.200\32bit\' started successfully.</Data><Data>Process Id: 4688.</Data><Data>File Version: 18.0.25107.16. Description: IIS ASP.NET Core Module V2 Request Handler. Commit: </Data></EventData></Event><Event><System><Provider Name="IIS AspNetCore Module V2"/><EventID>1033</EventID><Level>4</Level><Task>0</Task><Keywords>Keywords</Keywords><TimeCreated SystemTime="2025-08-01T07:26:12Z"/><EventRecordID>145438375</EventRecordID><Channel>Application</Channel><Computer>10-30-4-142</Computer><Security/></System><EventData><Data>Application 'MACHINE/WEBROOT/APPHOST/AITM-FUNC-1753463791' has shutdown.</Data><Data>Process Id: 4688.</Data><Data>File Version: 18.0.25107.16. Description: IIS ASP.NET Core Module V2 Request Handler. Commit: </Data></EventData></Event><Event><System><Provider Name="IIS AspNetCore Module V2"/><EventID>1033</EventID><Level>4</Level><Task>0</Task><Keywords>Keywords</Keywords><TimeCreated SystemTime="2025-08-01T07:26:13Z"/><EventRecordID>194724578</EventRecordID><Channel>Application</Channel><Computer>10-30-5-4</Computer><Security/></System><EventData><Data>Application 'MACHINE/WEBROOT/APPHOST/AITM-FUNC-1753463791' has shutdown.</Data><Data>Process Id: 2352.</Data><Data>File Version: 18.0.25107.16. Description: IIS ASP.NET Core Module V2 Request Handler. Commit: </Data></EventData></Event><Event><System><Provider Name="IIS AspNetCore Module V2"/><EventID>1005</EventID><Level>2</Level><Task>0</Task><Keywords>Keywords</Keywords><TimeCreated SystemTime="2025-08-01T07:26:22Z"/><EventRecordID>59652140</EventRecordID><Channel>Application</Channel><Computer>10-30-0-104</Computer><Security/></System><EventData><Data>Failed to gracefully shutdown application 'MACHINE/WEBROOT/APPHOST/AITM-FUNC-1753463791'.</Data><Data>Process Id: 3060.</Data><Data>File Version: 18.0.25107.16. Description: IIS ASP.NET Core Module V2 Request Handler. Commit: </Data></EventData></Event><Event><System><Provider Name="IIS AspNetCore Module V2"/><EventID>1032</EventID><Level>4</Level><Task>0</Task><Keywords>Keywords</Keywords><TimeCreated SystemTime="2025-08-01T07:26:46Z"/><EventRecordID>59676343</EventRecordID><Channel>Application</Channel><Computer>10-30-0-104</Computer><Security/></System><EventData><Data>Application 'C:\Program Files (x86)\SiteExtensions\Functions\4.1041.200\32bit\' started successfully.</Data><Data>Process Id: 6740.</Data><Data>File Version: 18.0.25107.16. Description: IIS ASP.NET Core Module V2 Request Handler. Commit: </Data></EventData></Event><Event><System><Provider Name="IIS AspNetCore Module V2"/><EventID>1032</EventID><Level>4</Level><Task>0</Task><Keywords>Keywords</Keywords><TimeCreated SystemTime="2025-08-01T07:28:43Z"/><EventRecordID>178389578</EventRecordID><Channel>Application</Channel><Computer>10-30-0-193</Computer><Security/></System><EventData><Data>Application 'C:\Program Files (x86)\SiteExtensions\Functions\4.1041.200\32bit\' started successfully.</Data><Data>Process Id: 5264.</Data><Data>File Version: 18.0.25107.16. Description: IIS ASP.NET Core Module V2 Request Handler. Commit: </Data></EventData></Event><Event><System><Provider Name="IIS AspNetCore Module V2"/><EventID>1032</EventID><Level>4</Level><Task>0</Task><Keywords>Keywords</Keywords><TimeCreated SystemTime="2025-08-01T07:28:44Z"/><EventRecordID>96275828</EventRecordID><Channel>Application</Channel><Computer>10-30-10-49</Computer><Security/></System><EventData><Data>Application 'C:\Program Files (x86)\SiteExtensions\Functions\4.1041.200\32bit\' started successfully.</Data><Data>Process Id: 4788.</Data><Data>File Version: 18.0.25107.16. Description: IIS ASP.NET Core Module V2 Request Handler. Commit: </Data></EventData></Event><Event><System><Provider Name="IIS AspNetCore Module V2"/><EventID>1032</EventID><Level>4</Level><Task>0</Task><Keywords>Keywords</Keywords><TimeCreated SystemTime="2025-08-01T07:28:45Z"/><EventRecordID>156896093</EventRecordID><Channel>Application</Channel><Computer>10-30-3-30</Computer><Security/></System><EventData><Data>Application 'C:\Program Files (x86)\SiteExtensions\Functions\4.1041.200\32bit\' started successfully.</Data><Data>Process Id: 4648.</Data><Data>File Version: 18.0.25107.16. Description: IIS ASP.NET Core Module V2 Request Handler. Commit: </Data></EventData></Event><Event><System><Provider Name="IIS AspNetCore Module V2"/><EventID>1032</EventID><Level>4</Level><Task>0</Task><Keywords>Keywords</Keywords><TimeCreated SystemTime="2025-08-01T07:28:46Z"/><EventRecordID>122371093</EventRecordID><Channel>Application</Channel><Computer>10-30-1-248</Computer><Security/></System><EventData><Data>Application 'C:\Program Files (x86)\SiteExtensions\Functions\4.1041.200\32bit\' started successfully.</Data><Data>Process Id: 5232.</Data><Data>File Version: 18.0.25107.16. Description: IIS ASP.NET Core Module V2 Request Handler. Commit: </Data></EventData></Event><Event><System><Provider Name="IIS AspNetCore Module V2"/><EventID>1033</EventID><Level>4</Level><Task>0</Task><Keywords>Keywords</Keywords><TimeCreated SystemTime="2025-08-01T07:31:35Z"/><EventRecordID>59965000</EventRecordID><Channel>Application</Channel><Computer>10-30-0-104</Computer><Security/></System><EventData><Data>Application 'MACHINE/WEBROOT/APPHOST/AITM-FUNC-1753463791' has shutdown.</Data><Data>Process Id: 6740.</Data><Data>File Version: 18.0.25107.16. Description: IIS ASP.NET Core Module V2 Request Handler. Commit: </Data></EventData></Event><Event><System><Provider Name="IIS AspNetCore Module V2"/><EventID>1033</EventID><Level>4</Level><Task>0</Task><Keywords>Keywords</Keywords><TimeCreated SystemTime="2025-08-01T07:36:34Z"/><EventRecordID>178860453</EventRecordID><Channel>Application</Channel><Computer>10-30-0-193</Computer><Security/></System><EventData><Data>Application 'MACHINE/WEBROOT/APPHOST/AITM-FUNC-1753463791' has shutdown.</Data><Data>Process Id: 5264.</Data><Data>File Version: 18.0.25107.16. Description: IIS ASP.NET Core Module V2 Request Handler. Commit: </Data></EventData></Event><Event><System><Provider Name="IIS AspNetCore Module V2"/><EventID>1033</EventID><Level>4</Level><Task>0</Task><Keywords>Keywords</Keywords><TimeCreated SystemTime="2025-08-01T07:36:34Z"/><EventRecordID>122838828</EventRecordID><Channel>Application</Channel><Computer>10-30-1-248</Computer><Security/></System><EventData><Data>Application 'MACHINE/WEBROOT/APPHOST/AITM-FUNC-1753463791' has shutdown.</Data><Data>Process Id: 5232.</Data><Data>File Version: 18.0.25107.16. Description: IIS ASP.NET Core Module V2 Request Handler. Commit: </Data></EventData></Event><Event><System><Provider Name="IIS AspNetCore Module V2"/><EventID>1033</EventID><Level>4</Level><Task>0</Task><Keywords>Keywords</Keywords><TimeCreated SystemTime="2025-08-01T07:36:35Z"/><EventRecordID>96746218</EventRecordID><Channel>Application</Channel><Computer>10-30-10-49</Computer><Security/></System><EventData><Data>Application 'MACHINE/WEBROOT/APPHOST/AITM-FUNC-1753463791' has shutdown.</Data><Data>Process Id: 4788.</Data><Data>File Version: 18.0.25107.16. Description: IIS ASP.NET Core Module V2 Request Handler. Commit: </Data></EventData></Event><Event><System><Provider Name="IIS AspNetCore Module V2"/><EventID>1033</EventID><Level>4</Level><Task>0</Task><Keywords>Keywords</Keywords><TimeCreated SystemTime="2025-08-01T07:36:36Z"/><EventRecordID>157366406</EventRecordID><Channel>Application</Channel><Computer>10-30-3-30</Computer><Security/></System><EventData><Data>Application 'MACHINE/WEBROOT/APPHOST/AITM-FUNC-1753463791' has shutdown.</Data><Data>Process Id: 4648.</Data><Data>File Version: 18.0.25107.16. Description: IIS ASP.NET Core Module V2 Request Handler. Commit: </Data></EventData></Event><Event><System><Provider Name="IIS AspNetCore Module V2"/><EventID>1032</EventID><Level>4</Level><Task>0</Task><Keywords>Keywords</Keywords><TimeCreated SystemTime="2025-08-01T07:37:24Z"/><EventRecordID>122888984</EventRecordID><Channel>Application</Channel><Computer>10-30-1-248</Computer><Security/></System><EventData><Data>Application 'C:\Program Files (x86)\SiteExtensions\Functions\4.1041.200\32bit\' started successfully.</Data><Data>Process Id: 2916.</Data><Data>File Version: 18.0.25107.16. Description: IIS ASP.NET Core Module V2 Request Handler. Commit: </Data></EventData></Event><Event><System><Provider Name="IIS AspNetCore Module V2"/><EventID>1032</EventID><Level>4</Level><Task>0</Task><Keywords>Keywords</Keywords><TimeCreated SystemTime="2025-08-01T07:37:31Z"/><EventRecordID>157421171</EventRecordID><Channel>Application</Channel><Computer>10-30-3-30</Computer><Security/></System><EventData><Data>Application 'C:\Program Files (x86)\SiteExtensions\Functions\4.1041.200\32bit\' started successfully.</Data><Data>Process Id: 2464.</Data><Data>File Version: 18.0.25107.16. Description: IIS ASP.NET Core Module V2 Request Handler. Commit: </Data></EventData></Event><Event><System><Provider Name="IIS AspNetCore Module V2"/><EventID>1033</EventID><Level>4</Level><Task>0</Task><Keywords>Keywords</Keywords><TimeCreated SystemTime="2025-08-01T07:37:36Z"/><EventRecordID>122901125</EventRecordID><Channel>Application</Channel><Computer>10-30-1-248</Computer><Security/></System><EventData><Data>Application 'MACHINE/WEBROOT/APPHOST/AITM-FUNC-1753463791' has shutdown.</Data><Data>Process Id: 2916.</Data><Data>File Version: 18.0.25107.16. Description: IIS ASP.NET Core Module V2 Request Handler. Commit: </Data></EventData></Event><Event><System><Provider Name="IIS AspNetCore Module V2"/><EventID>1005</EventID><Level>2</Level><Task>0</Task><Keywords>Keywords</Keywords><TimeCreated SystemTime="2025-08-01T07:37:48Z"/><EventRecordID>157438921</EventRecordID><Channel>Application</Channel><Computer>10-30-3-30</Computer><Security/></System><EventData><Data>Failed to gracefully shutdown application 'MACHINE/WEBROOT/APPHOST/AITM-FUNC-1753463791'.</Data><Data>Process Id: 2464.</Data><Data>File Version: 18.0.25107.16. Description: IIS ASP.NET Core Module V2 Request Handler. Commit: </Data></EventData></Event><Event><System><Provider Name="IIS AspNetCore Module V2"/><EventID>1032</EventID><Level>4</Level><Task>0</Task><Keywords>Keywords</Keywords><TimeCreated SystemTime="2025-08-01T07:39:30Z"/><EventRecordID>123015156</EventRecordID><Channel>Application</Channel><Computer>10-30-1-248</Computer><Security/></System><EventData><Data>Application 'C:\Program Files (x86)\SiteExtensions\Functions\4.1041.200\32bit\' started successfully.</Data><Data>Process Id: 1436.</Data><Data>File Version: 18.0.25107.16. Description: IIS ASP.NET Core Module V2 Request Handler. Commit: </Data></EventData></Event><Event><System><Provider Name="IIS AspNetCore Module V2"/><EventID>1032</EventID><Level>4</Level><Task>0</Task><Keywords>Keywords</Keywords><TimeCreated SystemTime="2025-08-01T07:39:30Z"/><EventRecordID>157540687</EventRecordID><Channel>Application</Channel><Computer>10-30-3-30</Computer><Security/></System><EventData><Data>Application 'C:\Program Files (x86)\SiteExtensions\Functions\4.1041.200\32bit\' started successfully.</Data><Data>Process Id: 456.</Data><Data>File Version: 18.0.25107.16. Description: IIS ASP.NET Core Module V2 Request Handler. Commit: </Data></EventData></Event><Event><System><Provider Name="IIS AspNetCore Module V2"/><EventID>1032</EventID><Level>4</Level><Task>0</Task><Keywords>Keywords</Keywords><TimeCreated SystemTime="2025-08-01T07:39:32Z"/><EventRecordID>107662375</EventRecordID><Channel>Application</Channel><Computer>10-30-10-119</Computer><Security/></System><EventData><Data>Application 'C:\Program Files (x86)\SiteExtensions\Functions\4.1041.200\32bit\' started successfully.</Data><Data>Process Id: 3804.</Data><Data>File Version: 18.0.25107.16. Description: IIS ASP.NET Core Module V2 Request Handler. Commit: </Data></EventData></Event><Event><System><Provider Name="IIS AspNetCore Module V2"/><EventID>1033</EventID><Level>4</Level><Task>0</Task><Keywords>Keywords</Keywords><TimeCreated SystemTime="2025-08-01T07:45:26Z"/><EventRecordID>157896609</EventRecordID><Channel>Application</Channel><Computer>10-30-3-30</Computer><Security/></System><EventData><Data>Application 'MACHINE/WEBROOT/APPHOST/AITM-FUNC-1753463791' has shutdown.</Data><Data>Process Id: 456.</Data><Data>File Version: 18.0.25107.16. Description: IIS ASP.NET Core Module V2 Request Handler. Commit: </Data></EventData></Event><Event><System><Provider Name="IIS AspNetCore Module V2"/><EventID>1033</EventID><Level>4</Level><Task>0</Task><Keywords>Keywords</Keywords><TimeCreated SystemTime="2025-08-01T07:45:26Z"/><EventRecordID>108016765</EventRecordID><Channel>Application</Channel><Computer>10-30-10-119</Computer><Security/></System><EventData><Data>Application 'MACHINE/WEBROOT/APPHOST/AITM-FUNC-1753463791' has shutdown.</Data><Data>Process Id: 3804.</Data><Data>File Version: 18.0.25107.16. Description: IIS ASP.NET Core Module V2 Request Handler. Commit: </Data></EventData></Event><Event><System><Provider Name="IIS AspNetCore Module V2"/><EventID>1033</EventID><Level>4</Level><Task>0</Task><Keywords>Keywords</Keywords><TimeCreated SystemTime="2025-08-01T07:45:27Z"/><EventRecordID>123372296</EventRecordID><Channel>Application</Channel><Computer>10-30-1-248</Computer><Security/></System><EventData><Data>Application 'MACHINE/WEBROOT/APPHOST/AITM-FUNC-1753463791' has shutdown.</Data><Data>Process Id: 1436.</Data><Data>File Version: 18.0.25107.16. Description: IIS ASP.NET Core Module V2 Request Handler. Commit: </Data></EventData></Event><Event><System><Provider Name="IIS AspNetCore Module V2"/><EventID>1032</EventID><Level>4</Level><Task>0</Task><Keywords>Keywords</Keywords><TimeCreated SystemTime="2025-08-01T07:45:44Z"/><EventRecordID>123388765</EventRecordID><Channel>Application</Channel><Computer>10-30-1-248</Computer><Security/></System><EventData><Data>Application 'C:\Program Files (x86)\SiteExtensions\Functions\4.1041.200\32bit\' started successfully.</Data><Data>Process Id: 368.</Data><Data>File Version: 18.0.25107.16. Description: IIS ASP.NET Core Module V2 Request Handler. Commit: </Data></EventData></Event><Event><System><Provider Name="IIS AspNetCore Module V2"/><EventID>1032</EventID><Level>4</Level><Task>0</Task><Keywords>Keywords</Keywords><TimeCreated SystemTime="2025-08-01T07:46:11Z"/><EventRecordID>157941593</EventRecordID><Channel>Application</Channel><Computer>10-30-3-30</Computer><Security/></System><EventData><Data>Application 'C:\Program Files (x86)\SiteExtensions\Functions\4.1041.200\32bit\' started successfully.</Data><Data>Process Id: 7112.</Data><Data>File Version: 18.0.25107.16. Description: IIS ASP.NET Core Module V2 Request Handler. Commit: </Data></EventData></Event><Event><System><Provider Name="IIS AspNetCore Module V2"/><EventID>1032</EventID><Level>4</Level><Task>0</Task><Keywords>Keywords</Keywords><TimeCreated SystemTime="2025-08-01T07:46:29Z"/><EventRecordID>108080171</EventRecordID><Channel>Application</Channel><Computer>10-30-10-119</Computer><Security/></System><EventData><Data>Application 'C:\Program Files (x86)\SiteExtensions\Functions\4.1041.200\32bit\' started successfully.</Data><Data>Process Id: 4456.</Data><Data>File Version: 18.0.25107.16. Description: IIS ASP.NET Core Module V2 Request Handler. Commit: </Data></EventData></Event><Event><System><Provider Name="IIS AspNetCore Module V2"/><EventID>1033</EventID><Level>4</Level><Task>0</Task><Keywords>Keywords</Keywords><TimeCreated SystemTime="2025-08-01T07:50:43Z"/><EventRecordID>158214062</EventRecordID><Channel>Application</Channel><Computer>10-30-3-30</Computer><Security/></System><EventData><Data>Application 'MACHINE/WEBROOT/APPHOST/AITM-FUNC-1753463791' has shutdown.</Data><Data>Process Id: 7112.</Data><Data>File Version: 18.0.25107.16. Description: IIS ASP.NET Core Module V2 Request Handler. Commit: </Data></EventData></Event><Event><System><Provider Name="IIS AspNetCore Module V2"/><EventID>1033</EventID><Level>4</Level><Task>0</Task><Keywords>Keywords</Keywords><TimeCreated SystemTime="2025-08-01T07:50:53Z"/><EventRecordID>108343906</EventRecordID><Channel>Application</Channel><Computer>10-30-10-119</Computer><Security/></System><EventData><Data>Application 'MACHINE/WEBROOT/APPHOST/AITM-FUNC-1753463791' has shutdown.</Data><Data>Process Id: 4456.</Data><Data>File Version: 18.0.25107.16. Description: IIS ASP.NET Core Module V2 Request Handler. Commit: </Data></EventData></Event><Event><System><Provider Name="IIS AspNetCore Module V2"/><EventID>1033</EventID><Level>4</Level><Task>0</Task><Keywords>Keywords</Keywords><TimeCreated SystemTime="2025-08-01T07:50:53Z"/><EventRecordID>123698546</EventRecordID><Channel>Application</Channel><Computer>10-30-1-248</Computer><Security/></System><EventData><Data>Application 'MACHINE/WEBROOT/APPHOST/AITM-FUNC-1753463791' has shutdown.</Data><Data>Process Id: 368.</Data><Data>File Version: 18.0.25107.16. Description: IIS ASP.NET Core Module V2 Request Handler. Commit: </Data></EventData></Event><Event><System><Provider Name="IIS AspNetCore Module V2"/><EventID>1032</EventID><Level>4</Level><Task>0</Task><Keywords>Keywords</Keywords><TimeCreated SystemTime="2025-08-01T07:51:00Z"/><EventRecordID>123704765</EventRecordID><Channel>Application</Channel><Computer>10-30-1-248</Computer><Security/></System><EventData><Data>Application 'C:\Program Files (x86)\SiteExtensions\Functions\4.1041.200\32bit\' started successfully.</Data><Data>Process Id: 6468.</Data><Data>File Version: 18.0.25107.16. Description: IIS ASP.NET Core Module V2 Request Handler. Commit: </Data></EventData></Event><Event><System><Provider Name="IIS AspNetCore Module V2"/><EventID>1032</EventID><Level>4</Level><Task>0</Task><Keywords>Keywords</Keywords><TimeCreated SystemTime="2025-08-01T07:51:00Z"/><EventRecordID>108350437</EventRecordID><Channel>Application</Channel><Computer>10-30-10-119</Computer><Security/></System><EventData><Data>Application 'C:\Program Files (x86)\SiteExtensions\Functions\4.1041.200\32bit\' started successfully.</Data><Data>Process Id: 4292.</Data><Data>File Version: 18.0.25107.16. Description: IIS ASP.NET Core Module V2 Request Handler. Commit: </Data></EventData></Event><Event><System><Provider Name="IIS AspNetCore Module V2"/><EventID>1033</EventID><Level>4</Level><Task>0</Task><Keywords>Keywords</Keywords><TimeCreated SystemTime="2025-08-01T07:51:06Z"/><EventRecordID>123711359</EventRecordID><Channel>Application</Channel><Computer>10-30-1-248</Computer><Security/></System><EventData><Data>Application 'MACHINE/WEBROOT/APPHOST/AITM-FUNC-1753463791' has shutdown.</Data><Data>Process Id: 6468.</Data><Data>File Version: 18.0.25107.16. Description: IIS ASP.NET Core Module V2 Request Handler. Commit: </Data></EventData></Event><Event><System><Provider Name="IIS AspNetCore Module V2"/><EventID>1032</EventID><Level>4</Level><Task>0</Task><Keywords>Keywords</Keywords><TimeCreated SystemTime="2025-08-01T07:51:14Z"/><EventRecordID>123719281</EventRecordID><Channel>Application</Channel><Computer>10-30-1-248</Computer><Security/></System><EventData><Data>Application 'C:\Program Files (x86)\SiteExtensions\Functions\4.1041.200\32bit\' started successfully.</Data><Data>Process Id: 5892.</Data><Data>File Version: 18.0.25107.16. Description: IIS ASP.NET Core Module V2 Request Handler. Commit: </Data></EventData></Event><Event><System><Provider Name="ZipFS"/><EventID>0</EventID><Level>1</Level><Task>0</Task><Keywords>Keywords</Keywords><TimeCreated SystemTime="2025-08-01T07:51:56Z"/><EventRecordID>123761234</EventRecordID><Channel>Application</Channel><Computer>10-30-1-248</Computer><Security/></System><EventData><Data>Site is using stale zip. Refresh Zip initiating a recycle of the worker process.</Data></EventData></Event><Event><System><Provider Name="IIS AspNetCore Module V2"/><EventID>1032</EventID><Level>4</Level><Task>0</Task><Keywords>Keywords</Keywords><TimeCreated SystemTime="2025-08-01T08:00:04Z"/><EventRecordID>104071281</EventRecordID><Channel>Application</Channel><Computer>10-30-2-14</Computer><Security/></System><EventData><Data>Application 'C:\Program Files (x86)\SiteExtensions\Functions\4.1041.200\32bit\' started successfully.</Data><Data>Process Id: 7332.</Data><Data>File Version: 18.0.25107.16. Description: IIS ASP.NET Core Module V2 Request Handler. Commit: </Data></EventData></Event><Event><System><Provider Name="IIS AspNetCore Module V2"/><EventID>1033</EventID><Level>4</Level><Task>0</Task><Keywords>Keywords</Keywords><TimeCreated SystemTime="2025-08-01T08:02:40Z"/><EventRecordID>109050546</EventRecordID><Channel>Application</Channel><Computer>10-30-10-119</Computer><Security/></System><EventData><Data>Application 'MACHINE/WEBROOT/APPHOST/AITM-FUNC-1753463791' has shutdown.</Data><Data>Process Id: 4292.</Data><Data>File Version: 18.0.25107.16. Description: IIS ASP.NET Core Module V2 Request Handler. Commit: </Data></EventData></Event><Event><System><Provider Name="IIS AspNetCore Module V2"/><EventID>1033</EventID><Level>4</Level><Task>0</Task><Keywords>Keywords</Keywords><TimeCreated SystemTime="2025-08-01T08:04:22Z"/><EventRecordID>124506734</EventRecordID><Channel>Application</Channel><Computer>10-30-1-248</Computer><Security/></System><EventData><Data>Application 'MACHINE/WEBROOT/APPHOST/AITM-FUNC-1753463791' has shutdown.</Data><Data>Process Id: 5892.</Data><Data>File Version: 18.0.25107.16. Description: IIS ASP.NET Core Module V2 Request Handler. Commit: </Data></EventData></Event><Event><System><Provider Name="IIS AspNetCore Module V2"/><EventID>1033</EventID><Level>4</Level><Task>0</Task><Keywords>Keywords</Keywords><TimeCreated SystemTime="2025-08-01T08:04:22Z"/><EventRecordID>104329328</EventRecordID><Channel>Application</Channel><Computer>10-30-2-14</Computer><Security/></System><EventData><Data>Application 'MACHINE/WEBROOT/APPHOST/AITM-FUNC-1753463791' has shutdown.</Data><Data>Process Id: 7332.</Data><Data>File Version: 18.0.25107.16. Description: IIS ASP.NET Core Module V2 Request Handler. Commit: </Data></EventData></Event><Event><System><Provider Name="IIS AspNetCore Module V2"/><EventID>1032</EventID><Level>4</Level><Task>0</Task><Keywords>Keywords</Keywords><TimeCreated SystemTime="2025-08-01T08:04:43Z"/><EventRecordID>124528281</EventRecordID><Channel>Application</Channel><Computer>10-30-1-248</Computer><Security/></System><EventData><Data>Application 'C:\Program Files (x86)\SiteExtensions\Functions\4.1041.200\32bit\' started successfully.</Data><Data>Process Id: 2692.</Data><Data>File Version: 18.0.25107.16. Description: IIS ASP.NET Core Module V2 Request Handler. Commit: </Data></EventData></Event><Event><System><Provider Name="IIS AspNetCore Module V2"/><EventID>1032</EventID><Level>4</Level><Task>0</Task><Keywords>Keywords</Keywords><TimeCreated SystemTime="2025-08-01T08:04:49Z"/><EventRecordID>104356250</EventRecordID><Channel>Application</Channel><Computer>10-30-2-14</Computer><Security/></System><EventData><Data>Application 'C:\Program Files (x86)\SiteExtensions\Functions\4.1041.200\32bit\' started successfully.</Data><Data>Process Id: 976.</Data><Data>File Version: 18.0.25107.16. Description: IIS ASP.NET Core Module V2 Request Handler. Commit: </Data></EventData></Event><Event><System><Provider Name="IIS AspNetCore Module V2"/><EventID>1032</EventID><Level>4</Level><Task>0</Task><Keywords>Keywords</Keywords><TimeCreated SystemTime="2025-08-01T08:07:14Z"/><EventRecordID>87448296</EventRecordID><Channel>Application</Channel><Computer>10-30-11-51</Computer><Security/></System><EventData><Data>Application 'C:\Program Files (x86)\SiteExtensions\Functions\4.1041.200\32bit\' started successfully.</Data><Data>Process Id: 3528.</Data><Data>File Version: 18.0.25107.16. Description: IIS ASP.NET Core Module V2 Request Handler. Commit: </Data></EventData></Event><Event><System><Provider Name="IIS AspNetCore Module V2"/><EventID>1032</EventID><Level>4</Level><Task>0</Task><Keywords>Keywords</Keywords><TimeCreated SystemTime="2025-08-01T08:07:17Z"/><EventRecordID>124364828</EventRecordID><Channel>Application</Channel><Computer>10-30-1-237</Computer><Security/></System><EventData><Data>Application 'C:\Program Files (x86)\SiteExtensions\Functions\4.1041.200\32bit\' started successfully.</Data><Data>Process Id: 3288.</Data><Data>File Version: 18.0.25107.16. Description: IIS ASP.NET Core Module V2 Request Handler. Commit: </Data></EventData></Event><Event><System><Provider Name="IIS AspNetCore Module V2"/><EventID>1033</EventID><Level>4</Level><Task>0</Task><Keywords>Keywords</Keywords><TimeCreated SystemTime="2025-08-01T08:09:54Z"/><EventRecordID>104661671</EventRecordID><Channel>Application</Channel><Computer>10-30-2-14</Computer><Security/></System><EventData><Data>Application 'MACHINE/WEBROOT/APPHOST/AITM-FUNC-1753463791' has shutdown.</Data><Data>Process Id: 976.</Data><Data>File Version: 18.0.25107.16. Description: IIS ASP.NET Core Module V2 Request Handler. Commit: </Data></EventData></Event><Event><System><Provider Name="IIS AspNetCore Module V2"/><EventID>1033</EventID><Level>4</Level><Task>0</Task><Keywords>Keywords</Keywords><TimeCreated SystemTime="2025-08-01T08:09:54Z"/><EventRecordID>87608437</EventRecordID><Channel>Application</Channel><Computer>10-30-11-51</Computer><Security/></System><EventData><Data>Application 'MACHINE/WEBROOT/APPHOST/AITM-FUNC-1753463791' has shutdown.</Data><Data>Process Id: 3528.</Data><Data>File Version: 18.0.25107.16. Description: IIS ASP.NET Core Module V2 Request Handler. Commit: </Data></EventData></Event><Event><System><Provider Name="IIS AspNetCore Module V2"/><EventID>1033</EventID><Level>4</Level><Task>0</Task><Keywords>Keywords</Keywords><TimeCreated SystemTime="2025-08-01T08:09:54Z"/><EventRecordID>124522375</EventRecordID><Channel>Application</Channel><Computer>10-30-1-237</Computer><Security/></System><EventData><Data>Application 'MACHINE/WEBROOT/APPHOST/AITM-FUNC-1753463791' has shutdown.</Data><Data>Process Id: 3288.</Data><Data>File Version: 18.0.25107.16. Description: IIS ASP.NET Core Module V2 Request Handler. Commit: </Data></EventData></Event><Event><System><Provider Name="IIS AspNetCore Module V2"/><EventID>1033</EventID><Level>4</Level><Task>0</Task><Keywords>Keywords</Keywords><TimeCreated SystemTime="2025-08-01T08:09:54Z"/><EventRecordID>124839453</EventRecordID><Channel>Application</Channel><Computer>10-30-1-248</Computer><Security/></System><EventData><Data>Application 'MACHINE/WEBROOT/APPHOST/AITM-FUNC-1753463791' has shutdown.</Data><Data>Process Id: 2692.</Data><Data>File Version: 18.0.25107.16. Description: IIS ASP.NET Core Module V2 Request Handler. Commit: </Data></EventData></Event><Event><System><Provider Name="IIS AspNetCore Module V2"/><EventID>1032</EventID><Level>4</Level><Task>0</Task><Keywords>Keywords</Keywords><TimeCreated SystemTime="2025-08-01T08:10:10Z"/><EventRecordID>124854750</EventRecordID><Channel>Application</Channel><Computer>10-30-1-248</Computer><Security/></System><EventData><Data>Application 'C:\Program Files (x86)\SiteExtensions\Functions\4.1041.200\32bit\' started successfully.</Data><Data>Process Id: 6408.</Data><Data>File Version: 18.0.25107.16. Description: IIS ASP.NET Core Module V2 Request Handler. Commit: </Data></EventData></Event><Event><System><Provider Name="IIS AspNetCore Module V2"/><EventID>1033</EventID><Level>4</Level><Task>0</Task><Keywords>Keywords</Keywords><TimeCreated SystemTime="2025-08-01T08:10:11Z"/><EventRecordID>124856203</EventRecordID><Channel>Application</Channel><Computer>10-30-1-248</Computer><Security/></System><EventData><Data>Application 'MACHINE/WEBROOT/APPHOST/AITM-FUNC-1753463791' has shutdown.</Data><Data>Process Id: 6408.</Data><Data>File Version: 18.0.25107.16. Description: IIS ASP.NET Core Module V2 Request Handler. Commit: </Data></EventData></Event><Event><System><Provider Name="IIS AspNetCore Module V2"/><EventID>1032</EventID><Level>4</Level><Task>0</Task><Keywords>Keywords</Keywords><TimeCreated SystemTime="2025-08-01T08:10:55Z"/><EventRecordID>124583000</EventRecordID><Channel>Application</Channel><Computer>10-30-1-237</Computer><Security/></System><EventData><Data>Application 'C:\Program Files (x86)\SiteExtensions\Functions\4.1041.200\32bit\' started successfully.</Data><Data>Process Id: 6188.</Data><Data>File Version: 18.0.25107.16. Description: IIS ASP.NET Core Module V2 Request Handler. Commit: </Data></EventData></Event><Event><System><Provider Name="IIS AspNetCore Module V2"/><EventID>1032</EventID><Level>4</Level><Task>0</Task><Keywords>Keywords</Keywords><TimeCreated SystemTime="2025-08-01T08:11:48Z"/><EventRecordID>87722656</EventRecordID><Channel>Application</Channel><Computer>10-30-11-51</Computer><Security/></System><EventData><Data>Application 'C:\Program Files (x86)\SiteExtensions\Functions\4.1041.200\32bit\' started successfully.</Data><Data>Process Id: 1388.</Data><Data>File Version: 18.0.25107.16. Description: IIS ASP.NET Core Module V2 Request Handler. Commit: </Data></EventData></Event><Event><System><Provider Name="IIS AspNetCore Module V2"/><EventID>1032</EventID><Level>4</Level><Task>0</Task><Keywords>Keywords</Keywords><TimeCreated SystemTime="2025-08-01T08:12:25Z"/><EventRecordID>136675312</EventRecordID><Channel>Application</Channel><Computer>10-30-6-113</Computer><Security/></System><EventData><Data>Application 'C:\Program Files (x86)\SiteExtensions\Functions\4.1041.200\32bit\' started successfully.</Data><Data>Process Id: 6672.</Data><Data>File Version: 18.0.25107.16. Description: IIS ASP.NET Core Module V2 Request Handler. Commit: </Data></EventData></Event></Events>