﻿<?xml version="1.0" encoding="utf-8"?>
<deployment>
  <id>70cc170fb07c445da2637ab268c73945</id>
  <author>N/A</author>
  <deployer>ZipDeploy</deployer>
  <authorEmail>N/A</authorEmail>
  <message>Created via a push deployment</message>
  <progress></progress>
  <status>Success</status>
  <statusText></statusText>
  <lastSuccessEndTime>2025-08-01T10:35:46.4771369Z</lastSuccessEndTime>
  <receivedTime>2025-08-01T10:35:43.7849813Z</receivedTime>
  <startTime>2025-08-01T10:35:44.6756123Z</startTime>
  <endTime>2025-08-01T10:35:46.4771369Z</endTime>
  <complete>True</complete>
  <is_temp>False</is_temp>
  <is_readonly>True</is_readonly>
  <project_type>Run-From-Zip</project_type>
  <vsproject_id></vsproject_id>
</deployment>