﻿<?xml version="1.0" encoding="utf-8"?>
<deployment>
  <id>903965084ec645a89842e1ecebe7ce12</id>
  <author>N/A</author>
  <deployer>ZipDeploy</deployer>
  <authorEmail>N/A</authorEmail>
  <message>Created via a push deployment</message>
  <progress></progress>
  <status>Success</status>
  <statusText></statusText>
  <lastSuccessEndTime>2025-08-01T10:03:14.9603754Z</lastSuccessEndTime>
  <receivedTime>2025-08-01T10:03:12.326354Z</receivedTime>
  <startTime>2025-08-01T10:03:13.2805674Z</startTime>
  <endTime>2025-08-01T10:03:14.9603754Z</endTime>
  <complete>True</complete>
  <is_temp>False</is_temp>
  <is_readonly>True</is_readonly>
  <project_type>Run-From-Zip</project_type>
  <vsproject_id></vsproject_id>
</deployment>