{"TimeStamp":"2025-08-01T08:47:09Z","SiteName":"aitm-func-1753463791","RequestId":"f93462a5-b531-4e65-9f2a-b6fe0bef44da","Kind":"ZipDeploy","Status":"Success","Details":"{\"Id\":\"3827dc4733e24a3f8a44ea9b80c9d984\",\"Status\":4,\"StatusText\":\"\",\"AuthorEmail\":\"N/A\",\"Author\":\"N/A\",\"Message\":\"Created via a push deployment\",\"Progress\":\"\",\"Deployer\":\"ZipDeploy\",\"ReceivedTime\":\"2025-08-01T08:47:05.840011Z\",\"StartTime\":\"2025-08-01T08:47:06.7782613Z\",\"EndTime\":\"2025-08-01T08:47:08.6398927Z\",\"LastSuccessEndTime\":\"2025-08-01T08:47:08.6398927Z\",\"Complete\":true,\"IsTemporary\":false,\"IsReadOnly\":true,\"SiteName\":\"aitm-func-1753463791\",\"HostName\":\"aitm-func-1753463791.scm.azurewebsites.net\",\"ProjectType\":\"Run-From-Zip\",\"VsProjectId\":null}"}