{"TimeStamp":"2025-08-01T09:43:17Z","SiteName":"aitm-func-1753463791","RequestId":"d472c0ad-b3e6-443e-9181-7a9893c23b51","Kind":"ZipDeploy","Status":"Success","Details":"{\"Id\":\"1655e68e0727431ab20f9e31e828e010\",\"Status\":4,\"StatusText\":\"\",\"AuthorEmail\":\"N/A\",\"Author\":\"N/A\",\"Message\":\"Created via a push deployment\",\"Progress\":\"\",\"Deployer\":\"ZipDeploy\",\"ReceivedTime\":\"2025-08-01T09:43:14.1042982Z\",\"StartTime\":\"2025-08-01T09:43:15.0261659Z\",\"EndTime\":\"2025-08-01T09:43:16.8106245Z\",\"LastSuccessEndTime\":\"2025-08-01T09:43:16.8106245Z\",\"Complete\":true,\"IsTemporary\":false,\"IsReadOnly\":true,\"SiteName\":\"aitm-func-1753463791\",\"HostName\":\"aitm-func-1753463791.scm.azurewebsites.net\",\"ProjectType\":\"Run-From-Zip\",\"VsProjectId\":null}"}