﻿<?xml version="1.0" encoding="utf-8"?>
<deployment>
  <id>4a7299be97d34272a742d56245113b47</id>
  <author>N/A</author>
  <deployer>ZipDeploy</deployer>
  <authorEmail>N/A</authorEmail>
  <message>Created via a push deployment</message>
  <progress></progress>
  <status>Success</status>
  <statusText></statusText>
  <lastSuccessEndTime>2025-08-01T10:30:24.1294016Z</lastSuccessEndTime>
  <receivedTime>2025-08-01T10:30:21.6364366Z</receivedTime>
  <startTime>2025-08-01T10:30:22.4645712Z</startTime>
  <endTime>2025-08-01T10:30:24.1294016Z</endTime>
  <complete>True</complete>
  <is_temp>False</is_temp>
  <is_readonly>True</is_readonly>
  <project_type>Run-From-Zip</project_type>
  <vsproject_id></vsproject_id>
</deployment>