﻿<?xml version="1.0" encoding="utf-8"?>
<deployment>
  <id>c9dc3d47450c43fb98e36e7689f6aa98</id>
  <author>N/A</author>
  <deployer>ZipDeploy</deployer>
  <authorEmail>N/A</authorEmail>
  <message>Created via a push deployment</message>
  <progress></progress>
  <status>Success</status>
  <statusText></statusText>
  <lastSuccessEndTime>2025-08-01T08:35:29.1519971Z</lastSuccessEndTime>
  <receivedTime>2025-08-01T08:35:26.6363586Z</receivedTime>
  <startTime>2025-08-01T08:35:27.4644936Z</startTime>
  <endTime>2025-08-01T08:35:29.1519971Z</endTime>
  <complete>True</complete>
  <is_temp>False</is_temp>
  <is_readonly>True</is_readonly>
  <project_type>Run-From-Zip</project_type>
  <vsproject_id></vsproject_id>
</deployment>