<step title="Incoming Request" date="2025-08-01T08:36:44.210" instance="58cc8d" url="/api/zipdeploy" method="POST" type="request" pid="6884,2,9" Content-Length="3783448" Content-Type="application/zip" Authorization="Bea..." Host="aitm-func-1753463791.scm.azurewebsites.net" If-Match="*" User-Agent="functions-core-tools/4.1.0" X-ARR-LOG-ID="18e2a0a6-07ac-41ab-988f-715c32e90c10" CLIENT-IP="44.197.134.194:46731" X-SITE-DEPLOYMENT-ID="aitm-func-1753463791" WAS-DEFAULT-HOSTNAME="aitm-func-1753463791.scm.azurewebsites.net" X-Forwarded-Proto="https" X-AppService-Proto="https" X-Forwarded-TlsVersion="1.3" X-WAWS-Unencoded-URL="/api/zipdeploy" >
  <step title="ZipPushDeploy" date="2025-08-01T08:36:44.272" >
    <step title="Functions App ZipDeploy. Run from package." date="2025-08-01T08:36:44.319" /><!-- duration: 31ms -->
    <step title="Starting PushDeployAsync" date="2025-08-01T08:36:44.382" /><!-- duration: 31ms -->
    <step title="Updating shutdown sentinel last write time" date="2025-08-01T08:36:44.491" SemaphoreCount="7" /><!-- duration: 31ms -->
    <step title="LockFile &apos;C:\home\site\locks\deployments.lock&apos; acquired" date="2025-08-01T08:36:44.554" /><!-- duration: 31ms -->
    <step title="Deleting outdated zip file C:\home\data\SitePackages\20250801082200.zip" date="2025-08-01T08:36:44.632" /><!-- duration: 63ms -->
    <step title="Saving request content to C:\home\data\SitePackages\20250801083644.zip" date="2025-08-01T08:36:44.710" >
      <step title="Total 3,783,448 bytes written to C:\home\data\SitePackages\20250801083644.zip" date="2025-08-01T08:36:44.835" /><!-- duration: 31ms -->
    </step><!-- duration: 609ms -->
    <step title="LockFile &apos;C:\home\site\locks\deployments.lock&apos; released" date="2025-08-01T08:36:45.350" /><!-- duration: 16ms -->
    <step title="Deleting shutdown sentinel file" date="2025-08-01T08:36:45.429" SemaphoreCount="8" /><!-- duration: 31ms -->
    <step title="Starting FetchDeploy" date="2025-08-01T08:36:45.491" /><!-- duration: 31ms -->
    <step title="Attempting to fetch target branch HEAD" date="2025-08-01T08:36:45.538" /><!-- duration: 31ms -->
    <step title="Updating shutdown sentinel last write time" date="2025-08-01T08:36:45.600" SemaphoreCount="7" /><!-- duration: 78ms -->
    <step title="LockFile &apos;C:\home\site\locks\deployments.lock&apos; acquired" date="2025-08-01T08:36:45.710" /><!-- duration: 16ms -->
    <step title="Performing fetch based deployment" date="2025-08-01T08:36:45.772" >
      <step title="Creating temporary deployment" date="2025-08-01T08:36:45.788" /><!-- duration: 172ms -->
      <step title="Fetching changes." date="2025-08-01T08:36:46.225" /><!-- duration: 31ms -->
      <step title="Starting LocalZipHandler" date="2025-08-01T08:36:46.319" /><!-- duration: 16ms -->
      <step title="Starting ExtractTriggers" date="2025-08-01T08:36:46.366" /><!-- duration: 31ms -->
      <step title="None repository commit" date="2025-08-01T08:36:46.554" >
        <step title="Commit id: 8b541c7504bd4fe3945280c5c3998363" date="2025-08-01T08:36:46.585" Message="Created via a push deployment" AuthorName="N/A" AuthorEmail="N/A" /><!-- duration: 16ms -->
      </step><!-- duration: 78ms -->
      <step title="Before sending BuildRequestReceived status to /api/updatedeploystatus" date="2025-08-01T08:36:46.663" /><!-- duration: 16ms -->
      <step title="DeploymentManager.Deploy(id:8b541c7504bd4fe3945280c5c3998363)" date="2025-08-01T08:36:46.710" >
        <step title="Collecting changeset information" date="2025-08-01T08:36:46.757" /><!-- duration: 188ms -->
        <step title="Updating submodules" date="2025-08-01T08:36:46.975" >
          <step title="Updating submodules." date="2025-08-01T08:36:47.211" /><!-- duration: 16ms -->
        </step><!-- duration: 298ms -->
        <step title="Preparing deployment for commit id &apos;8b541c7504&apos;." date="2025-08-01T08:36:47.477" /><!-- duration: 16ms -->
        <step title="Determining deployment builder" date="2025-08-01T08:36:47.883" >
          <step title="Builder is RunFromZipSiteBuilder" date="2025-08-01T08:36:47.914" /><!-- duration: 16ms -->
        </step><!-- duration: 63ms -->
        <step title="Copying SSH keys" date="2025-08-01T08:36:48.039" /><!-- duration: 31ms -->
        <step title="Building" date="2025-08-01T08:36:48.102" >
          <step title="Skipping build. Project type: Run-From-Zip" date="2025-08-01T08:36:48.320" /><!-- duration: 16ms -->
          <step title="Skipping post build. Project type: Run-From-Zip" date="2025-08-01T08:36:48.711" /><!-- duration: 31ms -->
          <step title="Triggering recycle (preview mode disabled)." date="2025-08-01T08:36:48.992" /><!-- duration: 31ms -->
          <step title="Ignoring FS watcher based recycle request as this is a classic Windows app." date="2025-08-01T08:36:49.086" /><!-- duration: 31ms -->
          <step title="Deployment successful. DEPLOYMENTINFO: deploymentPath = Functions App ZipDeploy. Run from package., deployer = ZipDeploy, os = windows, sku = Dynamic, language = node, siteName = aitm-func-1753463791, slotName = Production, siteHostName = aitm-func-1753463791.azurewebsites.net, deploymentStatus = Success" date="2025-08-01T08:36:49.352" /><!-- duration: 31ms -->
          <step title="Purge deployment items" date="2025-08-01T08:36:50.086" >
            <step title="Remove 0ac0c5b40, Success, received at 8/1/2025 7:36:23 AM" date="2025-08-01T08:36:50.414" /><!-- duration: 16ms -->
          </step><!-- duration: 375ms -->
        </step><!-- duration: 2484ms -->
      </step><!-- duration: 3985ms -->
      <step title="Cleaning up temp files" date="2025-08-01T08:36:50.711" /><!-- duration: 31ms -->
      <step title="Updating C:\home\data\SitePackages\packagename.txt with deployment 20250801083644.zip" date="2025-08-01T08:36:50.773" /><!-- duration: 94ms -->
      <step title="Begin HttpPost https://aitm-func-1753463791.scm.azurewebsites.net/operations/settriggers, x-ms-request-id: 18e2a0a6-07ac-41ab-988f-715c32e90c10" date="2025-08-01T08:36:50.930" /><!-- duration: 16ms -->
      <step title="End HttpPost, status: OK" date="2025-08-01T08:36:51.164" /><!-- duration: 16ms -->
      <step title="Scheduling background sync triggers after delay" date="2025-08-01T08:36:51.227" /><!-- duration: 31ms -->
    </step><!-- duration: 5720ms -->
    <step title="LockFile &apos;C:\home\site\locks\deployments.lock&apos; released" date="2025-08-01T08:36:51.539" /><!-- duration: 16ms -->
  </step><!-- duration: 7329ms -->
  <step title="Outgoing response" date="2025-08-01T08:36:51.633" type="response" statusCode="200" statusText="OK" Server="Microsoft-IIS/10.0" x-ms-request-id="18e2a0a6-07ac-41ab-988f-715c32e90c10" Cache-Control="private" X-AspNet-Version="4.0.30319" /><!-- duration: 16ms -->
</step><!-- duration: 7501ms -->
