﻿<?xml version="1.0" encoding="utf-8"?>
<deployment>
  <id>8b541c7504bd4fe3945280c5c3998363</id>
  <author>N/A</author>
  <deployer>ZipDeploy</deployer>
  <authorEmail>N/A</authorEmail>
  <message>Created via a push deployment</message>
  <progress></progress>
  <status>Success</status>
  <statusText></statusText>
  <lastSuccessEndTime>2025-08-01T08:36:49.4926541Z</lastSuccessEndTime>
  <receivedTime>2025-08-01T08:36:46.8353604Z</receivedTime>
  <startTime>2025-08-01T08:36:47.6957754Z</startTime>
  <endTime>2025-08-01T08:36:49.4926541Z</endTime>
  <complete>True</complete>
  <is_temp>False</is_temp>
  <is_readonly>True</is_readonly>
  <project_type>Run-From-Zip</project_type>
  <vsproject_id></vsproject_id>
</deployment>