﻿<?xml version="1.0" encoding="utf-8"?>
<deployment>
  <id>8af79cc726174f8bb737fd3109011990</id>
  <author>N/A</author>
  <deployer>ZipDeploy</deployer>
  <authorEmail>N/A</authorEmail>
  <message>Created via a push deployment</message>
  <progress></progress>
  <status>Success</status>
  <statusText></statusText>
  <lastSuccessEndTime>2025-08-01T10:43:06.1881542Z</lastSuccessEndTime>
  <receivedTime>2025-08-01T10:43:03.0050003Z</receivedTime>
  <startTime>2025-08-01T10:43:04.1185586Z</startTime>
  <endTime>2025-08-01T10:43:06.1881542Z</endTime>
  <complete>True</complete>
  <is_temp>False</is_temp>
  <is_readonly>True</is_readonly>
  <project_type>Run-From-Zip</project_type>
  <vsproject_id></vsproject_id>
</deployment>