{"TimeStamp":"2025-08-01T10:13:32Z","SiteName":"aitm-func-1753463791","RequestId":"0533c59f-a752-4cc5-bfcf-82691fc0fc7d","Kind":"ZipDeploy","Status":"Success","Details":"{\"Id\":\"70e80325c9a243028caeac43594ba4b5\",\"Status\":4,\"StatusText\":\"\",\"AuthorEmail\":\"N/A\",\"Author\":\"N/A\",\"Message\":\"Created via a push deployment\",\"Progress\":\"\",\"Deployer\":\"ZipDeploy\",\"ReceivedTime\":\"2025-08-01T10:13:29.7742874Z\",\"StartTime\":\"2025-08-01T10:13:30.5762957Z\",\"EndTime\":\"2025-08-01T10:13:32.128006Z\",\"LastSuccessEndTime\":\"2025-08-01T10:13:32.128006Z\",\"Complete\":true,\"IsTemporary\":false,\"IsReadOnly\":true,\"SiteName\":\"aitm-func-1753463791\",\"HostName\":\"aitm-func-1753463791.scm.azurewebsites.net\",\"ProjectType\":\"Run-From-Zip\",\"VsProjectId\":null}"}