﻿<?xml version="1.0" encoding="utf-8"?>
<deployment>
  <id>8c61ac74532d489f9607eea5ca02c622</id>
  <author>N/A</author>
  <deployer>ZipDeploy</deployer>
  <authorEmail>N/A</authorEmail>
  <message>Created via a push deployment</message>
  <progress></progress>
  <status>Success</status>
  <statusText></statusText>
  <lastSuccessEndTime>2025-08-01T09:04:55.0286339Z</lastSuccessEndTime>
  <receivedTime>2025-08-01T09:04:52.1187615Z</receivedTime>
  <startTime>2025-08-01T09:04:53.0875067Z</startTime>
  <endTime>2025-08-01T09:04:55.0286339Z</endTime>
  <complete>True</complete>
  <is_temp>False</is_temp>
  <is_readonly>True</is_readonly>
  <project_type>Run-From-Zip</project_type>
  <vsproject_id></vsproject_id>
</deployment>