﻿<?xml version="1.0" encoding="utf-8"?>
<deployment>
  <id>25d2fac27e574790b10860c33ab09614</id>
  <author>N/A</author>
  <deployer>ZipDeploy</deployer>
  <authorEmail>N/A</authorEmail>
  <message>Created via a push deployment</message>
  <progress></progress>
  <status>Success</status>
  <statusText></statusText>
  <lastSuccessEndTime>2025-08-01T09:02:27.7537953Z</lastSuccessEndTime>
  <receivedTime>2025-08-01T09:02:21.4621088Z</receivedTime>
  <startTime>2025-08-01T09:02:23.1149102Z</startTime>
  <endTime>2025-08-01T09:02:27.7537953Z</endTime>
  <complete>True</complete>
  <is_temp>False</is_temp>
  <is_readonly>True</is_readonly>
  <project_type>Run-From-Zip</project_type>
  <vsproject_id></vsproject_id>
</deployment>