﻿<?xml version="1.0" encoding="utf-8"?>
<deployment>
  <id>e38b0976516d49c4ab4f525821bcf31b</id>
  <author>N/A</author>
  <deployer>ZipDeploy</deployer>
  <authorEmail>N/A</authorEmail>
  <message>Created via a push deployment</message>
  <progress></progress>
  <status>Success</status>
  <statusText></statusText>
  <lastSuccessEndTime>2025-08-01T20:38:45.4569123Z</lastSuccessEndTime>
  <receivedTime>2025-08-01T20:38:42.8943873Z</receivedTime>
  <startTime>2025-08-01T20:38:43.7069006Z</startTime>
  <endTime>2025-08-01T20:38:45.4569123Z</endTime>
  <complete>True</complete>
  <is_temp>False</is_temp>
  <is_readonly>True</is_readonly>
  <project_type>Run-From-Zip</project_type>
  <vsproject_id></vsproject_id>
</deployment>