﻿<?xml version="1.0" encoding="utf-8"?>
<deployment>
  <id>9e0084f9a9fc4cb6a8780cdd68086114</id>
  <author>N/A</author>
  <deployer>ZipDeploy</deployer>
  <authorEmail>N/A</authorEmail>
  <message>Created via a push deployment</message>
  <progress></progress>
  <status>Success</status>
  <statusText></statusText>
  <lastSuccessEndTime>2025-08-01T09:14:46.3366079Z</lastSuccessEndTime>
  <receivedTime>2025-08-01T09:14:43.0270536Z</receivedTime>
  <startTime>2025-08-01T09:14:44.178774Z</startTime>
  <endTime>2025-08-01T09:14:46.3366079Z</endTime>
  <complete>True</complete>
  <is_temp>False</is_temp>
  <is_readonly>True</is_readonly>
  <project_type>Run-From-Zip</project_type>
  <vsproject_id></vsproject_id>
</deployment>