﻿<?xml version="1.0" encoding="utf-8"?>
<deployment>
  <id>04977016accd4529a797e3e8f9bb735c</id>
  <author>N/A</author>
  <deployer>OneDeploy</deployer>
  <authorEmail>N/A</authorEmail>
  <message>OneDeploy</message>
  <progress></progress>
  <status>Success</status>
  <statusText></statusText>
  <lastSuccessEndTime>2025-08-01T08:18:06.4669113Z</lastSuccessEndTime>
  <receivedTime>2025-08-01T08:18:02.4512621Z</receivedTime>
  <startTime>2025-08-01T08:18:03.5137528Z</startTime>
  <endTime>2025-08-01T08:18:06.4669113Z</endTime>
  <complete>True</complete>
  <is_temp>False</is_temp>
  <is_readonly>True</is_readonly>
  <project_type>Run-From-Zip</project_type>
  <vsproject_id></vsproject_id>
</deployment>