﻿<?xml version="1.0" encoding="utf-8"?>
<deployment>
  <id>b1f5b858fe0944b48a13e436d2eb8d88</id>
  <author>N/A</author>
  <deployer>ZipDeploy</deployer>
  <authorEmail>N/A</authorEmail>
  <message>Created via a push deployment</message>
  <progress></progress>
  <status>Success</status>
  <statusText></statusText>
  <lastSuccessEndTime>2025-08-01T10:43:55.4961174Z</lastSuccessEndTime>
  <receivedTime>2025-08-01T10:43:52.0126586Z</receivedTime>
  <startTime>2025-08-01T10:43:53.2180217Z</startTime>
  <endTime>2025-08-01T10:43:55.4961174Z</endTime>
  <complete>True</complete>
  <is_temp>False</is_temp>
  <is_readonly>True</is_readonly>
  <project_type>Run-From-Zip</project_type>
  <vsproject_id></vsproject_id>
</deployment>