﻿<?xml version="1.0" encoding="utf-8"?>
<deployment>
  <id>600cb5d1f958422291bde6a6fa747952</id>
  <author>N/A</author>
  <deployer>OneDeploy</deployer>
  <authorEmail>N/A</authorEmail>
  <message>OneDeploy</message>
  <progress></progress>
  <status>Success</status>
  <statusText></statusText>
  <lastSuccessEndTime>2025-08-01T08:20:42.1766957Z</lastSuccessEndTime>
  <receivedTime>2025-08-01T08:20:38.0436913Z</receivedTime>
  <startTime>2025-08-01T08:20:39.3485387Z</startTime>
  <endTime>2025-08-01T08:20:42.1766957Z</endTime>
  <complete>True</complete>
  <is_temp>False</is_temp>
  <is_readonly>True</is_readonly>
  <project_type>Run-From-Zip</project_type>
  <vsproject_id></vsproject_id>
</deployment>