{"TimeStamp":"2025-08-01T09:57:03Z","SiteName":"aitm-func-1753463791","RequestId":"ba5831c0-dd0f-4c44-8ec7-89e742f5cd00","Kind":"ZipDeploy","Status":"Success","Details":"{\"Id\":\"b79c4c1fb3c149aab2f5d5297d99fbd6\",\"Status\":4,\"StatusText\":\"\",\"AuthorEmail\":\"N/A\",\"Author\":\"N/A\",\"Message\":\"Created via a push deployment\",\"Progress\":\"\",\"Deployer\":\"ZipDeploy\",\"ReceivedTime\":\"2025-08-01T09:57:00.104807Z\",\"StartTime\":\"2025-08-01T09:57:01.1222911Z\",\"EndTime\":\"2025-08-01T09:57:03.0963057Z\",\"LastSuccessEndTime\":\"2025-08-01T09:57:03.0963057Z\",\"Complete\":true,\"IsTemporary\":false,\"IsReadOnly\":true,\"SiteName\":\"aitm-func-1753463791\",\"HostName\":\"aitm-func-1753463791.scm.azurewebsites.net\",\"ProjectType\":\"Run-From-Zip\",\"VsProjectId\":null}"}