﻿<?xml version="1.0" encoding="utf-8"?>
<deployment>
  <id>2b85fe2c7f954830b1088b19ee2176e6</id>
  <author>N/A</author>
  <deployer>ZipDeploy</deployer>
  <authorEmail>N/A</authorEmail>
  <message>Created via a push deployment</message>
  <progress></progress>
  <status>Success</status>
  <statusText></statusText>
  <lastSuccessEndTime>2025-08-01T20:50:52.035865Z</lastSuccessEndTime>
  <receivedTime>2025-08-01T20:50:49.7076825Z</receivedTime>
  <startTime>2025-08-01T20:50:50.4420759Z</startTime>
  <endTime>2025-08-01T20:50:52.035865Z</endTime>
  <complete>True</complete>
  <is_temp>False</is_temp>
  <is_readonly>True</is_readonly>
  <project_type>Run-From-Zip</project_type>
  <vsproject_id></vsproject_id>
</deployment>