﻿<?xml version="1.0" encoding="utf-8"?>
<deployment>
  <id>3827dc4733e24a3f8a44ea9b80c9d984</id>
  <author>N/A</author>
  <deployer>ZipDeploy</deployer>
  <authorEmail>N/A</authorEmail>
  <message>Created via a push deployment</message>
  <progress></progress>
  <status>Success</status>
  <statusText></statusText>
  <lastSuccessEndTime>2025-08-01T08:47:08.6398927Z</lastSuccessEndTime>
  <receivedTime>2025-08-01T08:47:05.840011Z</receivedTime>
  <startTime>2025-08-01T08:47:06.7782613Z</startTime>
  <endTime>2025-08-01T08:47:08.6398927Z</endTime>
  <complete>True</complete>
  <is_temp>False</is_temp>
  <is_readonly>True</is_readonly>
  <project_type>Run-From-Zip</project_type>
  <vsproject_id></vsproject_id>
</deployment>