<step title="Incoming Request" date="2025-08-01T05:48:47.660" instance="7472e2" url="/api/publish?type=zip" method="POST" type="request" pid="7592,2,8" Cache-Control="no-cache" Connection="Keep-Alive" Content-Length="17888" Content-Type="application/octet-stream" Accept="*/*" Accept-Encoding="gzip, deflate" Authorization="Bas..." Host="aitm-func-1753463791.scm.azurewebsites.net" User-Agent="AZURECLI/2.75.0 (DEB)" x-ms-client-request-id="2cc162ae-6e9b-11f0-b920-822b383dbcd0" X-ARR-LOG-ID="2cc162ae-6e9b-11f0-b920-822b383dbcd0" CLIENT-IP="18.215.86.88:30278" X-SITE-DEPLOYMENT-ID="aitm-func-1753463791" WAS-DEFAULT-HOSTNAME="aitm-func-1753463791.scm.azurewebsites.net" X-Forwarded-Proto="https" X-AppService-Proto="https" X-Forwarded-TlsVersion="1.3" X-WAWS-Unencoded-URL="/api/publish?type=zip" X-MS-COLDSTART="1" >
  <step title="OneDeploy" date="2025-08-01T05:48:48.103" >
    <step title="Starting PushDeployAsync" date="2025-08-01T05:48:48.150" /><!-- duration: 16ms -->
    <step title="Updating shutdown sentinel last write time" date="2025-08-01T05:48:48.323" SemaphoreCount="7" /><!-- duration: 31ms -->
    <step title="LockFile &apos;C:\home\site\locks\deployments.lock&apos; acquired" date="2025-08-01T05:48:48.370" /><!-- duration: 16ms -->
    <step title="Saving request content to C:\home\data\SitePackages\20250801054848.zip" date="2025-08-01T05:48:48.432" >
      <step title="Total 17,888 bytes written to C:\home\data\SitePackages\20250801054848.zip" date="2025-08-01T05:48:48.495" /><!-- duration: 31ms -->
    </step><!-- duration: 141ms -->
    <step title="LockFile &apos;C:\home\site\locks\deployments.lock&apos; released" date="2025-08-01T05:48:48.604" /><!-- duration: 16ms -->
    <step title="Deleting shutdown sentinel file" date="2025-08-01T05:48:48.666" SemaphoreCount="8" /><!-- duration: 31ms -->
    <step title="Starting FetchDeploy" date="2025-08-01T05:48:48.713" /><!-- duration: 31ms -->
    <step title="Attempting to fetch target branch HEAD" date="2025-08-01T05:48:48.776" /><!-- duration: 16ms -->
    <step title="Updating shutdown sentinel last write time" date="2025-08-01T05:48:48.854" SemaphoreCount="7" /><!-- duration: 31ms -->
    <step title="LockFile &apos;C:\home\site\locks\deployments.lock&apos; acquired" date="2025-08-01T05:48:48.901" /><!-- duration: 31ms -->
    <step title="Performing fetch based deployment" date="2025-08-01T05:48:48.948" >
      <step title="Creating temporary deployment" date="2025-08-01T05:48:48.995" /><!-- duration: 156ms -->
      <step title="Fetching changes." date="2025-08-01T05:48:49.416" /><!-- duration: 16ms -->
      <step title="Starting LocalZipHandler" date="2025-08-01T05:48:49.495" /><!-- duration: 16ms -->
      <step title="Starting ExtractTriggers" date="2025-08-01T05:48:49.541" /><!-- duration: 16ms -->
      <step title="None repository commit" date="2025-08-01T05:48:49.604" >
        <step title="Commit id: 2e807f9c62ec4fc1bc055bffca7d9f72" date="2025-08-01T05:48:49.620" Message="OneDeploy" AuthorName="N/A" AuthorEmail="N/A" /><!-- duration: 31ms -->
      </step><!-- duration: 62ms -->
      <step title="Before sending BuildRequestReceived status to /api/updatedeploystatus" date="2025-08-01T05:48:49.682" /><!-- duration: 31ms -->
      <step title="DeploymentManager.Deploy(id:2e807f9c62ec4fc1bc055bffca7d9f72)" date="2025-08-01T05:48:49.729" >
        <step title="Collecting changeset information" date="2025-08-01T05:48:49.776" /><!-- duration: 156ms -->
        <step title="Updating submodules" date="2025-08-01T05:48:49.963" >
          <step title="Updating submodules." date="2025-08-01T05:48:50.182" /><!-- duration: 16ms -->
        </step><!-- duration: 281ms -->
        <step title="Preparing deployment for commit id &apos;2e807f9c62&apos;." date="2025-08-01T05:48:50.448" /><!-- duration: 31ms -->
        <step title="Determining deployment builder" date="2025-08-01T05:48:50.698" >
          <step title="Builder is RunFromZipSiteBuilder" date="2025-08-01T05:48:50.713" /><!-- duration: 31ms -->
        </step><!-- duration: 78ms -->
        <step title="Copying SSH keys" date="2025-08-01T05:48:50.885" /><!-- duration: 47ms -->
        <step title="Building" date="2025-08-01T05:48:50.963" >
          <step title="Skipping build. Project type: Run-From-Zip" date="2025-08-01T05:48:51.166" /><!-- duration: 31ms -->
          <step title="Skipping post build. Project type: Run-From-Zip" date="2025-08-01T05:48:51.432" /><!-- duration: 16ms -->
          <step title="Requesting site restart" date="2025-08-01T05:48:51.698" /><!-- duration: 16ms -->
          <step title="Requesting site restart" date="2025-08-01T05:48:51.760" /><!-- duration: 94ms -->
          <step title="Requesting site restart. Attempt #1" date="2025-08-01T05:48:52.073" /><!-- duration: 16ms -->
          <step title="Requesting site restart. Attempt #1" date="2025-08-01T05:48:52.135" /><!-- duration: 32ms -->
          <step title="Successfully requested a restart. Attempt #1" date="2025-08-01T05:48:52.604" /><!-- duration: 31ms -->
          <step title="Successfully requested a restart. Attempt #1" date="2025-08-01T05:48:52.682" /><!-- duration: 16ms -->
          <step title="Deployment successful. DEPLOYMENTINFO: deploymentPath = OneDeploy, deployer = OneDeploy, os = windows, sku = Dynamic, language = node, siteName = aitm-func-1753463791, slotName = Production, siteHostName = aitm-func-1753463791.azurewebsites.net, deploymentStatus = Success" date="2025-08-01T05:48:52.901" /><!-- duration: 16ms -->
        </step><!-- duration: 2500ms -->
      </step><!-- duration: 3766ms -->
      <step title="Cleaning up temp files" date="2025-08-01T05:48:53.510" /><!-- duration: 31ms -->
      <step title="Updating C:\home\data\SitePackages\packagename.txt with deployment 20250801054848.zip" date="2025-08-01T05:48:53.667" /><!-- duration: 63ms -->
      <step title="Begin HttpPost https://aitm-func-1753463791.scm.azurewebsites.net/operations/settriggers, x-ms-request-id: 2cc162ae-6e9b-11f0-b920-822b383dbcd0" date="2025-08-01T05:48:53.745" /><!-- duration: 31ms -->
      <step title="End HttpPost, status: OK" date="2025-08-01T05:48:53.838" /><!-- duration: 16ms -->
      <step title="Scheduling background sync triggers after delay" date="2025-08-01T05:48:53.885" /><!-- duration: 16ms -->
    </step><!-- duration: 5172ms -->
    <step title="LockFile &apos;C:\home\site\locks\deployments.lock&apos; released" date="2025-08-01T05:48:54.151" /><!-- duration: 31ms -->
  </step><!-- duration: 6110ms -->
  <step title="Outgoing response" date="2025-08-01T05:48:54.260" type="response" statusCode="200" statusText="OK" Server="Microsoft-IIS/10.0" x-ms-request-id="2cc162ae-6e9b-11f0-b920-822b383dbcd0" Cache-Control="private" X-AspNet-Version="4.0.30319" /><!-- duration: 16ms -->
</step><!-- duration: 6647ms -->
