﻿<?xml version="1.0" encoding="utf-8"?>
<deployment>
  <id>fb193541ae574cd1923dc9116a0c3168</id>
  <author>N/A</author>
  <deployer>ZipDeploy</deployer>
  <authorEmail>N/A</authorEmail>
  <message>Created via a push deployment</message>
  <progress></progress>
  <status>Success</status>
  <statusText></statusText>
  <lastSuccessEndTime>2025-08-01T18:22:27.4207604Z</lastSuccessEndTime>
  <receivedTime>2025-08-01T18:22:13.6406505Z</receivedTime>
  <startTime>2025-08-01T18:22:14.5625608Z</startTime>
  <endTime>2025-08-01T18:22:27.4207604Z</endTime>
  <complete>True</complete>
  <is_temp>False</is_temp>
  <is_readonly>True</is_readonly>
  <project_type>BASIC FUNCTIONAPP</project_type>
  <vsproject_id></vsproject_id>
</deployment>