{"TimeStamp":"2025-08-01T08:18:06Z","SiteName":"aitm-func-1753463791","RequestId":"0706cd50-6eb0-11f0-8b83-822b383dbcd0","Kind":"OneDeploy","Status":"Success","Details":"{\"Id\":\"04977016accd4529a797e3e8f9bb735c\",\"Status\":4,\"StatusText\":\"\",\"AuthorEmail\":\"N/A\",\"Author\":\"N/A\",\"Message\":\"OneDeploy\",\"Progress\":\"\",\"Deployer\":\"OneDeploy\",\"ReceivedTime\":\"2025-08-01T08:18:02.4512621Z\",\"StartTime\":\"2025-08-01T08:18:03.5137528Z\",\"EndTime\":\"2025-08-01T08:18:06.4669113Z\",\"LastSuccessEndTime\":\"2025-08-01T08:18:06.4669113Z\",\"Complete\":true,\"IsTemporary\":false,\"IsReadOnly\":true,\"SiteName\":\"aitm-func-1753463791\",\"HostName\":\"aitm-func-1753463791.scm.azurewebsites.net\",\"ProjectType\":\"Run-From-Zip\",\"VsProjectId\":null}"}