<step title="Incoming Request" date="2025-08-01T10:41:54.896" instance="05e116" url="/api/zipdeploy" method="POST" type="request" pid="6260,2,9" Content-Length="5116535" Content-Type="application/zip" Authorization="Bea..." Host="aitm-func-1753463791.scm.azurewebsites.net" If-Match="*" User-Agent="functions-core-tools/4.1.0" X-ARR-LOG-ID="5ced706b-43f8-4acc-9428-a48c63a120aa" CLIENT-IP="13.219.48.175:8902" X-SITE-DEPLOYMENT-ID="aitm-func-1753463791" WAS-DEFAULT-HOSTNAME="aitm-func-1753463791.scm.azurewebsites.net" X-Forwarded-Proto="https" X-AppService-Proto="https" X-Forwarded-TlsVersion="1.3" X-WAWS-Unencoded-URL="/api/zipdeploy" >
  <step title="ZipPushDeploy" date="2025-08-01T10:41:54.974" >
    <step title="Functions App ZipDeploy. Run from package." date="2025-08-01T10:41:55.021" /><!-- duration: 31ms -->
    <step title="Starting PushDeployAsync" date="2025-08-01T10:41:55.068" /><!-- duration: 31ms -->
    <step title="Updating shutdown sentinel last write time" date="2025-08-01T10:41:55.146" SemaphoreCount="7" /><!-- duration: 31ms -->
    <step title="LockFile &apos;C:\home\site\locks\deployments.lock&apos; acquired" date="2025-08-01T10:41:55.193" /><!-- duration: 31ms -->
    <step title="Deleting outdated zip file C:\home\data\SitePackages\20250801103019.zip" date="2025-08-01T10:41:55.256" /><!-- duration: 62ms -->
    <step title="Saving request content to C:\home\data\SitePackages\20250801104155.zip" date="2025-08-01T10:41:55.334" >
      <step title="Total 5,116,535 bytes written to C:\home\data\SitePackages\20250801104155.zip" date="2025-08-01T10:41:55.459" /><!-- duration: 31ms -->
    </step><!-- duration: 438ms -->
    <step title="LockFile &apos;C:\home\site\locks\deployments.lock&apos; released" date="2025-08-01T10:41:55.802" /><!-- duration: 16ms -->
    <step title="Deleting shutdown sentinel file" date="2025-08-01T10:41:55.881" SemaphoreCount="8" /><!-- duration: 16ms -->
    <step title="Starting FetchDeploy" date="2025-08-01T10:41:55.927" /><!-- duration: 16ms -->
    <step title="Attempting to fetch target branch HEAD" date="2025-08-01T10:41:55.974" /><!-- duration: 31ms -->
    <step title="Updating shutdown sentinel last write time" date="2025-08-01T10:41:56.052" SemaphoreCount="7" /><!-- duration: 34ms -->
    <step title="LockFile &apos;C:\home\site\locks\deployments.lock&apos; acquired" date="2025-08-01T10:41:56.102" /><!-- duration: 16ms -->
    <step title="Performing fetch based deployment" date="2025-08-01T10:41:56.149" >
      <step title="Creating temporary deployment" date="2025-08-01T10:41:56.165" /><!-- duration: 156ms -->
      <step title="Fetching changes." date="2025-08-01T10:41:56.555" /><!-- duration: 16ms -->
      <step title="Starting LocalZipHandler" date="2025-08-01T10:41:56.633" /><!-- duration: 47ms -->
      <step title="Starting ExtractTriggers" date="2025-08-01T10:41:56.712" /><!-- duration: 16ms -->
      <step title="None repository commit" date="2025-08-01T10:41:56.883" >
        <step title="Commit id: 4cf3c605d1654cd2a60bcdc3d5dc7091" date="2025-08-01T10:41:56.899" Message="Created via a push deployment" AuthorName="N/A" AuthorEmail="N/A" /><!-- duration: 16ms -->
      </step><!-- duration: 63ms -->
      <step title="Before sending BuildRequestReceived status to /api/updatedeploystatus" date="2025-08-01T10:41:56.962" /><!-- duration: 31ms -->
      <step title="DeploymentManager.Deploy(id:4cf3c605d1654cd2a60bcdc3d5dc7091)" date="2025-08-01T10:41:57.024" >
        <step title="Collecting changeset information" date="2025-08-01T10:41:57.071" /><!-- duration: 172ms -->
        <step title="Updating submodules" date="2025-08-01T10:41:57.276" >
          <step title="Updating submodules." date="2025-08-01T10:41:57.510" /><!-- duration: 16ms -->
        </step><!-- duration: 297ms -->
        <step title="Preparing deployment for commit id &apos;4cf3c605d1&apos;." date="2025-08-01T10:41:57.792" /><!-- duration: 31ms -->
        <step title="Determining deployment builder" date="2025-08-01T10:41:58.042" >
          <step title="Builder is RunFromZipSiteBuilder" date="2025-08-01T10:41:58.073" /><!-- duration: 31ms -->
        </step><!-- duration: 78ms -->
        <step title="Copying SSH keys" date="2025-08-01T10:41:58.214" /><!-- duration: 31ms -->
        <step title="Building" date="2025-08-01T10:41:58.276" >
          <step title="Skipping build. Project type: Run-From-Zip" date="2025-08-01T10:41:58.495" /><!-- duration: 16ms -->
          <step title="Skipping post build. Project type: Run-From-Zip" date="2025-08-01T10:41:58.745" /><!-- duration: 31ms -->
          <step title="Triggering recycle (preview mode disabled)." date="2025-08-01T10:41:59.012" /><!-- duration: 16ms -->
          <step title="Ignoring FS watcher based recycle request as this is a classic Windows app." date="2025-08-01T10:41:59.106" /><!-- duration: 31ms -->
          <step title="Deployment successful. DEPLOYMENTINFO: deploymentPath = Functions App ZipDeploy. Run from package., deployer = ZipDeploy, os = windows, sku = Dynamic, language = node, siteName = aitm-func-1753463791, slotName = Production, siteHostName = aitm-func-1753463791.azurewebsites.net, deploymentStatus = Success" date="2025-08-01T10:41:59.340" /><!-- duration: 16ms -->
          <step title="Purge deployment items" date="2025-08-01T10:42:00.356" >
            <step title="Remove 3d16c17d4, Success, received at 8/1/2025 9:33:13 AM" date="2025-08-01T10:42:00.747" /><!-- duration: 31ms -->
          </step><!-- duration: 454ms -->
        </step><!-- duration: 2643ms -->
      </step><!-- duration: 3926ms -->
      <step title="Cleaning up temp files" date="2025-08-01T10:42:00.981" /><!-- duration: 31ms -->
      <step title="Updating C:\home\data\SitePackages\packagename.txt with deployment 20250801104155.zip" date="2025-08-01T10:42:01.028" /><!-- duration: 78ms -->
      <step title="Begin HttpPost https://aitm-func-1753463791.scm.azurewebsites.net/operations/settriggers, x-ms-request-id: 5ced706b-43f8-4acc-9428-a48c63a120aa" date="2025-08-01T10:42:01.153" /><!-- duration: 20ms -->
      <step title="End HttpPost, status: OK" date="2025-08-01T10:42:01.345" /><!-- duration: 36ms -->
      <step title="Scheduling background sync triggers after delay" date="2025-08-01T10:42:01.397" /><!-- duration: 31ms -->
    </step><!-- duration: 5545ms -->
    <step title="LockFile &apos;C:\home\site\locks\deployments.lock&apos; released" date="2025-08-01T10:42:01.725" /><!-- duration: 31ms -->
  </step><!-- duration: 6829ms -->
  <step title="Outgoing response" date="2025-08-01T10:42:01.834" type="response" statusCode="200" statusText="OK" Server="Microsoft-IIS/10.0" x-ms-request-id="5ced706b-43f8-4acc-9428-a48c63a120aa" Cache-Control="private" X-AspNet-Version="4.0.30319" /><!-- duration: 31ms -->
</step><!-- duration: 7001ms -->
