<step title="Incoming Request" date="2025-08-01T08:47:03.086" instance="05e116" url="/api/zipdeploy" method="POST" type="request" pid="4920,2,9" Content-Length="3894554" Content-Type="application/zip" Authorization="Bea..." Host="aitm-func-1753463791.scm.azurewebsites.net" If-Match="*" User-Agent="functions-core-tools/4.1.0" X-ARR-LOG-ID="f93462a5-b531-4e65-9f2a-b6fe0bef44da" CLIENT-IP="34.224.177.102:44850" X-SITE-DEPLOYMENT-ID="aitm-func-1753463791" WAS-DEFAULT-HOSTNAME="aitm-func-1753463791.scm.azurewebsites.net" X-Forwarded-Proto="https" X-AppService-Proto="https" X-Forwarded-TlsVersion="1.3" X-WAWS-Unencoded-URL="/api/zipdeploy" >
  <step title="ZipPushDeploy" date="2025-08-01T08:47:03.196" >
    <step title="Functions App ZipDeploy. Run from package." date="2025-08-01T08:47:03.242" /><!-- duration: 31ms -->
    <step title="Starting PushDeployAsync" date="2025-08-01T08:47:03.305" /><!-- duration: 31ms -->
    <step title="Updating shutdown sentinel last write time" date="2025-08-01T08:47:03.492" SemaphoreCount="7" /><!-- duration: 16ms -->
    <step title="LockFile &apos;C:\home\site\locks\deployments.lock&apos; acquired" date="2025-08-01T08:47:03.539" /><!-- duration: 31ms -->
    <step title="Deleting outdated zip file C:\home\data\SitePackages\20250801082940.zip" date="2025-08-01T08:47:03.617" /><!-- duration: 62ms -->
    <step title="Saving request content to C:\home\data\SitePackages\20250801084703.zip" date="2025-08-01T08:47:03.696" >
      <step title="Total 3,894,554 bytes written to C:\home\data\SitePackages\20250801084703.zip" date="2025-08-01T08:47:03.836" /><!-- duration: 31ms -->
    </step><!-- duration: 455ms -->
    <step title="LockFile &apos;C:\home\site\locks\deployments.lock&apos; released" date="2025-08-01T08:47:04.182" /><!-- duration: 31ms -->
    <step title="Deleting shutdown sentinel file" date="2025-08-01T08:47:04.276" SemaphoreCount="8" /><!-- duration: 16ms -->
    <step title="Starting FetchDeploy" date="2025-08-01T08:47:04.338" /><!-- duration: 31ms -->
    <step title="Attempting to fetch target branch HEAD" date="2025-08-01T08:47:04.385" /><!-- duration: 31ms -->
    <step title="Updating shutdown sentinel last write time" date="2025-08-01T08:47:04.494" SemaphoreCount="7" /><!-- duration: 31ms -->
    <step title="LockFile &apos;C:\home\site\locks\deployments.lock&apos; acquired" date="2025-08-01T08:47:04.557" /><!-- duration: 31ms -->
    <step title="Performing fetch based deployment" date="2025-08-01T08:47:04.619" >
      <step title="Creating temporary deployment" date="2025-08-01T08:47:04.651" /><!-- duration: 187ms -->
      <step title="Fetching changes." date="2025-08-01T08:47:05.167" /><!-- duration: 16ms -->
      <step title="Starting LocalZipHandler" date="2025-08-01T08:47:05.246" /><!-- duration: 31ms -->
      <step title="Starting ExtractTriggers" date="2025-08-01T08:47:05.308" /><!-- duration: 47ms -->
      <step title="None repository commit" date="2025-08-01T08:47:05.496" >
        <step title="Commit id: 3827dc4733e24a3f8a44ea9b80c9d984" date="2025-08-01T08:47:05.558" Message="Created via a push deployment" AuthorName="N/A" AuthorEmail="N/A" /><!-- duration: 16ms -->
      </step><!-- duration: 109ms -->
      <step title="Before sending BuildRequestReceived status to /api/updatedeploystatus" date="2025-08-01T08:47:05.636" /><!-- duration: 16ms -->
      <step title="DeploymentManager.Deploy(id:3827dc4733e24a3f8a44ea9b80c9d984)" date="2025-08-01T08:47:05.699" >
        <step title="Collecting changeset information" date="2025-08-01T08:47:05.746" /><!-- duration: 297ms -->
        <step title="Updating submodules" date="2025-08-01T08:47:06.074" >
          <step title="Updating submodules." date="2025-08-01T08:47:06.308" /><!-- duration: 16ms -->
        </step><!-- duration: 312ms -->
        <step title="Preparing deployment for commit id &apos;3827dc4733&apos;." date="2025-08-01T08:47:06.636" /><!-- duration: 31ms -->
        <step title="Determining deployment builder" date="2025-08-01T08:47:06.904" >
          <step title="Builder is RunFromZipSiteBuilder" date="2025-08-01T08:47:06.919" /><!-- duration: 31ms -->
        </step><!-- duration: 78ms -->
        <step title="Copying SSH keys" date="2025-08-01T08:47:07.091" /><!-- duration: 47ms -->
        <step title="Building" date="2025-08-01T08:47:07.154" >
          <step title="Skipping build. Project type: Run-From-Zip" date="2025-08-01T08:47:07.451" /><!-- duration: 16ms -->
          <step title="Skipping post build. Project type: Run-From-Zip" date="2025-08-01T08:47:07.747" /><!-- duration: 16ms -->
          <step title="Triggering recycle (preview mode disabled)." date="2025-08-01T08:47:08.060" /><!-- duration: 31ms -->
          <step title="Ignoring FS watcher based recycle request as this is a classic Windows app." date="2025-08-01T08:47:08.138" /><!-- duration: 31ms -->
          <step title="Deployment successful. DEPLOYMENTINFO: deploymentPath = Functions App ZipDeploy. Run from package., deployer = ZipDeploy, os = windows, sku = Dynamic, language = node, siteName = aitm-func-1753463791, slotName = Production, siteHostName = aitm-func-1753463791.azurewebsites.net, deploymentStatus = Success" date="2025-08-01T08:47:08.404" /><!-- duration: 31ms -->
          <step title="Purge deployment items" date="2025-08-01T08:47:09.959" >
            <step title="Remove 3ad433105, Success, received at 8/1/2025 7:45:15 AM" date="2025-08-01T08:47:10.443" /><!-- duration: 31ms -->
          </step><!-- duration: 547ms -->
        </step><!-- duration: 3525ms -->
      </step><!-- duration: 5027ms -->
      <step title="Cleaning up temp files" date="2025-08-01T08:47:10.772" /><!-- duration: 62ms -->
      <step title="Updating C:\home\data\SitePackages\packagename.txt with deployment 20250801084703.zip" date="2025-08-01T08:47:10.913" /><!-- duration: 109ms -->
      <step title="Begin HttpPost https://aitm-func-1753463791.scm.azurewebsites.net/operations/settriggers, x-ms-request-id: f93462a5-b531-4e65-9f2a-b6fe0bef44da" date="2025-08-01T08:47:11.116" /><!-- duration: 31ms -->
      <step title="End HttpPost, status: OK" date="2025-08-01T08:47:11.366" /><!-- duration: 31ms -->
      <step title="Scheduling background sync triggers after delay" date="2025-08-01T08:47:11.444" /><!-- duration: 31ms -->
    </step><!-- duration: 7231ms -->
    <step title="LockFile &apos;C:\home\site\locks\deployments.lock&apos; released" date="2025-08-01T08:47:11.897" /><!-- duration: 47ms -->
  </step><!-- duration: 8811ms -->
  <step title="Outgoing response" date="2025-08-01T08:47:12.074" type="response" statusCode="200" statusText="OK" Server="Microsoft-IIS/10.0" x-ms-request-id="f93462a5-b531-4e65-9f2a-b6fe0bef44da" Cache-Control="private" X-AspNet-Version="4.0.30319" /><!-- duration: 47ms -->
</step><!-- duration: 9050ms -->
