<step title="Incoming Request" date="2025-08-01T08:04:09.235" instance="69a541" url="/api/publish?type=zip" method="POST" type="request" pid="5948,2,9" Cache-Control="no-cache" Content-Length="1294411" Content-Type="application/octet-stream" Accept="*/*" Accept-Encoding="gzip, deflate" Authorization="Bas..." Host="aitm-func-1753463791.scm.azurewebsites.net" User-Agent="AZURECLI/2.75.0 (DEB)" x-ms-client-request-id="1715c2fc-6eae-11f0-9f79-822b383dbcd0" X-ARR-LOG-ID="1715c2fc-6eae-11f0-9f79-822b383dbcd0" CLIENT-IP="3.219.18.69:4226" X-SITE-DEPLOYMENT-ID="aitm-func-1753463791" WAS-DEFAULT-HOSTNAME="aitm-func-1753463791.scm.azurewebsites.net" X-Forwarded-Proto="https" X-AppService-Proto="https" X-Forwarded-TlsVersion="1.3" X-WAWS-Unencoded-URL="/api/publish?type=zip" >
  <step title="OneDeploy" date="2025-08-01T08:04:09.392" >
    <step title="Starting PushDeployAsync" date="2025-08-01T08:04:09.454" /><!-- duration: 31ms -->
    <step title="Updating shutdown sentinel last write time" date="2025-08-01T08:04:09.579" SemaphoreCount="7" /><!-- duration: 31ms -->
    <step title="LockFile &apos;C:\home\site\locks\deployments.lock&apos; acquired" date="2025-08-01T08:04:09.642" /><!-- duration: 31ms -->
    <step title="Deleting outdated zip file C:\home\data\SitePackages\20250801073620.zip" date="2025-08-01T08:04:09.704" /><!-- duration: 62ms -->
    <step title="Saving request content to C:\home\data\SitePackages\20250801080409.zip" date="2025-08-01T08:04:09.798" >
      <step title="Total 1,294,411 bytes written to C:\home\data\SitePackages\20250801080409.zip" date="2025-08-01T08:04:09.892" /><!-- duration: 16ms -->
    </step><!-- duration: 251ms -->
    <step title="LockFile &apos;C:\home\site\locks\deployments.lock&apos; released" date="2025-08-01T08:04:10.096" /><!-- duration: 31ms -->
    <step title="Deleting shutdown sentinel file" date="2025-08-01T08:04:10.190" SemaphoreCount="8" /><!-- duration: 16ms -->
    <step title="Starting FetchDeploy" date="2025-08-01T08:04:10.252" /><!-- duration: 16ms -->
    <step title="Attempting to fetch target branch HEAD" date="2025-08-01T08:04:10.299" /><!-- duration: 31ms -->
    <step title="Updating shutdown sentinel last write time" date="2025-08-01T08:04:10.377" SemaphoreCount="7" /><!-- duration: 16ms -->
    <step title="LockFile &apos;C:\home\site\locks\deployments.lock&apos; acquired" date="2025-08-01T08:04:10.424" /><!-- duration: 31ms -->
    <step title="Performing fetch based deployment" date="2025-08-01T08:04:10.486" >
      <step title="Creating temporary deployment" date="2025-08-01T08:04:10.518" /><!-- duration: 187ms -->
      <step title="Fetching changes." date="2025-08-01T08:04:10.986" /><!-- duration: 31ms -->
      <step title="Starting LocalZipHandler" date="2025-08-01T08:04:11.080" /><!-- duration: 31ms -->
      <step title="Starting ExtractTriggers" date="2025-08-01T08:04:11.143" /><!-- duration: 31ms -->
      <step title="None repository commit" date="2025-08-01T08:04:11.283" >
        <step title="Commit id: 377838bf6c694098a110676d3c5fa9ab" date="2025-08-01T08:04:11.315" Message="OneDeploy" AuthorName="N/A" AuthorEmail="N/A" /><!-- duration: 31ms -->
      </step><!-- duration: 94ms -->
      <step title="Before sending BuildRequestReceived status to /api/updatedeploystatus" date="2025-08-01T08:04:11.408" /><!-- duration: 31ms -->
      <step title="DeploymentManager.Deploy(id:377838bf6c694098a110676d3c5fa9ab)" date="2025-08-01T08:04:11.455" >
        <step title="Collecting changeset information" date="2025-08-01T08:04:11.580" /><!-- duration: 203ms -->
        <step title="Updating submodules" date="2025-08-01T08:04:11.815" >
          <step title="Updating submodules." date="2025-08-01T08:04:12.080" /><!-- duration: 31ms -->
        </step><!-- duration: 359ms -->
        <step title="Preparing deployment for commit id &apos;377838bf6c&apos;." date="2025-08-01T08:04:12.424" /><!-- duration: 31ms -->
        <step title="Determining deployment builder" date="2025-08-01T08:04:12.705" >
          <step title="Builder is RunFromZipSiteBuilder" date="2025-08-01T08:04:12.736" /><!-- duration: 31ms -->
        </step><!-- duration: 109ms -->
        <step title="Copying SSH keys" date="2025-08-01T08:04:12.908" /><!-- duration: 31ms -->
        <step title="Building" date="2025-08-01T08:04:12.971" >
          <step title="Skipping build. Project type: Run-From-Zip" date="2025-08-01T08:04:13.205" /><!-- duration: 31ms -->
          <step title="Skipping post build. Project type: Run-From-Zip" date="2025-08-01T08:04:13.518" /><!-- duration: 31ms -->
          <step title="Requesting site restart" date="2025-08-01T08:04:13.877" /><!-- duration: 31ms -->
          <step title="Requesting site restart" date="2025-08-01T08:04:13.971" /><!-- duration: 32ms -->
          <step title="Requesting site restart. Attempt #1" date="2025-08-01T08:04:14.252" /><!-- duration: 31ms -->
          <step title="Requesting site restart. Attempt #1" date="2025-08-01T08:04:14.330" /><!-- duration: 31ms -->
          <step title="Successfully requested a restart. Attempt #1" date="2025-08-01T08:04:14.861" /><!-- duration: 16ms -->
          <step title="Successfully requested a restart. Attempt #1" date="2025-08-01T08:04:14.924" /><!-- duration: 31ms -->
          <step title="Deployment successful. DEPLOYMENTINFO: deploymentPath = OneDeploy, deployer = OneDeploy, os = windows, sku = Dynamic, language = node, siteName = aitm-func-1753463791, slotName = Production, siteHostName = aitm-func-1753463791.azurewebsites.net, deploymentStatus = Success" date="2025-08-01T08:04:15.221" /><!-- duration: 31ms -->
          <step title="Purge deployment items" date="2025-08-01T08:04:16.049" >
            <step title="Remove 7bacfedb5, Success, received at 8/1/2025 6:16:22 AM" date="2025-08-01T08:04:16.377" /><!-- duration: 31ms -->
          </step><!-- duration: 406ms -->
        </step><!-- duration: 3609ms -->
      </step><!-- duration: 5156ms -->
      <step title="Cleaning up temp files" date="2025-08-01T08:04:16.627" /><!-- duration: 31ms -->
      <step title="Updating C:\home\data\SitePackages\packagename.txt with deployment 20250801080409.zip" date="2025-08-01T08:04:16.690" /><!-- duration: 78ms -->
      <step title="Begin HttpPost https://aitm-func-1753463791.scm.azurewebsites.net/operations/settriggers, x-ms-request-id: 1715c2fc-6eae-11f0-9f79-822b383dbcd0" date="2025-08-01T08:04:16.799" /><!-- duration: 31ms -->
      <step title="End HttpPost, status: OK" date="2025-08-01T08:04:16.908" /><!-- duration: 31ms -->
      <step title="Scheduling background sync triggers after delay" date="2025-08-01T08:04:16.971" /><!-- duration: 31ms -->
    </step><!-- duration: 6813ms -->
    <step title="LockFile &apos;C:\home\site\locks\deployments.lock&apos; released" date="2025-08-01T08:04:17.330" /><!-- duration: 16ms -->
  </step><!-- duration: 8017ms -->
  <step title="Outgoing response" date="2025-08-01T08:04:17.440" type="response" statusCode="200" statusText="OK" Server="Microsoft-IIS/10.0" x-ms-request-id="1715c2fc-6eae-11f0-9f79-822b383dbcd0" Cache-Control="private" X-AspNet-Version="4.0.30319" /><!-- duration: 47ms -->
</step><!-- duration: 8282ms -->
