<step title="Incoming Request" date="2025-08-01T10:35:40.980" instance="05e116" url="/api/zipdeploy" method="POST" type="request" pid="5316,2,9" Content-Length="5113979" Content-Type="application/zip" Authorization="Bea..." Host="aitm-func-1753463791.scm.azurewebsites.net" If-Match="*" User-Agent="functions-core-tools/4.1.0" X-ARR-LOG-ID="b00caec0-2384-433c-9443-be19d6903f44" CLIENT-IP="44.197.134.194:18922" X-SITE-DEPLOYMENT-ID="aitm-func-1753463791" WAS-DEFAULT-HOSTNAME="aitm-func-1753463791.scm.azurewebsites.net" X-Forwarded-Proto="https" X-AppService-Proto="https" X-Forwarded-TlsVersion="1.3" X-WAWS-Unencoded-URL="/api/zipdeploy" >
  <step title="ZipPushDeploy" date="2025-08-01T10:35:41.074" >
    <step title="Functions App ZipDeploy. Run from package." date="2025-08-01T10:35:41.121" /><!-- duration: 31ms -->
    <step title="Starting PushDeployAsync" date="2025-08-01T10:35:41.168" /><!-- duration: 31ms -->
    <step title="Updating shutdown sentinel last write time" date="2025-08-01T10:35:41.293" SemaphoreCount="7" /><!-- duration: 16ms -->
    <step title="LockFile &apos;C:\home\site\locks\deployments.lock&apos; acquired" date="2025-08-01T10:35:41.340" /><!-- duration: 31ms -->
    <step title="Deleting outdated zip file C:\home\data\SitePackages\20250801101327.zip" date="2025-08-01T10:35:41.418" /><!-- duration: 78ms -->
    <step title="Saving request content to C:\home\data\SitePackages\20250801103541.zip" date="2025-08-01T10:35:41.527" >
      <step title="Total 5,113,979 bytes written to C:\home\data\SitePackages\20250801103541.zip" date="2025-08-01T10:35:41.699" /><!-- duration: 31ms -->
    </step><!-- duration: 516ms -->
    <step title="LockFile &apos;C:\home\site\locks\deployments.lock&apos; released" date="2025-08-01T10:35:42.090" /><!-- duration: 16ms -->
    <step title="Deleting shutdown sentinel file" date="2025-08-01T10:35:42.168" SemaphoreCount="8" /><!-- duration: 31ms -->
    <step title="Starting FetchDeploy" date="2025-08-01T10:35:42.215" /><!-- duration: 31ms -->
    <step title="Attempting to fetch target branch HEAD" date="2025-08-01T10:35:42.277" /><!-- duration: 31ms -->
    <step title="Updating shutdown sentinel last write time" date="2025-08-01T10:35:42.340" SemaphoreCount="7" /><!-- duration: 31ms -->
    <step title="LockFile &apos;C:\home\site\locks\deployments.lock&apos; acquired" date="2025-08-01T10:35:42.402" /><!-- duration: 16ms -->
    <step title="Performing fetch based deployment" date="2025-08-01T10:35:42.449" >
      <step title="Creating temporary deployment" date="2025-08-01T10:35:42.480" /><!-- duration: 173ms -->
      <step title="Fetching changes." date="2025-08-01T10:35:42.966" /><!-- duration: 31ms -->
      <step title="Starting LocalZipHandler" date="2025-08-01T10:35:43.044" /><!-- duration: 31ms -->
      <step title="Starting ExtractTriggers" date="2025-08-01T10:35:43.138" /><!-- duration: 31ms -->
      <step title="None repository commit" date="2025-08-01T10:35:43.471" >
        <step title="Commit id: 70cc170fb07c445da2637ab268c73945" date="2025-08-01T10:35:43.488" Message="Created via a push deployment" AuthorName="N/A" AuthorEmail="N/A" /><!-- duration: 31ms -->
      </step><!-- duration: 80ms -->
      <step title="Before sending BuildRequestReceived status to /api/updatedeploystatus" date="2025-08-01T10:35:43.581" /><!-- duration: 31ms -->
      <step title="DeploymentManager.Deploy(id:70cc170fb07c445da2637ab268c73945)" date="2025-08-01T10:35:43.628" >
        <step title="Collecting changeset information" date="2025-08-01T10:35:43.691" /><!-- duration: 187ms -->
        <step title="Updating submodules" date="2025-08-01T10:35:43.909" >
          <step title="Updating submodules." date="2025-08-01T10:35:44.191" /><!-- duration: 47ms -->
        </step><!-- duration: 375ms -->
        <step title="Preparing deployment for commit id &apos;70cc170fb0&apos;." date="2025-08-01T10:35:44.519" /><!-- duration: 31ms -->
        <step title="Determining deployment builder" date="2025-08-01T10:35:44.835" >
          <step title="Builder is RunFromZipSiteBuilder" date="2025-08-01T10:35:44.866" /><!-- duration: 16ms -->
        </step><!-- duration: 79ms -->
        <step title="Copying SSH keys" date="2025-08-01T10:35:45.008" /><!-- duration: 47ms -->
        <step title="Building" date="2025-08-01T10:35:45.102" >
          <step title="Skipping build. Project type: Run-From-Zip" date="2025-08-01T10:35:45.367" /><!-- duration: 31ms -->
          <step title="Skipping post build. Project type: Run-From-Zip" date="2025-08-01T10:35:45.664" /><!-- duration: 16ms -->
          <step title="Triggering recycle (preview mode disabled)." date="2025-08-01T10:35:45.961" /><!-- duration: 31ms -->
          <step title="Ignoring FS watcher based recycle request as this is a classic Windows app." date="2025-08-01T10:35:46.042" /><!-- duration: 44ms -->
          <step title="Deployment successful. DEPLOYMENTINFO: deploymentPath = Functions App ZipDeploy. Run from package., deployer = ZipDeploy, os = windows, sku = Dynamic, language = node, siteName = aitm-func-1753463791, slotName = Production, siteHostName = aitm-func-1753463791.azurewebsites.net, deploymentStatus = Success" date="2025-08-01T10:35:46.320" /><!-- duration: 31ms -->
          <step title="Purge deployment items" date="2025-08-01T10:35:47.258" >
            <step title="Remove 9e0084f9a, Success, received at 8/1/2025 9:14:43 AM" date="2025-08-01T10:35:47.602" /><!-- duration: 31ms -->
          </step><!-- duration: 406ms -->
        </step><!-- duration: 2702ms -->
      </step><!-- duration: 4192ms -->
      <step title="Cleaning up temp files" date="2025-08-01T10:35:47.852" /><!-- duration: 16ms -->
      <step title="Updating C:\home\data\SitePackages\packagename.txt with deployment 20250801103541.zip" date="2025-08-01T10:35:47.899" /><!-- duration: 78ms -->
      <step title="Begin HttpPost https://aitm-func-1753463791.scm.azurewebsites.net/operations/settriggers, x-ms-request-id: b00caec0-2384-433c-9443-be19d6903f44" date="2025-08-01T10:35:48.008" /><!-- duration: 31ms -->
      <step title="End HttpPost, status: OK" date="2025-08-01T10:35:48.227" /><!-- duration: 31ms -->
      <step title="Scheduling background sync triggers after delay" date="2025-08-01T10:35:48.289" /><!-- duration: 16ms -->
    </step><!-- duration: 6106ms -->
    <step title="LockFile &apos;C:\home\site\locks\deployments.lock&apos; released" date="2025-08-01T10:35:48.602" /><!-- duration: 16ms -->
  </step><!-- duration: 7606ms -->
  <step title="Outgoing response" date="2025-08-01T10:35:48.711" type="response" statusCode="200" statusText="OK" Server="Microsoft-IIS/10.0" x-ms-request-id="b00caec0-2384-433c-9443-be19d6903f44" Cache-Control="private" X-AspNet-Version="4.0.30319" /><!-- duration: 16ms -->
</step><!-- duration: 7777ms -->
