﻿<?xml version="1.0" encoding="utf-8"?>
<deployment>
  <id>b79c4c1fb3c149aab2f5d5297d99fbd6</id>
  <author>N/A</author>
  <deployer>ZipDeploy</deployer>
  <authorEmail>N/A</authorEmail>
  <message>Created via a push deployment</message>
  <progress></progress>
  <status>Success</status>
  <statusText></statusText>
  <lastSuccessEndTime>2025-08-01T09:57:03.0963057Z</lastSuccessEndTime>
  <receivedTime>2025-08-01T09:57:00.104807Z</receivedTime>
  <startTime>2025-08-01T09:57:01.1222911Z</startTime>
  <endTime>2025-08-01T09:57:03.0963057Z</endTime>
  <complete>True</complete>
  <is_temp>False</is_temp>
  <is_readonly>True</is_readonly>
  <project_type>Run-From-Zip</project_type>
  <vsproject_id></vsproject_id>
</deployment>