﻿<?xml version="1.0" encoding="utf-8"?>
<deployment>
  <id>bcd9a51f49584510affcd9555e09b818</id>
  <author>N/A</author>
  <deployer>ZipDeploy</deployer>
  <authorEmail>N/A</authorEmail>
  <message>Created via a push deployment</message>
  <progress></progress>
  <status>Success</status>
  <statusText></statusText>
  <lastSuccessEndTime>2025-08-01T10:37:23.1697718Z</lastSuccessEndTime>
  <receivedTime>2025-08-01T10:37:20.2640368Z</receivedTime>
  <startTime>2025-08-01T10:37:21.1390385Z</startTime>
  <endTime>2025-08-01T10:37:23.1697718Z</endTime>
  <complete>True</complete>
  <is_temp>False</is_temp>
  <is_readonly>True</is_readonly>
  <project_type>Run-From-Zip</project_type>
  <vsproject_id></vsproject_id>
</deployment>