<step title="Incoming Request" date="2025-08-01T09:33:10.946" instance="05e116" url="/api/zipdeploy" method="POST" type="request" pid="6876,2,9" Content-Length="4201440" Content-Type="application/zip" Authorization="Bea..." Host="aitm-func-1753463791.scm.azurewebsites.net" If-Match="*" User-Agent="functions-core-tools/4.1.0" X-ARR-LOG-ID="f3b7feb3-b48f-450f-970c-1ec4dd6cb870" CLIENT-IP="184.72.222.69:19079" X-SITE-DEPLOYMENT-ID="aitm-func-1753463791" WAS-DEFAULT-HOSTNAME="aitm-func-1753463791.scm.azurewebsites.net" X-Forwarded-Proto="https" X-AppService-Proto="https" X-Forwarded-TlsVersion="1.3" X-WAWS-Unencoded-URL="/api/zipdeploy" >
  <step title="ZipPushDeploy" date="2025-08-01T09:33:11.008" >
    <step title="Functions App ZipDeploy. Run from package." date="2025-08-01T09:33:11.071" /><!-- duration: 31ms -->
    <step title="Starting PushDeployAsync" date="2025-08-01T09:33:11.118" /><!-- duration: 31ms -->
    <step title="Updating shutdown sentinel last write time" date="2025-08-01T09:33:11.196" SemaphoreCount="7" /><!-- duration: 31ms -->
    <step title="LockFile &apos;C:\home\site\locks\deployments.lock&apos; acquired" date="2025-08-01T09:33:11.243" /><!-- duration: 31ms -->
    <step title="Deleting outdated zip file C:\home\data\SitePackages\20250801090449.zip" date="2025-08-01T09:33:11.321" /><!-- duration: 31ms -->
    <step title="Saving request content to C:\home\data\SitePackages\20250801093311.zip" date="2025-08-01T09:33:11.415" >
      <step title="Total 4,201,440 bytes written to C:\home\data\SitePackages\20250801093311.zip" date="2025-08-01T09:33:11.540" /><!-- duration: 16ms -->
    </step><!-- duration: 458ms -->
    <step title="LockFile &apos;C:\home\site\locks\deployments.lock&apos; released" date="2025-08-01T09:33:11.904" /><!-- duration: 31ms -->
    <step title="Deleting shutdown sentinel file" date="2025-08-01T09:33:11.982" SemaphoreCount="8" /><!-- duration: 16ms -->
    <step title="Starting FetchDeploy" date="2025-08-01T09:33:12.029" /><!-- duration: 31ms -->
    <step title="Attempting to fetch target branch HEAD" date="2025-08-01T09:33:12.091" /><!-- duration: 16ms -->
    <step title="Updating shutdown sentinel last write time" date="2025-08-01T09:33:12.154" SemaphoreCount="7" /><!-- duration: 31ms -->
    <step title="LockFile &apos;C:\home\site\locks\deployments.lock&apos; acquired" date="2025-08-01T09:33:12.201" /><!-- duration: 31ms -->
    <step title="Performing fetch based deployment" date="2025-08-01T09:33:12.248" >
      <step title="Creating temporary deployment" date="2025-08-01T09:33:12.279" /><!-- duration: 156ms -->
      <step title="Fetching changes." date="2025-08-01T09:33:12.685" /><!-- duration: 16ms -->
      <step title="Starting LocalZipHandler" date="2025-08-01T09:33:12.748" /><!-- duration: 31ms -->
      <step title="Starting ExtractTriggers" date="2025-08-01T09:33:12.810" /><!-- duration: 16ms -->
      <step title="None repository commit" date="2025-08-01T09:33:12.919" >
        <step title="Commit id: 3d16c17d419f4119b9d2655d42af489f" date="2025-08-01T09:33:12.951" Message="Created via a push deployment" AuthorName="N/A" AuthorEmail="N/A" /><!-- duration: 31ms -->
      </step><!-- duration: 109ms -->
      <step title="Before sending BuildRequestReceived status to /api/updatedeploystatus" date="2025-08-01T09:33:13.044" /><!-- duration: 33ms -->
      <step title="DeploymentManager.Deploy(id:3d16c17d419f4119b9d2655d42af489f)" date="2025-08-01T09:33:13.107" >
        <step title="Collecting changeset information" date="2025-08-01T09:33:13.154" /><!-- duration: 220ms -->
        <step title="Updating submodules" date="2025-08-01T09:33:13.392" >
          <step title="Updating submodules." date="2025-08-01T09:33:13.626" /><!-- duration: 16ms -->
        </step><!-- duration: 297ms -->
        <step title="Preparing deployment for commit id &apos;3d16c17d41&apos;." date="2025-08-01T09:33:13.907" /><!-- duration: 16ms -->
        <step title="Determining deployment builder" date="2025-08-01T09:33:14.157" >
          <step title="Builder is RunFromZipSiteBuilder" date="2025-08-01T09:33:14.173" /><!-- duration: 31ms -->
        </step><!-- duration: 78ms -->
        <step title="Copying SSH keys" date="2025-08-01T09:33:14.329" /><!-- duration: 31ms -->
        <step title="Building" date="2025-08-01T09:33:14.392" >
          <step title="Skipping build. Project type: Run-From-Zip" date="2025-08-01T09:33:14.610" /><!-- duration: 31ms -->
          <step title="Skipping post build. Project type: Run-From-Zip" date="2025-08-01T09:33:14.892" /><!-- duration: 16ms -->
          <step title="Triggering recycle (preview mode disabled)." date="2025-08-01T09:33:15.173" /><!-- duration: 16ms -->
          <step title="Ignoring FS watcher based recycle request as this is a classic Windows app." date="2025-08-01T09:33:15.251" /><!-- duration: 16ms -->
          <step title="Deployment successful. DEPLOYMENTINFO: deploymentPath = Functions App ZipDeploy. Run from package., deployer = ZipDeploy, os = windows, sku = Dynamic, language = node, siteName = aitm-func-1753463791, slotName = Production, siteHostName = aitm-func-1753463791.azurewebsites.net, deploymentStatus = Success" date="2025-08-01T09:33:15.518" /><!-- duration: 31ms -->
          <step title="Purge deployment items" date="2025-08-01T09:33:16.283" >
            <step title="Remove 600cb5d1f, Success, received at 8/1/2025 8:20:38 AM" date="2025-08-01T09:33:16.597" /><!-- duration: 31ms -->
          </step><!-- duration: 360ms -->
        </step><!-- duration: 2377ms -->
      </step><!-- duration: 3677ms -->
      <step title="Cleaning up temp files" date="2025-08-01T09:33:16.815" /><!-- duration: 16ms -->
      <step title="Updating C:\home\data\SitePackages\packagename.txt with deployment 20250801093311.zip" date="2025-08-01T09:33:16.862" /><!-- duration: 63ms -->
      <step title="Begin HttpPost https://aitm-func-1753463791.scm.azurewebsites.net/operations/settriggers, x-ms-request-id: f3b7feb3-b48f-450f-970c-1ec4dd6cb870" date="2025-08-01T09:33:16.989" /><!-- duration: 14ms -->
      <step title="End HttpPost, status: OK" date="2025-08-01T09:33:17.190" /><!-- duration: 16ms -->
      <step title="Scheduling background sync triggers after delay" date="2025-08-01T09:33:17.237" /><!-- duration: 16ms -->
    </step><!-- duration: 5287ms -->
    <step title="LockFile &apos;C:\home\site\locks\deployments.lock&apos; released" date="2025-08-01T09:33:17.581" /><!-- duration: 31ms -->
  </step><!-- duration: 6666ms -->
  <step title="Outgoing response" date="2025-08-01T09:33:17.690" type="response" statusCode="200" statusText="OK" Server="Microsoft-IIS/10.0" x-ms-request-id="f3b7feb3-b48f-450f-970c-1ec4dd6cb870" Cache-Control="private" X-AspNet-Version="4.0.30319" /><!-- duration: 31ms -->
</step><!-- duration: 6807ms -->
