<step title="Incoming Request" date="2025-08-01T06:59:16.638" instance="f17a04" url="/api/publish?type=zip" method="POST" type="request" pid="7136,2,7" Cache-Control="no-cache" Connection="Keep-Alive" Content-Length="1288283" Content-Type="application/octet-stream" Accept="*/*" Accept-Encoding="gzip, deflate" Authorization="Bas..." Host="aitm-func-1753463791.scm.azurewebsites.net" User-Agent="AZURECLI/2.75.0 (DEB)" x-ms-client-request-id="05dc723c-6ea5-11f0-b43a-822b383dbcd0" X-ARR-LOG-ID="05dc723c-6ea5-11f0-b43a-822b383dbcd0" CLIENT-IP="18.215.86.88:46549" X-SITE-DEPLOYMENT-ID="aitm-func-1753463791" WAS-DEFAULT-HOSTNAME="aitm-func-1753463791.scm.azurewebsites.net" X-Forwarded-Proto="https" X-AppService-Proto="https" X-Forwarded-TlsVersion="1.3" X-WAWS-Unencoded-URL="/api/publish?type=zip" X-MS-COLDSTART="1" >
  <step title="OneDeploy" date="2025-08-01T06:59:17.060" >
    <step title="Starting PushDeployAsync" date="2025-08-01T06:59:17.123" /><!-- duration: 16ms -->
    <step title="Updating shutdown sentinel last write time" date="2025-08-01T06:59:17.279" SemaphoreCount="7" /><!-- duration: 16ms -->
    <step title="LockFile &apos;C:\home\site\locks\deployments.lock&apos; acquired" date="2025-08-01T06:59:17.310" /><!-- duration: 31ms -->
    <step title="Deleting outdated zip file C:\home\data\SitePackages\20250801063616.zip" date="2025-08-01T06:59:17.373" /><!-- duration: 47ms -->
    <step title="Saving request content to C:\home\data\SitePackages\20250801065917.zip" date="2025-08-01T06:59:17.435" >
      <step title="Total 1,288,283 bytes written to C:\home\data\SitePackages\20250801065917.zip" date="2025-08-01T06:59:17.529" /><!-- duration: 16ms -->
    </step><!-- duration: 219ms -->
    <step title="LockFile &apos;C:\home\site\locks\deployments.lock&apos; released" date="2025-08-01T06:59:17.685" /><!-- duration: 16ms -->
    <step title="Deleting shutdown sentinel file" date="2025-08-01T06:59:17.763" SemaphoreCount="8" /><!-- duration: 31ms -->
    <step title="Starting FetchDeploy" date="2025-08-01T06:59:17.826" /><!-- duration: 16ms -->
    <step title="Attempting to fetch target branch HEAD" date="2025-08-01T06:59:17.857" /><!-- duration: 31ms -->
    <step title="Updating shutdown sentinel last write time" date="2025-08-01T06:59:17.967" SemaphoreCount="7" /><!-- duration: 16ms -->
    <step title="LockFile &apos;C:\home\site\locks\deployments.lock&apos; acquired" date="2025-08-01T06:59:17.998" /><!-- duration: 31ms -->
    <step title="Performing fetch based deployment" date="2025-08-01T06:59:18.045" >
      <step title="Creating temporary deployment" date="2025-08-01T06:59:18.076" /><!-- duration: 156ms -->
      <step title="Fetching changes." date="2025-08-01T06:59:18.435" /><!-- duration: 31ms -->
      <step title="Starting LocalZipHandler" date="2025-08-01T06:59:18.529" /><!-- duration: 31ms -->
      <step title="Starting ExtractTriggers" date="2025-08-01T06:59:18.592" /><!-- duration: 16ms -->
      <step title="None repository commit" date="2025-08-01T06:59:18.685" >
        <step title="Commit id: e5d6729f025b4257a601bf52a05d1570" date="2025-08-01T06:59:18.717" Message="OneDeploy" AuthorName="N/A" AuthorEmail="N/A" /><!-- duration: 16ms -->
      </step><!-- duration: 78ms -->
      <step title="Before sending BuildRequestReceived status to /api/updatedeploystatus" date="2025-08-01T06:59:18.779" /><!-- duration: 16ms -->
      <step title="DeploymentManager.Deploy(id:e5d6729f025b4257a601bf52a05d1570)" date="2025-08-01T06:59:18.826" >
        <step title="Collecting changeset information" date="2025-08-01T06:59:18.873" /><!-- duration: 172ms -->
        <step title="Updating submodules" date="2025-08-01T06:59:19.060" >
          <step title="Updating submodules." date="2025-08-01T06:59:19.263" /><!-- duration: 31ms -->
        </step><!-- duration: 266ms -->
        <step title="Preparing deployment for commit id &apos;e5d6729f02&apos;." date="2025-08-01T06:59:19.529" /><!-- duration: 16ms -->
        <step title="Determining deployment builder" date="2025-08-01T06:59:19.779" >
          <step title="Builder is RunFromZipSiteBuilder" date="2025-08-01T06:59:19.810" /><!-- duration: 16ms -->
        </step><!-- duration: 78ms -->
        <step title="Copying SSH keys" date="2025-08-01T06:59:19.951" /><!-- duration: 31ms -->
        <step title="Building" date="2025-08-01T06:59:20.013" >
          <step title="Skipping build. Project type: Run-From-Zip" date="2025-08-01T06:59:20.232" /><!-- duration: 31ms -->
          <step title="Skipping post build. Project type: Run-From-Zip" date="2025-08-01T06:59:20.482" /><!-- duration: 16ms -->
          <step title="Requesting site restart" date="2025-08-01T06:59:20.717" /><!-- duration: 16ms -->
          <step title="Requesting site restart" date="2025-08-01T06:59:20.779" /><!-- duration: 16ms -->
          <step title="Requesting site restart. Attempt #1" date="2025-08-01T06:59:21.013" /><!-- duration: 16ms -->
          <step title="Requesting site restart. Attempt #1" date="2025-08-01T06:59:21.092" /><!-- duration: 16ms -->
          <step title="Successfully requested a restart. Attempt #1" date="2025-08-01T06:59:21.529" /><!-- duration: 31ms -->
          <step title="Successfully requested a restart. Attempt #1" date="2025-08-01T06:59:21.607" /><!-- duration: 31ms -->
          <step title="Deployment successful. DEPLOYMENTINFO: deploymentPath = OneDeploy, deployer = OneDeploy, os = windows, sku = Dynamic, language = node, siteName = aitm-func-1753463791, slotName = Production, siteHostName = aitm-func-1753463791.azurewebsites.net, deploymentStatus = Success" date="2025-08-01T06:59:21.826" /><!-- duration: 16ms -->
        </step><!-- duration: 2813ms -->
      </step><!-- duration: 4016ms -->
      <step title="Cleaning up temp files" date="2025-08-01T06:59:22.888" /><!-- duration: 31ms -->
      <step title="Updating C:\home\data\SitePackages\packagename.txt with deployment 20250801065917.zip" date="2025-08-01T06:59:22.951" /><!-- duration: 94ms -->
      <step title="Begin HttpPost https://aitm-func-1753463791.scm.azurewebsites.net/operations/settriggers, x-ms-request-id: 05dc723c-6ea5-11f0-b43a-822b383dbcd0" date="2025-08-01T06:59:23.092" /><!-- duration: 31ms -->
      <step title="End HttpPost, status: OK" date="2025-08-01T06:59:23.232" /><!-- duration: 16ms -->
      <step title="Scheduling background sync triggers after delay" date="2025-08-01T06:59:23.264" /><!-- duration: 31ms -->
    </step><!-- duration: 5500ms -->
    <step title="LockFile &apos;C:\home\site\locks\deployments.lock&apos; released" date="2025-08-01T06:59:23.576" /><!-- duration: 47ms -->
  </step><!-- duration: 6609ms -->
  <step title="Outgoing response" date="2025-08-01T06:59:23.717" type="response" statusCode="200" statusText="OK" Server="Microsoft-IIS/10.0" x-ms-request-id="05dc723c-6ea5-11f0-b43a-822b383dbcd0" Cache-Control="private" X-AspNet-Version="4.0.30319" /><!-- duration: 16ms -->
</step><!-- duration: 7125ms -->
