<step title="Incoming Request" date="2025-08-01T07:50:40.780" instance="69a541" url="/api/publish?type=zip" method="POST" type="request" pid="1036,2,12" Cache-Control="no-cache" Content-Length="1294117" Content-Type="application/octet-stream" Accept="*/*" Accept-Encoding="gzip, deflate" Authorization="Bas..." Host="aitm-func-1753463791.scm.azurewebsites.net" User-Agent="AZURECLI/2.75.0 (DEB)" x-ms-client-request-id="3641a4b8-6eac-11f0-b6ab-822b383dbcd0" X-ARR-LOG-ID="3641a4b8-6eac-11f0-b6ab-822b383dbcd0" CLIENT-IP="3.219.18.69:15709" X-SITE-DEPLOYMENT-ID="aitm-func-1753463791" WAS-DEFAULT-HOSTNAME="aitm-func-1753463791.scm.azurewebsites.net" X-Forwarded-Proto="https" X-AppService-Proto="https" X-Forwarded-TlsVersion="1.3" X-WAWS-Unencoded-URL="/api/publish?type=zip" >
  <step title="Cleanup Xml Logs" date="2025-08-01T07:50:40.811" /><!-- duration: 31ms -->
  <step title="OneDeploy" date="2025-08-01T07:50:40.952" >
    <step title="Starting PushDeployAsync" date="2025-08-01T07:50:40.999" /><!-- duration: 31ms -->
    <step title="Updating shutdown sentinel last write time" date="2025-08-01T07:50:41.139" SemaphoreCount="7" /><!-- duration: 31ms -->
    <step title="LockFile &apos;C:\home\site\locks\deployments.lock&apos; acquired" date="2025-08-01T07:50:41.203" /><!-- duration: 30ms -->
    <step title="Deleting outdated zip file C:\home\data\SitePackages\20250801072559.zip" date="2025-08-01T07:50:41.295" /><!-- duration: 47ms -->
    <step title="Saving request content to C:\home\data\SitePackages\20250801075040.zip" date="2025-08-01T07:50:41.374" >
      <step title="Total 1,294,117 bytes written to C:\home\data\SitePackages\20250801075040.zip" date="2025-08-01T07:50:41.499" /><!-- duration: 34ms -->
    </step><!-- duration: 284ms -->
    <step title="LockFile &apos;C:\home\site\locks\deployments.lock&apos; released" date="2025-08-01T07:50:41.782" /><!-- duration: 16ms -->
    <step title="Deleting shutdown sentinel file" date="2025-08-01T07:50:41.861" SemaphoreCount="8" /><!-- duration: 31ms -->
    <step title="Starting FetchDeploy" date="2025-08-01T07:50:41.923" /><!-- duration: 31ms -->
    <step title="Attempting to fetch target branch HEAD" date="2025-08-01T07:50:41.986" /><!-- duration: 16ms -->
    <step title="Updating shutdown sentinel last write time" date="2025-08-01T07:50:42.048" SemaphoreCount="7" /><!-- duration: 47ms -->
    <step title="LockFile &apos;C:\home\site\locks\deployments.lock&apos; acquired" date="2025-08-01T07:50:42.111" /><!-- duration: 31ms -->
    <step title="Performing fetch based deployment" date="2025-08-01T07:50:42.173" >
      <step title="Creating temporary deployment" date="2025-08-01T07:50:42.204" /><!-- duration: 187ms -->
      <step title="Fetching changes." date="2025-08-01T07:50:42.673" /><!-- duration: 16ms -->
      <step title="Starting LocalZipHandler" date="2025-08-01T07:50:42.751" /><!-- duration: 31ms -->
      <step title="Starting ExtractTriggers" date="2025-08-01T07:50:42.829" /><!-- duration: 16ms -->
      <step title="None repository commit" date="2025-08-01T07:50:42.939" >
        <step title="Commit id: 1ee1fad3ec8a4e21a1e087ec8c691f7d" date="2025-08-01T07:50:42.970" Message="OneDeploy" AuthorName="N/A" AuthorEmail="N/A" /><!-- duration: 31ms -->
      </step><!-- duration: 94ms -->
      <step title="Before sending BuildRequestReceived status to /api/updatedeploystatus" date="2025-08-01T07:50:43.064" /><!-- duration: 31ms -->
      <step title="DeploymentManager.Deploy(id:1ee1fad3ec8a4e21a1e087ec8c691f7d)" date="2025-08-01T07:50:43.126" >
        <step title="Collecting changeset information" date="2025-08-01T07:50:43.189" /><!-- duration: 266ms -->
        <step title="Updating submodules" date="2025-08-01T07:50:43.486" >
          <step title="Updating submodules." date="2025-08-01T07:50:43.736" /><!-- duration: 31ms -->
        </step><!-- duration: 328ms -->
        <step title="Preparing deployment for commit id &apos;1ee1fad3ec&apos;." date="2025-08-01T07:50:44.048" /><!-- duration: 47ms -->
        <step title="Determining deployment builder" date="2025-08-01T07:50:44.329" >
          <step title="Builder is RunFromZipSiteBuilder" date="2025-08-01T07:50:44.361" /><!-- duration: 31ms -->
        </step><!-- duration: 109ms -->
        <step title="Copying SSH keys" date="2025-08-01T07:50:44.579" /><!-- duration: 47ms -->
        <step title="Building" date="2025-08-01T07:50:44.657" >
          <step title="Skipping build. Project type: Run-From-Zip" date="2025-08-01T07:50:44.923" /><!-- duration: 16ms -->
          <step title="Skipping post build. Project type: Run-From-Zip" date="2025-08-01T07:50:45.204" /><!-- duration: 16ms -->
          <step title="Requesting site restart" date="2025-08-01T07:50:45.501" /><!-- duration: 31ms -->
          <step title="Requesting site restart" date="2025-08-01T07:50:45.579" /><!-- duration: 31ms -->
          <step title="Requesting site restart. Attempt #1" date="2025-08-01T07:50:45.876" /><!-- duration: 31ms -->
          <step title="Requesting site restart. Attempt #1" date="2025-08-01T07:50:45.970" /><!-- duration: 31ms -->
          <step title="Successfully requested a restart. Attempt #1" date="2025-08-01T07:50:46.392" /><!-- duration: 31ms -->
          <step title="Successfully requested a restart. Attempt #1" date="2025-08-01T07:50:46.501" /><!-- duration: 31ms -->
          <step title="Deployment successful. DEPLOYMENTINFO: deploymentPath = OneDeploy, deployer = OneDeploy, os = windows, sku = Dynamic, language = node, siteName = aitm-func-1753463791, slotName = Production, siteHostName = aitm-func-1753463791.azurewebsites.net, deploymentStatus = Success" date="2025-08-01T07:50:46.814" /><!-- duration: 31ms -->
          <step title="Purge deployment items" date="2025-08-01T07:50:47.736" >
            <step title="Remove 7efbc77e7, Success, received at 8/1/2025 6:10:40 AM" date="2025-08-01T07:50:48.080" /><!-- duration: 16ms -->
          </step><!-- duration: 406ms -->
        </step><!-- duration: 3610ms -->
      </step><!-- duration: 5173ms -->
      <step title="Cleaning up temp files" date="2025-08-01T07:50:48.330" /><!-- duration: 47ms -->
      <step title="Updating C:\home\data\SitePackages\packagename.txt with deployment 20250801075040.zip" date="2025-08-01T07:50:48.408" /><!-- duration: 78ms -->
      <step title="Begin HttpPost https://aitm-func-1753463791.scm.azurewebsites.net/operations/settriggers, x-ms-request-id: 3641a4b8-6eac-11f0-b6ab-822b383dbcd0" date="2025-08-01T07:50:48.518" /><!-- duration: 16ms -->
      <step title="End HttpPost, status: OK" date="2025-08-01T07:50:48.643" /><!-- duration: 31ms -->
      <step title="Scheduling background sync triggers after delay" date="2025-08-01T07:50:48.705" /><!-- duration: 31ms -->
    </step><!-- duration: 6829ms -->
    <step title="LockFile &apos;C:\home\site\locks\deployments.lock&apos; released" date="2025-08-01T07:50:49.033" /><!-- duration: 32ms -->
  </step><!-- duration: 8175ms -->
  <step title="Outgoing response" date="2025-08-01T07:50:49.158" type="response" statusCode="200" statusText="OK" Server="Microsoft-IIS/10.0" x-ms-request-id="3641a4b8-6eac-11f0-b6ab-822b383dbcd0" Cache-Control="private" X-AspNet-Version="4.0.30319" /><!-- duration: 31ms -->
</step><!-- duration: 8441ms -->
