<step title="Incoming Request" date="2025-07-31T21:50:51.178" instance="09b9c6" url="/api/zipdeploy" method="POST" type="request" pid="5308,2,8" Content-Length="3178048" Content-Type="application/zip" Authorization="Bea..." Host="aitm-func-1753463791.scm.azurewebsites.net" If-Match="*" User-Agent="functions-core-tools/4.1.0" X-ARR-LOG-ID="0d4a4e53-b0b4-4230-89d0-bcc7ec87b284" CLIENT-IP="13.219.48.175:65039" X-SITE-DEPLOYMENT-ID="aitm-func-1753463791" WAS-DEFAULT-HOSTNAME="aitm-func-1753463791.scm.azurewebsites.net" X-Forwarded-Proto="https" X-AppService-Proto="https" X-Forwarded-TlsVersion="1.3" X-WAWS-Unencoded-URL="/api/zipdeploy" >
  <step title="ZipPushDeploy" date="2025-07-31T21:50:51.257" >
    <step title="Functions App ZipDeploy. Run from package." date="2025-07-31T21:50:51.303" /><!-- duration: 16ms -->
    <step title="Starting PushDeployAsync" date="2025-07-31T21:50:51.350" /><!-- duration: 16ms -->
    <step title="Updating shutdown sentinel last write time" date="2025-07-31T21:50:51.538" SemaphoreCount="7" /><!-- duration: 31ms -->
    <step title="LockFile &apos;C:\home\site\locks\deployments.lock&apos; acquired" date="2025-07-31T21:50:51.600" /><!-- duration: 16ms -->
    <step title="Saving request content to C:\home\data\SitePackages\20250731215051.zip" date="2025-07-31T21:50:51.663" >
      <step title="Total 3,178,048 bytes written to C:\home\data\SitePackages\20250731215051.zip" date="2025-07-31T21:50:51.772" /><!-- duration: 31ms -->
    </step><!-- duration: 406ms -->
    <step title="LockFile &apos;C:\home\site\locks\deployments.lock&apos; released" date="2025-07-31T21:50:52.116" /><!-- duration: 16ms -->
    <step title="Deleting shutdown sentinel file" date="2025-07-31T21:50:52.178" SemaphoreCount="8" /><!-- duration: 31ms -->
    <step title="Starting FetchDeploy" date="2025-07-31T21:50:52.241" /><!-- duration: 16ms -->
    <step title="Attempting to fetch target branch HEAD" date="2025-07-31T21:50:52.288" /><!-- duration: 16ms -->
    <step title="Updating shutdown sentinel last write time" date="2025-07-31T21:50:52.366" SemaphoreCount="7" /><!-- duration: 47ms -->
    <step title="LockFile &apos;C:\home\site\locks\deployments.lock&apos; acquired" date="2025-07-31T21:50:52.444" /><!-- duration: 16ms -->
    <step title="Performing fetch based deployment" date="2025-07-31T21:50:52.491" >
      <step title="Creating temporary deployment" date="2025-07-31T21:50:52.507" /><!-- duration: 141ms -->
      <step title="Fetching changes." date="2025-07-31T21:50:52.897" /><!-- duration: 16ms -->
      <step title="Starting LocalZipHandler" date="2025-07-31T21:50:52.960" /><!-- duration: 31ms -->
      <step title="Starting ExtractTriggers" date="2025-07-31T21:50:53.022" /><!-- duration: 78ms -->
      <step title="None repository commit" date="2025-07-31T21:50:53.288" >
        <step title="Commit id: 0a3d5208541140bca28e25fb0cdec230" date="2025-07-31T21:50:53.303" Message="Created via a push deployment" AuthorName="N/A" AuthorEmail="N/A" /><!-- duration: 47ms -->
      </step><!-- duration: 78ms -->
      <step title="Before sending BuildRequestReceived status to /api/updatedeploystatus" date="2025-07-31T21:50:53.382" /><!-- duration: 31ms -->
      <step title="DeploymentManager.Deploy(id:0a3d5208541140bca28e25fb0cdec230)" date="2025-07-31T21:50:53.428" >
        <step title="Collecting changeset information" date="2025-07-31T21:50:53.475" /><!-- duration: 187ms -->
        <step title="Updating submodules" date="2025-07-31T21:50:53.694" >
          <step title="Updating submodules." date="2025-07-31T21:50:53.913" /><!-- duration: 16ms -->
        </step><!-- duration: 266ms -->
        <step title="Preparing deployment for commit id &apos;0a3d520854&apos;." date="2025-07-31T21:50:54.210" /><!-- duration: 16ms -->
        <step title="Determining deployment builder" date="2025-07-31T21:50:54.507" >
          <step title="Builder is RunFromZipSiteBuilder" date="2025-07-31T21:50:54.538" /><!-- duration: 47ms -->
        </step><!-- duration: 94ms -->
        <step title="Copying SSH keys" date="2025-07-31T21:50:54.663" /><!-- duration: 47ms -->
        <step title="Building" date="2025-07-31T21:50:54.725" >
          <step title="Skipping build. Project type: Run-From-Zip" date="2025-07-31T21:50:55.007" /><!-- duration: 31ms -->
          <step title="Skipping post build. Project type: Run-From-Zip" date="2025-07-31T21:50:55.272" /><!-- duration: 31ms -->
          <step title="Triggering recycle (preview mode disabled)." date="2025-07-31T21:50:55.522" /><!-- duration: 31ms -->
          <step title="Ignoring FS watcher based recycle request as this is a classic Windows app." date="2025-07-31T21:50:55.600" /><!-- duration: 16ms -->
          <step title="Deployment successful. DEPLOYMENTINFO: deploymentPath = Functions App ZipDeploy. Run from package., deployer = ZipDeploy, os = windows, sku = Dynamic, language = node, siteName = aitm-func-1753463791, slotName = Production, siteHostName = aitm-func-1753463791.azurewebsites.net, deploymentStatus = Success" date="2025-07-31T21:50:55.835" /><!-- duration: 31ms -->
        </step><!-- duration: 1656ms -->
      </step><!-- duration: 2969ms -->
      <step title="Cleaning up temp files" date="2025-07-31T21:50:56.444" /><!-- duration: 31ms -->
      <step title="Updating C:\home\data\SitePackages\packagename.txt with deployment 20250731215051.zip" date="2025-07-31T21:50:56.507" /><!-- duration: 62ms -->
      <step title="Begin HttpPost https://aitm-func-1753463791.scm.azurewebsites.net/operations/settriggers, x-ms-request-id: 0d4a4e53-b0b4-4230-89d0-bcc7ec87b284" date="2025-07-31T21:50:56.616" /><!-- duration: 31ms -->
      <step title="End HttpPost, status: OK" date="2025-07-31T21:50:56.835" /><!-- duration: 31ms -->
      <step title="Scheduling background sync triggers after delay" date="2025-07-31T21:50:56.882" /><!-- duration: 31ms -->
    </step><!-- duration: 4719ms -->
    <step title="LockFile &apos;C:\home\site\locks\deployments.lock&apos; released" date="2025-07-31T21:50:57.257" /><!-- duration: 16ms -->
  </step><!-- duration: 6063ms -->
  <step title="Outgoing response" date="2025-07-31T21:50:57.350" type="response" statusCode="200" statusText="OK" Server="Microsoft-IIS/10.0" x-ms-request-id="0d4a4e53-b0b4-4230-89d0-bcc7ec87b284" Cache-Control="private" X-AspNet-Version="4.0.30319" /><!-- duration: 16ms -->
</step><!-- duration: 6219ms -->
