<step title="Incoming Request" date="2025-08-01T07:25:58.766" instance="f68a12" url="/api/publish?type=zip" method="POST" type="request" pid="6992,2,9" Cache-Control="no-cache" Content-Length="1288571" Content-Type="application/octet-stream" Accept="*/*" Accept-Encoding="gzip, deflate" Authorization="Bas..." Host="aitm-func-1753463791.scm.azurewebsites.net" User-Agent="AZURECLI/2.75.0 (DEB)" x-ms-client-request-id="c2ae8f8c-6ea8-11f0-bfff-822b383dbcd0" X-ARR-LOG-ID="c2ae8f8c-6ea8-11f0-bfff-822b383dbcd0" CLIENT-IP="3.219.18.69:57517" X-SITE-DEPLOYMENT-ID="aitm-func-1753463791" WAS-DEFAULT-HOSTNAME="aitm-func-1753463791.scm.azurewebsites.net" X-Forwarded-Proto="https" X-AppService-Proto="https" X-Forwarded-TlsVersion="1.3" X-WAWS-Unencoded-URL="/api/publish?type=zip" >
  <step title="Cleanup Xml Logs" date="2025-08-01T07:25:58.798" /><!-- duration: 62ms -->
  <step title="OneDeploy" date="2025-08-01T07:25:58.985" >
    <step title="Starting PushDeployAsync" date="2025-08-01T07:25:59.048" /><!-- duration: 63ms -->
    <step title="Updating shutdown sentinel last write time" date="2025-08-01T07:25:59.188" SemaphoreCount="7" /><!-- duration: 47ms -->
    <step title="LockFile &apos;C:\home\site\locks\deployments.lock&apos; acquired" date="2025-08-01T07:25:59.251" /><!-- duration: 47ms -->
    <step title="Deleting outdated zip file C:\home\data\SitePackages\20250801063628.zip" date="2025-08-01T07:25:59.360" /><!-- duration: 78ms -->
    <step title="Saving request content to C:\home\data\SitePackages\20250801072559.zip" date="2025-08-01T07:25:59.470" >
      <step title="Total 1,288,571 bytes written to C:\home\data\SitePackages\20250801072559.zip" date="2025-08-01T07:25:59.594" /><!-- duration: 47ms -->
    </step><!-- duration: 328ms -->
    <step title="LockFile &apos;C:\home\site\locks\deployments.lock&apos; released" date="2025-08-01T07:25:59.860" /><!-- duration: 47ms -->
    <step title="Deleting shutdown sentinel file" date="2025-08-01T07:25:59.954" SemaphoreCount="8" /><!-- duration: 47ms -->
    <step title="Starting FetchDeploy" date="2025-08-01T07:26:00.032" /><!-- duration: 63ms -->
    <step title="Attempting to fetch target branch HEAD" date="2025-08-01T07:26:00.126" /><!-- duration: 47ms -->
    <step title="Updating shutdown sentinel last write time" date="2025-08-01T07:26:00.235" SemaphoreCount="7" /><!-- duration: 172ms -->
    <step title="LockFile &apos;C:\home\site\locks\deployments.lock&apos; acquired" date="2025-08-01T07:26:00.438" /><!-- duration: 47ms -->
    <step title="Performing fetch based deployment" date="2025-08-01T07:26:00.532" >
      <step title="Creating temporary deployment" date="2025-08-01T07:26:00.579" /><!-- duration: 219ms -->
      <step title="Fetching changes." date="2025-08-01T07:26:01.204" /><!-- duration: 63ms -->
      <step title="Starting LocalZipHandler" date="2025-08-01T07:26:01.360" /><!-- duration: 31ms -->
      <step title="Starting ExtractTriggers" date="2025-08-01T07:26:01.423" /><!-- duration: 31ms -->
      <step title="None repository commit" date="2025-08-01T07:26:01.563" >
        <step title="Commit id: 367dee349b924d65ba3b1610f951e3ae" date="2025-08-01T07:26:01.610" Message="OneDeploy" AuthorName="N/A" AuthorEmail="N/A" /><!-- duration: 31ms -->
      </step><!-- duration: 109ms -->
      <step title="Before sending BuildRequestReceived status to /api/updatedeploystatus" date="2025-08-01T07:26:01.704" /><!-- duration: 31ms -->
      <step title="DeploymentManager.Deploy(id:367dee349b924d65ba3b1610f951e3ae)" date="2025-08-01T07:26:01.766" >
        <step title="Collecting changeset information" date="2025-08-01T07:26:01.829" /><!-- duration: 250ms -->
        <step title="Updating submodules" date="2025-08-01T07:26:02.110" >
          <step title="Updating submodules." date="2025-08-01T07:26:02.486" /><!-- duration: 31ms -->
        </step><!-- duration: 548ms -->
        <step title="Preparing deployment for commit id &apos;367dee349b&apos;." date="2025-08-01T07:26:03.080" /><!-- duration: 47ms -->
        <step title="Determining deployment builder" date="2025-08-01T07:26:03.439" >
          <step title="Builder is RunFromZipSiteBuilder" date="2025-08-01T07:26:03.486" /><!-- duration: 31ms -->
        </step><!-- duration: 94ms -->
        <step title="Copying SSH keys" date="2025-08-01T07:26:03.642" /><!-- duration: 31ms -->
        <step title="Building" date="2025-08-01T07:26:03.705" >
          <step title="Skipping build. Project type: Run-From-Zip" date="2025-08-01T07:26:04.214" /><!-- duration: 16ms -->
          <step title="Skipping post build. Project type: Run-From-Zip" date="2025-08-01T07:26:04.542" /><!-- duration: 31ms -->
          <step title="Requesting site restart" date="2025-08-01T07:26:04.839" /><!-- duration: 47ms -->
          <step title="Requesting site restart" date="2025-08-01T07:26:04.948" /><!-- duration: 31ms -->
          <step title="Requesting site restart. Attempt #1" date="2025-08-01T07:26:05.245" /><!-- duration: 31ms -->
          <step title="Requesting site restart. Attempt #1" date="2025-08-01T07:26:05.323" /><!-- duration: 31ms -->
          <step title="Successfully requested a restart. Attempt #1" date="2025-08-01T07:26:05.761" /><!-- duration: 16ms -->
          <step title="Successfully requested a restart. Attempt #1" date="2025-08-01T07:26:05.839" /><!-- duration: 16ms -->
          <step title="Deployment successful. DEPLOYMENTINFO: deploymentPath = OneDeploy, deployer = OneDeploy, os = windows, sku = Dynamic, language = node, siteName = aitm-func-1753463791, slotName = Production, siteHostName = aitm-func-1753463791.azurewebsites.net, deploymentStatus = Success" date="2025-08-01T07:26:06.198" /><!-- duration: 31ms -->
        </step><!-- duration: 3634ms -->
      </step><!-- duration: 5635ms -->
      <step title="Cleaning up temp files" date="2025-08-01T07:26:07.417" /><!-- duration: 31ms -->
      <step title="Updating C:\home\data\SitePackages\packagename.txt with deployment 20250801072559.zip" date="2025-08-01T07:26:07.480" /><!-- duration: 78ms -->
      <step title="Begin HttpPost https://aitm-func-1753463791.scm.azurewebsites.net/operations/settriggers, x-ms-request-id: c2ae8f8c-6ea8-11f0-bfff-822b383dbcd0" date="2025-08-01T07:26:07.589" /><!-- duration: 16ms -->
      <step title="End HttpPost, status: OK" date="2025-08-01T07:26:07.714" /><!-- duration: 31ms -->
      <step title="Scheduling background sync triggers after delay" date="2025-08-01T07:26:07.777" /><!-- duration: 16ms -->
    </step><!-- duration: 7510ms -->
    <step title="LockFile &apos;C:\home\site\locks\deployments.lock&apos; released" date="2025-08-01T07:26:08.089" /><!-- duration: 31ms -->
  </step><!-- duration: 9182ms -->
  <step title="Outgoing response" date="2025-08-01T07:26:08.183" type="response" statusCode="200" statusText="OK" Server="Microsoft-IIS/10.0" x-ms-request-id="c2ae8f8c-6ea8-11f0-bfff-822b383dbcd0" Cache-Control="private" X-AspNet-Version="4.0.30319" /><!-- duration: 31ms -->
</step><!-- duration: 9479ms -->
