{"TimeStamp":"2025-08-01T08:09:48Z","SiteName":"aitm-func-1753463791","RequestId":"dd0d51dc-6eae-11f0-9d29-822b383dbcd0","Kind":"OneDeploy","Status":"Success","Details":"{\"Id\":\"055fc80bfcae4bafbec58bd7af8d640c\",\"Status\":4,\"StatusText\":\"\",\"AuthorEmail\":\"N/A\",\"Author\":\"N/A\",\"Message\":\"OneDeploy\",\"Progress\":\"\",\"Deployer\":\"OneDeploy\",\"ReceivedTime\":\"2025-08-01T08:09:43.8759243Z\",\"StartTime\":\"2025-08-01T08:09:44.8603119Z\",\"EndTime\":\"2025-08-01T08:09:47.6884615Z\",\"LastSuccessEndTime\":\"2025-08-01T08:09:47.6884615Z\",\"Complete\":true,\"IsTemporary\":false,\"IsReadOnly\":true,\"SiteName\":\"aitm-func-1753463791\",\"HostName\":\"aitm-func-1753463791.scm.azurewebsites.net\",\"ProjectType\":\"Run-From-Zip\",\"VsProjectId\":null}"}