﻿<?xml version="1.0" encoding="utf-8"?>
<deployment>
  <id>ab9d871ee1064dbb843fc85015c4e991</id>
  <author>N/A</author>
  <deployer>OneDeploy</deployer>
  <authorEmail>N/A</authorEmail>
  <message>OneDeploy</message>
  <progress></progress>
  <status>Success</status>
  <statusText></statusText>
  <lastSuccessEndTime>2025-08-01T06:36:22.7255731Z</lastSuccessEndTime>
  <receivedTime>2025-08-01T06:36:19.0693065Z</receivedTime>
  <startTime>2025-08-01T06:36:19.928673Z</startTime>
  <endTime>2025-08-01T06:36:22.7255731Z</endTime>
  <complete>True</complete>
  <is_temp>False</is_temp>
  <is_readonly>True</is_readonly>
  <project_type>Run-From-Zip</project_type>
  <vsproject_id></vsproject_id>
</deployment>