﻿<?xml version="1.0" encoding="utf-8"?>
<deployment>
  <id>70e80325c9a243028caeac43594ba4b5</id>
  <author>N/A</author>
  <deployer>ZipDeploy</deployer>
  <authorEmail>N/A</authorEmail>
  <message>Created via a push deployment</message>
  <progress></progress>
  <status>Success</status>
  <statusText></statusText>
  <lastSuccessEndTime>2025-08-01T10:13:32.128006Z</lastSuccessEndTime>
  <receivedTime>2025-08-01T10:13:29.7742874Z</receivedTime>
  <startTime>2025-08-01T10:13:30.5762957Z</startTime>
  <endTime>2025-08-01T10:13:32.128006Z</endTime>
  <complete>True</complete>
  <is_temp>False</is_temp>
  <is_readonly>True</is_readonly>
  <project_type>Run-From-Zip</project_type>
  <vsproject_id></vsproject_id>
</deployment>