﻿<?xml version="1.0" encoding="utf-8"?>
<deployment>
  <id>c4b33ca14ada444dba1b997a3b9837ad</id>
  <author>N/A</author>
  <deployer>ZipDeploy</deployer>
  <authorEmail>N/A</authorEmail>
  <message>Created via a push deployment</message>
  <progress></progress>
  <status>Success</status>
  <statusText></statusText>
  <lastSuccessEndTime>2025-08-01T20:37:45.2843732Z</lastSuccessEndTime>
  <receivedTime>2025-08-01T20:37:42.7843524Z</receivedTime>
  <startTime>2025-08-01T20:37:43.6281125Z</startTime>
  <endTime>2025-08-01T20:37:45.2843732Z</endTime>
  <complete>True</complete>
  <is_temp>False</is_temp>
  <is_readonly>True</is_readonly>
  <project_type>Run-From-Zip</project_type>
  <vsproject_id></vsproject_id>
</deployment>